time,open,high,low,close,volume,Dividends,Stock Splits,close_adj,open_adj,high_adj,low_adj,log_return,overnight_return,intraday_return,hl_log_range,local_volatility,target_label,target_barrier_return,barrier_touch_time
2018-08-03,20191.156457873265,20421.404645607745,19887.8205254151,20114.427563720707,211884.8544,0.0,0.0,20114.427563720707,20191.156457873265,20421.404645607745,19887.8205254151,,,-0.0036522795612483,0.0241866691664123,0.005,1.0,0.014027488513778552,2018-08-09
2018-08-06,20199.46519760544,20297.61772059317,19955.048122835,20112.365333544923,156676.33390000003,0.0,0.0,20112.365333544923,20199.46519760544,20297.61772059317,19955.048122835,0.0031764162608889,0.0065892113519324,-0.0034127950910434,0.0183725784709009,0.005,1.0,0.014131462265806638,2018-08-09
2018-08-07,20125.795605088955,20265.70187541376,19776.39660232013,20029.837178906248,215860.7515,26.6,0.02507,20029.837178906248,20125.795605088955,20265.70187541376,19776.39660232013,-0.0021551509175103,0.002503030373252,-0.0046581812907624,0.0261377037685086,0.005,1.0,0.005559781181530887,2018-08-08
2018-08-08,20003.01602617112,20352.167668448616,19834.368113076933,20141.198690722656,216246.167,0.0,0.0,20141.198690722656,20003.01602617112,20352.167668448616,19834.368113076933,0.0071864295731028,-0.0006146932820312,0.0078011228551341,0.0233838362283406,0.005,1.0,0.012679671082685307,2018-08-09
2018-08-09,20116.19004005087,20551.474964310662,19953.86093121812,20396.58246533203,273062.43360000005,0.0,0.0,20396.58246533203,20116.19004005087,20551.474964310662,19953.86093121812,0.0017032296814477,-0.0021841425805054,0.0038873722619532,0.0237817720919184,0.005,1.0,0.005128162975401418,2018-08-15
2018-08-10,20428.607549391927,20552.91031743209,20134.138592552477,20372.46546118164,229399.7825,85.05,0.0,20372.46546118164,20428.607549391927,20552.91031743209,20134.138592552477,-0.0032570588987643,0.0011448030132219,-0.0044018619119863,0.0189506151387208,0.005,1.0,0.005546254676501494,2018-08-14
2018-08-13,20341.62936867726,20576.23908519283,20138.911601728752,20405.00837900391,251073.22269999995,0.0,0.0,20405.00837900391,20341.62936867726,20576.23908519283,20138.911601728752,0.001978749393635,-0.0005826402936709,0.0025613896873059,0.0215621354508603,0.005,1.0,0.0083216758635285,2018-08-16
2018-08-14,20469.001443059544,20566.6806021406,20201.13242984316,20485.456343017584,393087.5309,0.0,0.0,20485.456343017584,20469.001443059544,20566.6806021406,20201.13242984316,0.0036731443480726,0.0026912325908661,0.0009819117572064,0.0162899155331961,0.005,1.0,0.005261264205621785,2018-08-20
2018-08-15,20542.54514976615,20685.8713095187,20323.888563609413,20501.179464355468,349646.30980000005,0.0,0.0,20501.179464355468,20542.54514976615,20685.8713095187,20323.888563609413,-0.0016895745306096,0.0023852949571315,-0.0040748694877411,0.0164343239007943,0.005,1.0,0.006848322965448794,2018-08-21
2018-08-16,20506.18190388993,20641.97685441704,20199.021761258715,20574.812244726563,313727.8987,12.703345333,0.0,20574.812244726563,20506.18190388993,20641.97685441704,20199.021761258715,0.0029727413108812,0.001456740334097,0.0015160009767841,0.0196807925767128,0.005,1.0,0.0056881946727043164,2018-08-22
2018-08-17,20584.513380886016,20709.323895455804,20367.596877799544,20553.37470888672,258923.0791,0.0,0.0,20553.37470888672,20584.513380886016,20709.323895455804,20367.596877799544,-0.000954790100728,0.0011971110387768,-0.0021519011395048,0.0182620981912327,0.005,1.0,0.0067371453692379735,2018-08-22
2018-08-20,20475.306572807112,20692.108064670392,20334.0087531987,20593.23574121093,309518.204,0.0,0.0,20593.23574121093,20475.306572807112,20692.108064670392,20334.0087531987,0.0048130935214294,0.0012455427564193,0.0035675507650101,0.0190650741413539,0.005,1.0,0.0065711390159517435,2018-08-23
2018-08-21,20643.988878455148,20735.37340314272,20422.771076735095,20641.5781625,250100.45360000004,0.0,0.0,20641.5781625,20643.988878455148,20735.37340314272,20422.771076735095,0.0026869108808674,0.0021522042087458,0.0005347066721215,0.0138053658085434,0.005,1.0,0.006588973240400087,2018-08-24
2018-08-22,20655.21600084176,20786.739868313813,20518.47277050888,20691.84578212891,321123.0075,0.0,0.0,20691.84578212891,20655.21600084176,20786.739868313813,20518.47277050888,0.0021402814567745,-2.931274590033269e-05,0.0021695942026748,0.0122491310439417,0.005,1.0,0.009949221318459323,2018-08-27
2018-08-23,20612.98097976789,20808.43424013861,20502.107727353046,20728.55675605469,371837.6401,0.0,0.0,20728.55675605469,20612.98097976789,20808.43424013861,20502.107727353046,0.0024391081126996,-0.0032695160979111,0.0057086242106107,0.0168392053790493,0.005,1.0,0.00816056714602853,2018-08-27
2018-08-24,20674.36158339039,20868.39015046579,20538.649608467585,20777.58496865234,253764.8167,0.0,0.0,20777.58496865234,20674.36158339039,20868.39015046579,20538.649608467585,0.0036676883191345,-0.0019595536851646,0.0056272420042991,0.0169189887094463,0.005,1.0,0.005781642420504607,2018-08-27
2018-08-27,20766.372361300357,21116.884639524294,20572.226449141734,20897.713535302737,286685.2681,0.0,0.0,20897.713535302737,20766.372361300357,21116.884639524294,20572.226449141734,0.001083603386867,-0.0038418630949231,0.0049254664817902,0.0212485647482272,0.005,1.0,0.0113420345281392,2018-08-29
2018-08-28,20926.556745971742,21126.73251123771,20758.9005613998,20997.14438745117,289007.5831,0.0,0.0,20997.14438745117,20926.556745971742,21126.73251123771,20758.9005613998,0.0013928789866755,0.0022650859764395,-0.0008722069897639,0.0169779344557663,0.005,1.0,0.006552878514773708,2018-08-29
2018-08-29,21007.492751081118,21219.37010683814,20838.11563651428,21134.7361237793,205753.2322,0.0,0.0,21134.7361237793,21007.492751081118,21219.37010683814,20838.11563651428,0.0054824138284705,0.001720441742131,0.0037619720863395,0.0164692790674361,0.005,0.0,-0.00339261351253628,2018-09-05
2018-08-30,21005.93093118036,21309.567292573774,20865.82510073002,21187.05645693359,216262.1676,161.28479417,0.03978,21187.05645693359,21005.93093118036,21309.567292573774,20865.82510073002,0.0024547940760849,-0.0044878830370431,0.0069426771131281,0.0205783791968032,0.005,0.0,-0.005853683581001912,2018-09-05
2018-08-31,21198.8190324436,21346.16545379064,20963.46512059164,21203.566490478515,312831.503,0.0,0.0,21203.566490478515,21198.8190324436,21346.16545379064,20963.46512059164,0.001117581702929,-0.0004651646612139,0.001582746364143,0.0201909108645295,0.005,0.0,-0.0066277698197491075,2018-09-05
2018-09-03,21203.566490478515,21203.566490478515,21203.566490478515,21203.566490478515,0.0,0.0,0.0,21203.566490478515,21203.566490478515,21203.566490478515,21203.566490478515,0.0,-1.1102230246251568e-18,2.2204460492503127e-18,2.2204460492503127e-18,0.005,0.0,-0.0066277698197491075,2018-09-05
2018-09-04,21204.770669049805,21370.222016138658,20972.50369546053,21131.604422851564,275246.0409,0.0,0.0,21131.604422851564,21204.770669049805,21370.222016138658,20972.50369546053,-0.0033652324240123,-0.0022895987367069,-0.0010756336873054,0.0192512860526893,0.005,0.0,-0.006982481077858149,2018-09-06
2018-09-05,21142.56632514597,21265.96471648996,20909.15016962757,21063.03413242188,324184.8675,17.85,0.0,21063.03413242188,21142.56632514597,21265.96471648996,20909.15016962757,-0.0007333125083128,0.0006804338154418,-0.0014137463237546,0.016930254021341,0.005,0.0,0.0020330274611630728,2018-09-12
2018-09-06,21018.16780370419,21150.011694918296,20823.660929248315,20984.05339482422,313261.33980000013,98.7,0.0,20984.05339482422,21018.16780370419,21150.011694918296,20823.660929248315,-0.0038432775933628,2.9634133906623374e-06,-0.0038462410067535,0.0154332495188096,0.005,1.0,0.0072378648129385326,2018-09-11
2018-09-07,20925.21474727617,21152.667165111,20834.263095993647,21054.225972558597,253319.3063,0.0,0.0,21054.225972558597,20925.21474727617,21152.667165111,20834.263095993647,0.0049734121755424,-0.0001151257821137,0.0050885379576561,0.0143318205574766,0.005,1.0,0.008853906409668877,2018-09-14
2018-09-10,20977.396663788808,21157.63186264431,20809.04692766604,21032.52394033203,170763.30679999996,0.0,0.0,21032.52394033203,20977.396663788808,21157.63186264431,20809.04692766604,-0.0015895066176235,-0.0051166757504727,0.0035271691328491,0.0159019450537426,0.005,1.0,0.009894874200834236,2018-09-14
2018-09-11,21090.090478170965,21246.91775688493,20886.68945107672,21135.93313652344,366611.0949,0.0,0.0,21135.93313652344,21090.090478170965,21246.91775688493,20886.68945107672,0.0090090720146531,0.0019692714511403,0.0070398005635128,0.0183199544704753,0.005,1.0,0.007363773942985041,2018-09-17
2018-09-12,21147.64647131391,21322.6101921422,20956.986426292588,21105.855859228508,304507.2752,0.0,0.0,21105.855859228508,21147.64647131391,21322.6101921422,20956.986426292588,-0.0019141891295702,0.0018638182054907,-0.003778007335061,0.0180721740347255,0.005,1.0,0.0063860125132149115,2018-09-14
2018-09-13,21057.153930022687,21266.365264452907,20896.815527649167,21076.774757617182,281499.9167,8.52,0.0,21076.774757617182,21057.153930022687,21266.365264452907,20896.815527649167,0.0004386576979272,0.0003471888463668,9.14688515603751e-05,0.0184283544181128,0.005,1.0,0.007774593746666447,2018-09-14
2018-09-14,21090.050965519997,21448.89862487083,20995.37696677598,21240.63811884765,528140.5664,0.0,0.0,21240.63811884765,21090.050965519997,21448.89862487083,20995.37696677598,0.008457856651847,0.0010709575608339,0.007386899091013,0.0205761330211506,0.005,1.0,0.006963561465702206,2018-09-18
2018-09-17,21353.834442129995,21544.598256398134,21089.787834098264,21291.573370214846,293140.0004999999,0.0,0.0,21291.573370214846,21353.834442129995,21544.598256398134,21089.787834098264,0.0029467242913862,0.0050114448445768,-0.0020647205531905,0.0225848981482652,0.005,1.0,0.005977838414850112,2018-09-20
2018-09-18,21301.10857747999,21515.994482973183,21133.18204198175,21388.548607958983,338047.17710000003,0.0,0.0,21388.548607958983,21301.10857747999,21515.994482973183,21133.18204198175,0.0042344058706004,-0.0012418253327494,0.0054762312033499,0.0192986358856407,0.005,1.0,0.005738019648164894,2018-09-24
2018-09-19,21401.80148536876,21522.097970811592,21233.844219431245,21329.66072597656,432075.8135000001,0.0,0.0,21329.66072597656,21401.80148536876,21522.097970811592,21233.844219431245,0.0002003797984364,0.0001817162753096,1.8663523126779885e-05,0.0157106814551085,0.005,1.0,0.008514706186556475,2018-09-24
2018-09-20,21352.019024853893,21574.12807123437,21208.40725383678,21418.850955419915,335176.9703,40.35,0.0,21418.850955419915,21352.019024853893,21574.12807123437,21208.40725383678,0.0046071161533806,0.0022310569688956,0.002376059184485,0.0150850659908711,0.005,1.0,0.014086569656116543,2018-09-26
2018-09-21,21359.98259357632,21570.89815288072,21173.336969803586,21382.83486293945,471867.7793,0.0,0.0,21382.83486293945,21359.98259357632,21570.89815288072,21173.336969803586,-0.0036852249273531,-0.0042371624619671,0.0005519375346139,0.0171509811324627,0.005,1.0,0.006006764678351706,2018-09-24
2018-09-24,21472.78881311356,21648.221118443784,21309.409101789228,21511.276520117182,328350.3361,0.0,0.0,21511.276520117182,21472.78881311356,21648.221118443784,21309.409101789228,0.0066879821157322,0.0031992244047561,0.003488757710976,0.0161214391603079,0.005,1.0,0.009729435212480375,2018-09-26
2018-09-25,21530.892570466956,21641.526226117632,21318.272245466826,21514.140554003905,307954.7265,0.0,0.0,21514.140554003905,21530.892570466956,21641.526226117632,21318.272245466826,0.0005506394546391,0.0010367315921177,-0.0004860921374786,0.0139480679713129,0.005,1.0,0.009595016674514234,2018-09-26
2018-09-26,21457.56107547537,21867.50460103749,21362.37105473285,21720.569091357414,433047.3654,0.0,0.0,21720.569091357414,21457.56107547537,21867.50460103749,21362.37105473285,0.0097381278492376,-0.0028441117916649,0.0125822396409026,0.0224045457745265,0.005,1.0,0.011964488305071574,2018-09-28
2018-09-27,21670.02582238518,21953.095981489885,21554.969738465217,21817.66446762695,375514.728,0.0,0.0,21817.66446762695,21670.02582238518,21953.095981489885,21554.969738465217,0.0027596443376039,-0.004139998319745,0.0068996426573489,0.0187441725135205,0.005,1.0,0.0074609323488792345,2018-09-28
2018-09-28,21822.36827326216,22116.906861469783,21626.812375533693,21980.44458623046,307512.6969,0.0,0.0,21980.44458623046,21822.36827326216,22116.906861469783,21626.812375533693,0.0066890341408876,-0.0017181946257544,0.008407228766642,0.0239898154251335,0.005,0.0,-0.0075022843937385675,2018-10-01
2018-10-01,21872.50065851863,22003.60185812025,21612.749535190127,21815.54103984375,333361.0506,0.0,0.0,21815.54103984375,21872.50065851863,22003.60185812025,21612.749535190127,-0.0061144364196166,-0.0028316191319057,-0.0032828172877109,0.0194918508609884,0.005,1.0,0.008583585865899579,2018-10-02
2018-10-02,21818.597684354027,22118.709248040253,21632.625394261824,22002.796609570305,371936.2305,0.0,0.0,22002.796609570305,21818.597684354027,22118.709248040253,21632.625394261824,0.0058932697373859,0.0015933517181478,0.0042999180192381,0.0194160073405181,0.005,1.0,0.0054484467142887905,2018-10-03
2018-10-03,22040.635634592218,22286.049361429214,21911.64209649888,22122.677674462884,233350.3142,28.6,0.0,22122.677674462884,22040.635634592218,22286.049361429214,21911.64209649888,0.0056890544227269,0.0036012546114299,0.002087799811297,0.0176135124828998,0.005,0.0,-0.014114329689349447,2018-10-10
2018-10-04,22090.01902660438,22281.953358401977,21982.03395160007,22156.29025849609,288404.2504,0.0,0.0,22156.29025849609,22090.01902660438,22281.953358401977,21982.03395160007,0.0018163867349036,-0.0034522915461989,0.0052686782811026,0.0152483119770125,0.005,0.0,-0.015609984627691142,2018-10-10
2018-10-05,22059.52158010452,22410.823082906634,21854.699950539656,22155.58488222656,382995.8678,0.0,0.0,22155.58488222656,22059.52158010452,22410.823082906634,21854.699950539656,0.0015940800513616,-0.0032223011757085,0.0048163812270702,0.026968069781722,0.005,0.0,-0.01557864420673205,2018-10-10
2018-10-08,22077.294065215254,22290.27578223309,21880.26836647508,22114.02796669922,275016.7125,0.0,0.0,22114.02796669922,22077.294065215254,22290.27578223309,21880.26836647508,-0.0024266699346479,-0.002818409387174,0.000391739452526,0.0187246549376738,0.005,0.0,-0.013728709170581443,2018-10-10
2018-10-09,22037.38384250564,22205.456117036825,21773.740844449287,22067.56955195313,256312.0837,57.019230085,0.061672,22067.56955195313,22037.38384250564,22205.456117036825,21773.740844449287,-0.000428416093894,-0.0014414477985867,0.0010130317046927,0.0183608310025239,0.005,0.0,-0.011652331861623955,2018-10-10
2018-10-10,21981.21811567196,22179.72158091961,21564.229979059077,21810.430908154303,368521.448,0.0,0.0,21810.430908154303,21981.21811567196,22179.72158091961,21564.229979059077,-0.0145481978046729,-0.0036782563715652,-0.0108699414331076,0.0278411750698522,0.005,0.0,-0.025500906934896705,2018-10-11
2018-10-11,21534.40640008259,21654.631959164213,20966.71123643459,21254.245139355466,913556.269,0.0,0.0,21254.245139355466,21534.40640008259,21654.631959164213,20966.71123643459,-0.0280557892024203,-0.0139361409304681,-0.0141196482719522,0.029848883767376,0.006318316933825415,1.0,0.011774983372242476,2018-10-12
2018-10-12,21051.169912165053,21557.35088605153,20880.510257690807,21504.51352246094,387789.3472,0.0,0.0,21504.51352246094,21051.169912165053,21557.35088605153,20880.510257690807,0.0138531094762605,-0.0083836830983572,0.0222367925746178,0.0321373892752935,0.01048265568399,0.0,0.00046725632779565096,2018-10-19
2018-10-15,21480.05869022839,21660.323567471627,21236.11733055086,21462.981625390625,298093.4427,0.0,0.0,21462.981625390625,21480.05869022839,21660.323567471627,21236.11733055086,-0.0046767225562009,-0.0001407337525822,-0.0045359888036186,0.0179056964123993,0.011106710716422151,0.0,-0.003809112664943326,2018-10-22
2018-10-16,21452.70105968839,21698.585303847824,21309.9459414746,21515.36992011719,192473.5641,51.00000000000001,0.0,21515.36992011719,21452.70105968839,21698.585303847824,21309.9459414746,0.0011179240931299,0.0014422394471283,-0.0003243153539984,0.0183732723818809,0.010625255616687415,0.0,-0.012494554516164214,2018-10-23
2018-10-17,21633.523308934346,21799.373902064195,21459.52047914933,21690.372992773435,236116.8717,0.0,0.0,21690.372992773435,21633.523308934346,21799.373902064195,21459.52047914933,0.0086099964317826,0.0071241177899481,0.0014858786418344,0.0151201554143268,0.01012718875606101,0.0,-0.01425269554481745,2018-10-22
2018-10-18,21674.61865645835,21785.40374880435,21438.77288897078,21597.73615234375,265287.8841,0.0,0.0,21597.73615234375,21674.61865645835,21785.40374880435,21438.77288897078,-0.002834575544771,-0.0005890908923739,-0.0022454846523971,0.0178079890788844,0.010054188045566464,0.0,-0.01626055583565378,2018-10-23
2018-10-19,21430.766550960347,21668.17681240885,21265.9369404533,21514.56164248048,295287.0108,0.0,0.0,21514.56164248048,21430.766550960347,21668.17681240885,21265.9369404533,-0.0026512221141372,-0.007832419410021,0.0051811972958837,0.0171084598340709,0.009597961990006695,0.0,-0.012457455058551337,2018-10-23
2018-10-22,21502.149551488583,21656.402076371305,21243.793502267567,21381.226710253904,247379.9163,0.0,0.0,21381.226710253904,21502.149551488583,21656.402076371305,21243.793502267567,-0.009096233140086,-0.0023963729619583,-0.0066998601781276,0.0169658739330097,0.009154597367255712,0.0,-0.011054366127058346,2018-10-24
2018-10-23,21396.508513175704,21495.482104825674,20937.081351371275,21246.544957714847,432812.9739,0.0,0.0,21246.544957714847,21396.508513175704,21495.482104825674,20937.081351371275,-0.0094831589596632,0.0003779697815432,-0.0098611287412064,0.0250587006825857,0.009081054325959044,0.0,-0.01480274627173972,2018-10-25
2018-10-24,21221.014834290905,21414.98426548928,21028.281781007667,21144.87080195312,284275.9372,39.9,0.0,21144.87080195312,21221.014834290905,21414.98426548928,21028.281781007667,-0.0069288677237027,-0.0011387019970505,-0.0057901657266521,0.0196137948461742,0.008977638203063083,0.0,-0.01006546979604983,2018-10-25
2018-10-25,20520.139284357552,21128.72276752807,20409.59341512047,20932.037743554683,434458.3444,0.0,0.0,20932.037743554683,20520.139284357552,21128.72276752807,20409.59341512047,-0.0105329124824923,-0.0275565498279512,0.0170236373454589,0.0362607209552299,0.00865976272012347,0.0,0.004852719111910764,2018-11-01
2018-10-26,21009.553638272588,21235.123542946763,20711.895416457897,20919.67124423828,318362.9986,0.0,0.0,20919.67124423828,21009.553638272588,21235.123542946763,20711.895416457897,-0.0017148092658334,0.0055547529348411,-0.0072695622006746,0.0262532147277959,0.008577194516690458,1.0,0.013959226042299155,2018-11-02
2018-10-29,20907.835686831717,21049.276168048484,20733.51439523339,20830.61582519531,281545.00099999993,0.0,0.0,20830.61582519531,20907.835686831717,21049.276168048484,20733.51439523339,-0.0040701440138308,-0.0004920596382335,-0.0035780843755973,0.016491828422172,0.008172201055151693,1.0,0.011711248444822298,2018-10-31
2018-10-30,20817.458666587503,21047.837891239345,20344.54486211544,20873.65354453125,283929.7591,0.0,0.0,20873.65354453125,20817.458666587503,21047.837891239345,20344.54486211544,0.0015384150774197,0.0005338199412036,0.001004595136216,0.0274877080163797,0.007776818270995551,1.0,0.009625281813887554,2018-10-31
2018-10-31,20942.08179329285,21125.987308806045,20714.566665875056,21074.56834238282,230270.36649999995,0.0,0.0,21074.56834238282,20942.08179329285,21125.987308806045,20714.566665875056,0.0128323642821364,0.0050336626373863,0.0077987016447501,0.0181716341263725,0.007537372604533859,1.0,0.007879285391701796,2018-11-07
2018-11-01,21072.149992365503,21231.720209185674,20773.39715689554,21033.615043164067,253789.5379,0.0,0.0,21033.615043164067,21072.149992365503,21231.720209185674,20773.39715689554,-0.0029662042508146,-0.0015384691592015,-0.001427735091613,0.0208180424193,0.008581428821416168,1.0,0.009415426092660661,2018-11-06
2018-11-02,21137.02088993032,21333.35223888521,20848.401025609237,21211.69366386719,252584.5759,0.0,0.0,21211.69366386719,21137.02088993032,21333.35223888521,20848.401025609237,0.0131362729581457,0.0100043014570107,0.0031319715011349,0.02195962405776,0.008176799806873965,0.0,0.003489062747584537,2018-11-09
2018-11-05,21112.03898165952,21324.994630801837,20877.58170118348,21146.643261083987,190321.7936,0.0,0.0,21146.643261083987,21112.03898165952,21324.994630801837,20877.58170118348,-0.0030274586759134,-0.0026225775859567,-0.0004048810899567,0.0200218549808812,0.008937953351790071,1.0,0.009418384371708832,2018-11-08
2018-11-06,21182.67803563069,21434.86494328295,20927.26799263935,21231.65549106445,229400.4024,0.0,0.0,21231.65549106445,21182.67803563069,21434.86494328295,20927.26799263935,0.0012197515387667,0.0015686062743181,-0.0003488547355514,0.0240017942300555,0.008547131670390952,1.0,0.00918056518479382,2018-11-12
2018-11-07,21250.451807062236,21397.28371572699,20980.6843340873,21240.620880859376,233301.6983,0.0,0.0,21240.620880859376,21250.451807062236,21397.28371572699,20980.6843340873,-0.0015036058340379,0.0013583458367445,-0.0028619516707824,0.0165448206507927,0.008143398082881507,1.0,0.008754603194742083,2018-11-12
2018-11-08,21317.60691586304,21521.150733786504,21103.487150348567,21345.81047548828,249994.99029999995,0.0,0.0,21345.81047548828,21317.60691586304,21521.150733786504,21103.487150348567,0.0058705894864818,0.0059795307086699,-0.000108941222188,0.0204734634490238,0.00775514710622466,1.0,0.010557172663681058,2018-11-14
2018-11-09,21312.25987505093,21483.58441612855,21082.73786087083,21285.702594042967,242595.6543,0.0,0.0,21285.702594042967,21312.25987505093,21483.58441612855,21082.73786087083,-0.0045785908133433,0.0007465676581591,-0.0053251584715024,0.0203930444167631,0.0076097023402437415,1.0,0.009881463344333374,2018-11-13
2018-11-12,21193.73922112283,21594.060396783927,20987.01375005888,21426.574088281253,173328.6338,0.0,0.0,21426.574088281253,21193.73922112283,21594.060396783927,20987.01375005888,0.0040243899776122,-0.0028982722374756,0.0069226622150878,0.022742686069729,0.007382910475336724,1.0,0.012864604350956377,2018-11-15
2018-11-13,21257.92314393645,21740.52251583919,21091.04746528157,21496.036483984382,293540.32540000003,0.0,0.0,21496.036483984382,21257.92314393645,21740.52251583919,21091.04746528157,-0.0028774498839708,-0.0076636603789665,0.0047862104949957,0.025698015365138,0.007136977411980625,1.0,0.009591628795972529,2018-11-15
2018-11-14,21584.15589279069,21892.50007512672,21368.284758627604,21571.16188232422,247255.5238,0.0,0.0,21571.16188232422,21584.15589279069,21892.50007512672,21368.284758627604,-0.0005410063559564,0.0052039053749955,-0.0057449117309519,0.0225521670971677,0.006851220444827013,1.0,0.00826516626344631,2018-11-19
2018-11-15,21552.81601925508,21944.351092968063,21362.128366644505,21702.218486523445,222974.9834,0.0,0.0,21702.218486523445,21552.81601925508,21944.351092968063,21362.128366644505,0.0079449605161987,0.0008546416602343,0.0070903188559643,0.023275329323621,0.00651793326298108,0.0,0.0015017665336805042,2018-11-22
2018-11-16,21755.268292243378,21986.430622575597,21483.92559373152,21694.87442324219,268370.5973,0.0,0.0,21694.87442324219,21755.268292243378,21986.430622575597,21483.92559373152,-0.0033042371637781,0.0017446709495161,-0.0050489081132943,0.0262499710713522,0.0066607226545849245,0.0,0.005113647388555798,2018-11-23
2018-11-19,21738.00148190432,21976.024330245986,21502.383909388143,21749.451121777347,193928.8938,0.0,0.0361333333333333,21749.451121777347,21738.00148190432,21976.024330245986,21502.383909388143,0.0040616748068405,0.0060449005014249,-0.0019832256945844,0.020100863924627,0.0064454098651421645,0.0,-4.604718394740637e-05,2018-11-26
2018-11-20,21641.984535288564,21820.536262067588,21431.60174314568,21641.684644970708,205494.7516,0.0,0.0,21641.684644970708,21641.984535288564,21820.536262067588,21431.60174314568,-1.7233053794022475e-05,0.000510012166151,-0.000527245219945,0.0193494001980235,0.006236866124195083,1.0,0.007583962103850261,2018-11-23
2018-11-21,21602.984722302182,21866.934502127115,21348.0728617318,21730.906901562503,253815.4084,0.0,0.0,21730.906901562503,21602.984722302182,21866.934502127115,21348.0728617318,0.0054232371645633,-0.0026861470252054,0.0081093841897688,0.0261010172855705,0.005935384880159674,1.0,0.009643453815323388,2018-11-28
2018-11-22,21743.872771760376,21898.062869792197,21458.05117964851,21734.810151953126,149939.8137,0.0,0.0,21734.810151953126,21743.872771760376,21898.062869792197,21458.05117964851,-0.0004962771391824,0.0036262152227898,-0.0041224923619722,0.0191622491183224,0.005832625351132949,1.0,0.009462136786191566,2018-11-28
2018-11-23,21644.832605659063,21972.778714940625,21503.910327637917,21805.814361181645,168715.82090000002,0.0,0.0,21805.814361181645,21644.832605659063,21972.778714940625,21503.910327637917,0.0052403659458852,-0.0028695216241133,0.0081098875699986,0.0209963455287052,0.005566634875426926,1.0,0.006175120782963006,2018-11-28
2018-11-26,21764.761356980707,22169.72354965664,21521.64935015443,21748.449620800788,175048.2858,68.0,0.0,21748.449620800788,21764.761356980707,22169.72354965664,21521.64935015443,-0.005040673482228,-0.0019852887835802,-0.0030553846986477,0.0293262986573862,0.005455483436637763,1.0,0.008829055918007755,2018-11-28
2018-11-27,21666.377605984617,21977.0255763802,21491.218220237824,21790.88336289063,174749.62499999994,0.0,0.0,21790.88336289063,21666.377605984617,21977.0255763802,21491.218220237824,-0.0015256438652812,-0.0042840709861033,0.002758427120822,0.0227111303233884,0.005528707403877243,1.0,0.0068645466661954035,2018-11-28
2018-11-28,21776.549877753667,22105.82781868499,21587.07877683825,21940.46789863281,140642.07539999997,0.0,0.0,21940.46789863281,21776.549877753667,22105.82781868499,21587.07877683825,0.0010074220173095,0.00048928549243,0.0005181365248795,0.019384233663022,0.00530093179484188,1.0,0.011002161005263078,2018-12-03
2018-11-29,22056.5529358333,22291.913244447624,21849.21009632588,21977.309011572263,183175.4476,56.4,0.0,21977.309011572263,22056.5529358333,22291.913244447624,21849.21009632588,0.0026342311898516,0.0028039411802992,-0.0001697099904476,0.0186711474506928,0.0050446345522594475,1.0,0.009307392788826085,2018-12-03
2018-11-30,21919.34924019583,22148.73474333597,21731.12491925413,22001.722896191404,196290.0856,0.0,0.0,22001.722896191404,21919.34924019583,22148.73474333597,21731.12491925413,0.0009575312504893,-0.0030074258186994,0.0039649570691887,0.0174352720662038,0.005,1.0,0.008187429850057493,2018-12-03
2018-12-03,22202.11040932476,22366.040332633864,21940.58926428381,22181.860458984374,362385.3391000001,0.0,0.0,22181.860458984374,22202.11040932476,22366.040332633864,21940.58926428381,0.0096213182394003,0.0046249670577684,0.0049963511816318,0.016197465959823,0.005,0.0,0.0031299469145744663,2018-12-10
2018-12-04,22215.95141669761,22454.634865472737,22038.69201423954,22228.93407119141,271778.927,152.75,0.0,22228.93407119141,22215.95141669761,22454.634865472737,22038.69201423954,0.0051175432053496,0.0040160126883368,0.0011015305170128,0.0163859395641737,0.00513006401221138,0.0,0.0041717268610559355,2018-12-11
2018-12-05,22145.47737926752,22420.50128531111,21936.655140845483,22208.948393945317,244369.5046,0.0,0.0,22208.948393945317,22145.47737926752,22420.50128531111,21936.655140845483,0.0011612886587324,-0.0054183672354261,0.0065796558941585,0.0200129059007283,0.005,1.0,0.005075373971072494,2018-12-11
2018-12-06,22196.905371113244,22392.20610975268,21905.396374336997,22143.66536835938,240408.3128,8.52,0.0,22143.66536835938,22196.905371113244,22392.20610975268,21905.396374336997,-0.0052824013853747,-0.0026789743934437,-0.0026034269919309,0.0198785897197509,0.005,1.0,0.008038495038125149,2018-12-11
2018-12-07,22160.12037179229,22482.00958420463,21952.524207623384,22213.023510058592,267085.5807,446.55,0.0,22213.023510058592,22160.12037179229,22482.00958420463,21952.524207623384,0.0043894619242614,0.0016897988058142,0.0026996631184473,0.0215947576124152,0.005008550565790537,0.0,0.004984285035474878,2018-12-14
2018-12-10,22095.05329895805,22407.90886213008,21845.112230008388,22251.288504687494,203012.0466,18.9,0.0,22251.288504687494,22095.05329895805,22407.90886213008,21845.112230008388,-0.0001839861305656,-0.003971927076626,0.0037879409460604,0.0251763678296047,0.005,0.0,-0.007239550817597751,2018-12-17
2018-12-11,22197.88739538616,22451.208476087577,22074.056200032926,22321.66711254884,147101.2777,0.0,0.0,22321.66711254884,22197.88739538616,22451.208476087577,22074.056200032926,-0.0022649531721196,-0.003920637495933,0.0016556843238134,0.0173748234878011,0.005,0.0,-0.010369652973542087,2018-12-17
2018-12-12,22321.66706599361,22328.05840214366,22308.88439369352,22323.79751137696,16419.8176,0.0,0.0,22323.79751137696,22321.66706599361,22328.05840214366,22308.88439369352,0.0001941039442881,-4.248668542563091e-09,0.0001941081929566,0.0017586132282652,0.005,0.0,-0.0104640951189926,2018-12-17
2018-12-13,22326.50212968374,22528.64744783494,22171.095668593447,22307.63452480468,281480.9306,0.0,0.0,22307.63452480468,22326.50212968374,22528.64744783494,22171.095668593447,0.0027477473839654,0.0002477807776554,0.00249996660631,0.0170544763676532,0.005,0.0,-0.009747127323702753,2018-12-17
2018-12-14,22315.406104113124,22524.675329822,22151.892342137005,22323.73955073243,279068.7802,0.0,0.0,22323.73955073243,22315.406104113124,22524.675329822,22151.892342137005,0.0009439213720477,0.0017074926664038,-0.0007635712943561,0.0150156044777263,0.005,0.0,-0.01046152591956695,2018-12-17
2018-12-17,22128.07460309889,22306.234318416813,21872.08001688046,22090.19917080078,273581.1551,0.0,0.0,22090.19917080078,22128.07460309889,22306.234318416813,21872.08001688046,-0.0127400478115922,-0.0086373546203167,-0.0041026931912755,0.0184390988225129,0.005,0.0,-0.00712930248823751,2018-12-20
2018-12-18,21966.671029347275,22205.633884672185,21720.17142880649,22081.96883857423,312112.6992,0.0,0.0,22081.96883857423,21966.671029347275,22205.633884672185,21720.17142880649,-0.0019367555053126,-0.0067502852648835,0.0048135297595708,0.0204966749170638,0.0056118528433229545,0.0,-0.0067592423836214666,2018-12-20
2018-12-19,22121.03887658068,22270.988637575785,21603.613803289525,22040.8657209961,186275.2865,0.0,0.0,22040.8657209961,22121.03887658068,22270.988637575785,21603.613803289525,-0.0030291653907774,0.0034330441836151,-0.0064622095743926,0.0305418839324573,0.005362169803991311,0.0,-0.0090664897439785,2018-12-24
2018-12-20,21992.605474464694,22174.487978742225,21767.482851683417,21932.71145888673,161731.54179999998,0.0,0.0,21932.71145888673,21992.605474464694,22174.487978742225,21767.482851683417,-0.0014791713470329,0.0011185052653222,-0.0025976766123552,0.0203117354388299,0.005161227609132169,0.0,-0.009889111673070716,2018-12-25
2018-12-21,21798.26475812636,22040.350448520352,21612.35291347693,21969.174250097654,185999.688,53.2,0.0,21969.174250097654,21798.26475812636,22040.350448520352,21612.35291347693,0.0018446672773544,-0.0058139483699386,0.007658615647293,0.0189158570865051,0.005,0.0,-0.005832800570954699,2018-12-24
2018-12-24,21794.606652187696,22118.025575250835,21536.061099401388,21841.03243798828,131505.02620000002,5.599542986,0.0,21841.03243798828,21794.606652187696,22118.025575250835,21536.061099401388,-0.0060604059848545,-0.0019433229020096,-0.0041170830828449,0.0230500391607024,0.005,0.0,-0.00573306286537667,2018-12-25
2018-12-25,21483.86038998318,21862.80509871108,21308.305402205347,21715.81642597656,274037.09789999994,0.0,0.0,21715.81642597656,21483.86038998318,21862.80509871108,21308.305402205347,-0.0082438146342632,-0.0131636262912462,0.004919811656983,0.0238155420280186,0.005,1.0,0.008300737436941708,2018-12-27
2018-12-26,21634.27697157521,21865.976248176707,21484.43153803021,21740.040613378904,134887.96529999995,0.0,0.0,21740.040613378904,21634.27697157521,21865.976248176707,21484.43153803021,0.0001866304078452,-0.0003566871039568,0.000543317511802,0.0143667159788716,0.0050666211138609574,1.0,0.007177222239524772,2018-12-27
2018-12-27,21913.103127016777,22047.14791777978,21684.568327602494,21896.07371635742,178430.94610000003,24.21,0.0,21896.07371635742,21913.103127016777,22047.14791777978,21684.568327602494,0.0062705952967549,0.008326368890095,-0.0020557735933401,0.019918162692999,0.005,0.0,-0.008308356258757255,2019-01-02
2018-12-28,21948.114995819404,21995.44591059757,21805.759175725445,21860.260562207022,114208.2972,0.0,0.0,21860.260562207022,21948.114995819404,21995.44591059757,21805.759175725445,-0.0020184008431753,0.0019314873108207,-0.0039498881539961,0.010928370435126,0.0051791546312199965,0.0,-0.006683691008043446,2019-01-02
2018-12-31,21860.260562207022,21860.260562207022,21860.260562207022,21860.260562207022,0.0,0.0,0.0,21860.260562207022,21860.260562207022,21860.260562207022,21860.260562207022,0.0,3.1752378504279478e-18,-1.587618925213974e-18,3.1752378504279478e-18,0.005,0.0,-0.006683691008043446,2019-01-02
2019-01-01,21860.260562207022,21860.260562207022,21860.260562207022,21860.260562207022,0.0,0.0,0.0,21860.260562207022,21860.260562207022,21860.260562207022,21860.260562207022,0.0,3.1752378504279478e-18,-1.587618925213974e-18,3.1752378504279478e-18,0.005,0.0,-0.006683691008043446,2019-01-02
2019-01-02,22295.890818211035,22374.319289004678,21662.602167263485,21714.15333525391,156331.99360000002,290.52,0.0,21714.15333525391,22295.890818211035,22374.319289004678,21662.602167263485,-0.0044886131114287,0.0063222000097725,-0.0108108131212012,0.0211765376351354,0.005,0.0,-0.010757707626583346,2019-01-03
2019-01-03,21702.139018684786,21936.21805185924,21079.72507836172,21480.55882231445,261225.041,0.0,0.0,21480.55882231445,21702.139018684786,21936.21805185924,21079.72507836172,-0.0106810790830415,-0.0009825451156115,-0.0096985339674299,0.029279656002309,0.005,1.0,0.007742630165296305,2019-01-07
2019-01-04,21460.75600034652,21629.441748123558,21116.47088380865,21499.042065869136,164597.76919999998,4.7,0.0,21499.042065869136,21460.75600034652,21629.441748123558,21116.47088380865,0.0031617469560695,-0.0032438467219628,0.0064055936780324,0.0190442973145168,0.0050938441312495504,1.0,0.006876249588119165,2019-01-07
2019-01-07,21553.61092546874,21925.697328885668,21384.982550216133,21646.874845019527,135346.42750000002,0.0,0.0,21646.874845019527,21553.61092546874,21925.697328885668,21384.982550216133,0.007903931447698,0.0068109233976079,0.0010930080500901,0.0213373508223903,0.005089274645979063,0.0,0.0030758626857827487,2019-01-14
2019-01-08,21583.34926723801,21698.773298494903,21354.267580953423,21602.525216503906,112906.26509999996,0.0,0.0,21602.525216503906,21583.34926723801,21698.773298494903,21354.267580953423,-0.0018529040357002,-0.0010440352423414,-0.0008088687933588,0.0140829537704239,0.005610951489792346,1.0,0.007232131648177154,2019-01-15
2019-01-09,21585.142219920377,21884.078256782228,21395.86583929437,21710.63752666016,152732.5236,23.8,0.0,21710.63752666016,21585.142219920377,21884.078256782228,21395.86583929437,0.0067426411141392,0.0006354515753944,0.0061071895387448,0.0189760202886765,0.005349998424892312,0.0,-0.0021592224093283097,2019-01-16
2019-01-10,21659.317787796623,21902.910698922267,21525.2085134293,21675.402551562496,130301.7116,0.0,0.0,21675.402551562496,21659.317787796623,21902.910698922267,21525.2085134293,-0.0004704394180838,0.0006014289752798,-0.0010718683933637,0.0178578276307079,0.005565088800117374,0.0,-0.008358287488146265,2019-01-17
2019-01-11,21755.749859549345,21875.58399122346,21485.225303963995,21706.24821381836,213969.3221,0.0,0.0,21706.24821381836,21755.749859549345,21875.58399122346,21485.225303963995,0.0043904075055027,0.00673724851427,-0.0023468410087672,0.0165460025636885,0.005295157975896166,0.0,-0.009767459862923267,2019-01-17
2019-01-14,21773.65883939352,21938.83927949949,21524.342400904017,21713.457659619133,182829.5616,0.0,0.0,21713.457659619133,21773.65883939352,21938.83927949949,21524.342400904017,0.0006809487639593,0.0013132931815804,-0.000632344417621,0.0162577795193129,0.005212503557645367,0.0,-0.010096243419194795,2019-01-17
2019-01-15,21633.293159951805,21874.70102200616,21529.2797623735,21758.75752280273,252595.2638,0.0,0.0,21758.75752280273,21633.293159951805,21874.70102200616,21529.2797623735,0.0050381842609587,-0.0010313941464369,0.0060695784073957,0.016815947759188,0.005,0.0,-0.012157137966645193,2019-01-17
2019-01-16,21796.01178035287,21949.358219993952,21549.464812905,21663.759431591792,309298.6653,0.0,0.0,21663.759431591792,21796.01178035287,21949.358219993952,21549.464812905,-0.0028306751816504,0.0017740640740822,-0.0046047392557327,0.0167143203748669,0.005,0.0,-0.0078253327411556,2019-01-17
2019-01-17,21641.71741524344,21774.099985194072,21425.69424280927,21494.23330561524,186311.8153,0.0,0.0,21494.23330561524,21641.71741524344,21774.099985194072,21425.69424280927,-0.004176284474646,-0.0004292209738631,-0.0037470635007829,0.0138552219596719,0.005,0.0,-0.005211422965023416,2019-01-24
2019-01-18,21540.978956878116,21745.97881047376,21286.854379535816,21575.942541992183,151830.1354,0.0,0.0,21575.942541992183,21540.978956878116,21745.97881047376,21286.854379535816,0.0032346968602426,0.0008044073550103,0.0024302895052322,0.0187750206403389,0.005,0.0,-0.0051307234286996906,2019-01-22
2019-01-21,21687.00456669771,21881.06473970296,21354.570425575115,21517.285320849605,273396.2491000001,0.0,0.0,21517.285320849605,21687.00456669771,21881.06473970296,21354.570425575115,-0.0016869754390396,0.003518877728391,-0.0052058531674306,0.0263453199607237,0.005,0.0,-0.0062771652782772636,2019-01-24
2019-01-22,21568.95894532048,21777.441341788795,21314.7261289912,21465.242348095704,156339.8034,0.0,0.0,21465.242348095704,21568.95894532048,21777.441341788795,21314.7261289912,-0.002333146639527,0.0030909697670406,-0.0054241164065676,0.020494155124694,0.005,0.0,-0.00013056266419297913,2019-01-29
2019-01-23,21448.485444916383,21706.140437182563,21282.89158428291,21559.328537988287,146390.4248,0.0,0.0,21559.328537988287,21448.485444916383,21706.140437182563,21282.89158428291,0.0044753465418271,0.0003203743464738,0.0041549721953533,0.0197471814526762,0.005,0.0,-0.008215041258146205,2019-01-24
2019-01-24,21544.01130294758,21672.61893046397,21155.81770914874,21382.217764550784,174943.06500000003,0.0,0.0,21382.217764550784,21544.01130294758,21672.61893046397,21155.81770914874,-0.0058623614310872,-0.0021933938430048,-0.0036689675880824,0.0225374159854507,0.005,1.0,0.0069682820742233975,2019-01-31
2019-01-25,21422.47270539499,21588.43272897136,21271.58864527901,21443.545869042977,187094.67,0.0,0.0,21443.545869042977,21422.47270539499,21588.43272897136,21271.58864527901,0.0040391539364407,0.0038300728883885,0.0002090810480523,0.0141191467312733,0.005,0.0,0.0035455996605873175,2019-02-01
2019-01-28,21495.431637214,21624.129935621462,21305.764488795943,21433.409909765636,164091.36289999998,0.0,0.0,21433.409909765636,21495.431637214,21624.129935621462,21305.764488795943,0.0007670754968541,0.0034689676769956,-0.0027018921801415,0.0139836770714141,0.005,0.0,0.004020181044227966,2019-02-04
2019-01-29,21439.673458399226,21593.94270392437,21158.316314142343,21462.43978886719,244528.2523,0.0,0.0,21462.43978886719,21439.673458399226,21593.94270392437,21158.316314142343,0.0022247787430498,-0.0024633858027298,0.0046881645457796,0.0206930652561092,0.005,0.0,0.0026621534966631,2019-02-05
2019-01-30,21424.08293374366,21632.011014194468,21318.773133227667,21485.569766748045,276879.71410000004,0.0,0.0,21485.569766748045,21424.08293374366,21632.011014194468,21318.773133227667,-0.0001909011516226,-0.0037317101666488,0.0035408090150262,0.0162798166047625,0.005,0.0,0.0015827521270870282,2019-02-06
2019-01-31,21532.95450955056,21688.12699935989,21378.890155970905,21531.215089306643,167990.20099999997,0.0,0.0,21531.215089306643,21532.95450955056,21688.12699935989,21378.890155970905,0.0017383862162435,0.0018506246509079,-0.0001122384346644,0.0163407635825386,0.005,0.0,-0.0005405636077816522,2019-02-07
2019-02-01,21477.41059918661,21679.070044111868,21307.07568868136,21519.576097998044,300601.58359999995,0.0,0.0,21519.576097998044,21477.41059918661,21679.070044111868,21307.07568868136,-0.0016153766582446,-0.0037171851018793,0.0021018084436346,0.0176848528685114,0.005,0.0,0.0,2019-02-08
2019-02-04,21519.576097998044,21519.576097998044,21519.576097998044,21519.576097998044,0.0,0.0,0.0,21519.576097998044,21519.576097998044,21519.576097998044,21519.576097998044,0.0,8.992806499463764e-19,1.5321077739827158e-18,4.8627768478581855e-18,0.005,1.0,0.00765951612550797,2019-02-11
2019-02-05,21519.576097998044,21519.576097998044,21519.576097998044,21519.576097998044,0.0,0.0,0.0,21519.576097998044,21519.576097998044,21519.576097998044,21519.576097998044,0.0,8.992806499463764e-19,1.5321077739827158e-18,4.8627768478581855e-18,0.005,1.0,0.00765951612550797,2019-02-11
2019-02-06,21519.576097998044,21519.576097998044,21519.576097998044,21519.576097998044,0.0,0.0,0.0,21519.576097998044,21519.576097998044,21519.576097998044,21519.576097998044,0.0,8.992806499463764e-19,1.5321077739827158e-18,4.8627768478581855e-18,0.005,1.0,0.00765951612550797,2019-02-11
2019-02-07,21519.576097998044,21519.576097998044,21519.576097998044,21519.576097998044,0.0,0.0,0.0,21519.576097998044,21519.576097998044,21519.576097998044,21519.576097998044,0.0,8.992806499463764e-19,1.5321077739827158e-18,4.8627768478581855e-18,0.005,1.0,0.00765951612550797,2019-02-11
2019-02-08,21519.576097998044,21519.576097998044,21519.576097998044,21519.576097998044,0.0,0.0,0.0,21519.576097998044,21519.576097998044,21519.576097998044,21519.576097998044,0.0,8.992806499463764e-19,1.5321077739827158e-18,4.8627768478581855e-18,0.005,1.0,0.00765951612550797,2019-02-11
2019-02-11,21594.90224927244,21785.387599222388,21410.44178084966,21684.40563813476,286308.5338999999,0.0,0.0,21684.40563813476,21594.90224927244,21785.387599222388,21410.44178084966,0.0084795760780153,0.0033160391710236,0.0051635369069917,0.017296673154442,0.005,1.0,0.006891323283498174,2019-02-13
2019-02-12,21767.389120526685,21942.731301683965,21489.52578336917,21779.76412148437,320104.5524,0.0,0.0,21779.76412148437,21767.389120526685,21942.731301683965,21489.52578336917,0.0004846409243983,-0.0021759004083877,0.0026605413327861,0.0197408684698039,0.005,1.0,0.006443433318640279,2019-02-14
2019-02-13,21850.57627103937,21985.372382684625,21651.520416025676,21833.839887597656,414580.8036,0.0,0.0,21833.839887597656,21850.57627103937,21985.372382684625,21651.520416025676,0.0055364447421902,0.0053753050985203,0.0001611396436699,0.0160305365042549,0.005,1.0,0.005518545715045287,2019-02-15
2019-02-14,21963.508753763497,22040.16497198865,21748.6613675616,21920.100579296868,293883.8761,0.0,0.0,21920.100579296868,21963.508753763497,22040.16497198865,21748.6613675616,0.0033500778986822,0.0066692171250178,-0.0033191392263356,0.0156196002166143,0.005,1.0,0.00523537821266129,2019-02-19
2019-02-15,21976.33232693243,22140.68007261546,21782.298118165323,21954.330931152344,305820.3303,0.0,0.0,21954.330931152344,21976.33232693243,22140.68007261546,21782.298118165323,-0.0005569268566302,0.0010370372314467,-0.001593964088077,0.015661333317165,0.005,1.0,0.008227980286262149,2019-02-20
2019-02-18,21954.330919871147,21962.852700195315,21954.330919871147,21962.852700195315,623.2429999999999,0.0,0.0,21962.852700195315,21954.330919871147,21962.852700195315,21954.330919871147,0.0007751734040255,-1.0329184312350276e-09,0.000775174436944,0.000775174436944,0.005,1.0,0.007836779466043442,2019-02-20
2019-02-19,22121.219669542977,22448.844553917643,21885.42035489541,22034.860596289065,591326.6915,0.0,0.0,22034.860596289065,22121.219669542977,22448.844553917643,21885.42035489541,0.0017280589670662,0.0085052856937536,-0.0067772267266873,0.0222872678880421,0.005,1.0,0.005222491194206702,2019-02-22
2019-02-20,22012.240274496537,22289.87522247997,21896.700891411747,22134.970733251943,254698.4613,0.0,0.0,22134.970733251943,22012.240274496537,22289.87522247997,21896.700891411747,0.0003884807366331,-5.5946726230746976e-05,0.0004444274628638,0.0150197057705066,0.005,0.0,0.0035816377788573384,2019-02-27
2019-02-21,22099.22039971998,22316.054570259166,21927.291937872105,22122.118100244134,317683.09,0.0,0.0,22122.118100244134,22099.22039971998,22316.054570259166,21927.291937872105,-0.0038851698807141,-0.0010146352567142,-0.0028705346239999,0.0166812963519083,0.005,0.0,-0.007778438739452165,2019-02-28
2019-02-22,22162.00621228929,22377.64167138066,21968.549366076484,22149.937461718757,541170.165,234.03,0.0,22149.937461718757,22162.00621228929,22377.64167138066,21968.549366076484,0.0029177810388182,-0.0004587699014364,0.0033765509402547,0.0212091636182538,0.005,0.0,-0.009024626017557491,2019-02-28
2019-02-25,22102.800643479342,22326.34955612896,21968.739057136347,22160.187922265624,450139.8802,0.0,0.0,22160.187922265624,22102.800643479342,22326.34955612896,21968.739057136347,0.000943983615491,-0.0030043852007947,0.0039483688162857,0.0192340408858729,0.005,0.0,-0.009483013555134256,2019-02-28
2019-02-26,22108.121812228987,22268.865815871024,21895.46408249428,22146.29791279297,329024.4660000001,25.489998961,0.0,22146.29791279297,22108.121812228987,22268.865815871024,21895.46408249428,0.0010494495071511,0.0001668695206311,0.0008825799865199,0.0171169118441948,0.005,0.0,-0.008861767946557908,2019-02-28
2019-02-27,22141.710880005143,22351.56774572141,21896.718165535454,22214.25018066406,460068.2477,28.2,0.0,22214.25018066406,22141.710880005143,22351.56774572141,21896.718165535454,0.0040120422277511,-0.0017663878163478,0.005778430044099,0.0239173911549915,0.005,0.0,-0.011893609674009098,2019-02-28
2019-02-28,22193.300964339665,22340.14955738477,21858.90972601477,21950.042559814457,516979.20449999993,0.0,0.0,21950.042559814457,22193.300964339665,22340.14955738477,21858.90972601477,-0.007533315024582,0.0020731503027859,-0.009606465327368,0.0185678016344381,0.005,1.0,0.0067058505881907315,2019-03-01
2019-03-01,21863.962569484826,22263.00710517156,21785.90090110028,22097.236265625,452006.7969000001,0.0,0.0,22097.236265625,21863.962569484826,22263.00710517156,21785.90090110028,0.0077414849700479,0.0008652651519165,0.0068762198181314,0.0159918429485518,0.005,1.0,0.006677903169778343,2019-03-05
2019-03-04,22085.252782062707,22373.556703147176,21886.21651432885,22157.931909863284,434633.99890000006,0.0,0.0,22157.931909863284,22085.252782062707,22373.556703147176,21886.21651432885,0.0023741019592288,0.0009415000266302,0.0014326019325986,0.0199016501951737,0.005,1.0,0.0060173618584222766,2019-03-11
2019-03-05,22238.46178528077,22395.913282682297,22007.137000625746,22244.79946972656,439528.0761,0.0,0.0,22244.79946972656,22238.46178528077,22395.913282682297,22007.137000625746,0.0031703855579946,0.0013485779576192,0.0018218076003753,0.0182465564104218,0.005,1.0,0.016095024061785868,2019-03-12
2019-03-06,22220.91618695605,22422.051966008472,21970.02001377157,22257.907277832037,564917.2682000002,0.0,0.0,22257.907277832037,22220.91618695605,22422.051966008472,21970.02001377157,0.0010403643561714,0.0030740744307936,-0.0020337100746222,0.023902760356823,0.005,1.0,0.015496639926831923,2019-03-12
2019-03-07,22209.477997713588,22407.88323350561,22051.73586613624,22219.62883696289,294670.5645,0.0,0.0,22219.62883696289,22209.477997713588,22407.88323350561,22051.73586613624,-0.0003276603606747,0.0007240396320572,-0.001051699992732,0.0159810552366065,0.005,1.0,0.017246067352892025,2019-03-12
2019-03-08,22197.56955567721,22244.016768356694,22187.896982967664,22220.79481953125,119765.816,0.0,0.0,22220.79481953125,22197.56955567721,22244.016768356694,22187.896982967664,0.0004641534213065,-0.0007959496691585,0.0012601030904651,0.0036582839012709,0.005,1.0,0.017192689821084572,2019-03-12
2019-03-11,22206.673736061628,22502.10199827292,22004.329392800075,22291.26420419921,335212.6566,0.0,0.0,22291.26420419921,22206.673736061628,22502.10199827292,22004.329392800075,0.0023386550661154,-0.0020393309082792,0.0043779859743946,0.022703286683117,0.005,1.0,0.013977038062449099,2019-03-12
2019-03-12,22369.522670427177,22715.35152132952,22236.37966785092,22602.83005244141,614260.7837999999,0.0,0.0,22602.83005244141,22369.522670427177,22715.35152132952,22236.37966785092,0.0113393726871714,0.0056179653464268,0.0057214073407445,0.0195277556609271,0.005,1.0,0.006727281522878714,2019-03-13
2019-03-13,22568.305884053272,22935.403086566963,22098.405621282505,22754.88565341797,443963.1390999999,0.0,0.0,22754.88565341797,22568.305884053272,22935.403086566963,22098.405621282505,0.0034738501183987,0.0013411831029018,0.0021326670154968,0.0205634715547807,0.005,0.0,-0.011707539961443691,2019-03-18
2019-03-14,22681.886200999645,22940.970688851485,22469.17456193825,22706.542711914062,315606.56730000005,0.0,0.0,22706.542711914062,22681.886200999645,22940.970688851485,22469.17456193825,-0.0018174056432469,-0.0025848498910124,0.0007674442477654,0.0205608548834902,0.005,0.0,-0.009603434321472037,2019-03-18
2019-03-15,22750.325143587157,22850.78404225769,22423.157434657525,22700.63160625,432419.9102,61.125,0.0,22700.63160625,22750.325143587157,22850.78404225769,22423.157434657525,0.0002222017925972,0.0010157498670992,-0.000793548074502,0.0159546265687798,0.005,0.0,-0.009345541111688505,2019-03-18
2019-03-18,22579.46632389268,22818.84415726,22349.39938832693,22488.481920312497,474910.66550000006,0.0,0.0,22488.481920312497,22579.46632389268,22818.84415726,22349.39938832693,-0.0039951138232455,-0.003180892042647,-0.0008142217805985,0.0166126940397422,0.005,0.0,-0.01740401100236344,2019-03-25
2019-03-19,22491.510320887803,22765.774842541072,22265.50810465302,22464.29196240235,538360.7952,0.0,0.0,22464.29196240235,22491.510320887803,22765.774842541072,22265.50810465302,-0.0028548370943806,0.0012616187133263,-0.0041164558077069,0.0231997935779445,0.005,0.0,-0.016345933781130917,2019-03-25
2019-03-20,22374.10735833241,22706.925991824948,22190.349472808684,22510.746474072268,420885.8905,0.0,0.0,22510.746474072268,22374.10735833241,22706.925991824948,22190.349472808684,0.000242527585023,-0.0011672506163621,0.0014097782013851,0.024082806149606,0.005,0.0,-0.005342280150549827,2019-03-22
2019-03-21,22546.395857674062,22710.40926975477,22226.439870657767,22401.53134560547,376214.67790000007,0.0,0.0,22401.53134560547,22546.395857674062,22710.40926975477,22226.439870657767,-0.0064679197153359,0.0010453024767909,-0.0075132221921269,0.0235807018347803,0.005,0.0,-0.013590107183465538,2019-03-25
2019-03-22,22238.71346596773,22526.25340330704,22064.7547870868,22390.48776000977,348557.59569999995,0.0,0.0,22390.48776000977,22238.71346596773,22526.25340330704,22064.7547870868,-0.0027440408106048,-0.003852680107551,0.0011086392969462,0.0181079547818026,0.005,0.0,-0.01310358352214458,2019-03-25
2019-03-25,22244.093208460068,22404.93065620232,21838.74183989256,22097.092133544927,431789.1998,0.0,0.0,22097.092133544927,22244.093208460068,22404.93065620232,21838.74183989256,-0.014633203946969,-0.0080266231693741,-0.0066065807775948,0.0254833576525357,0.005,1.0,0.0066809724544283355,2019-03-27
2019-03-26,22121.70138333,22289.69648009396,21948.25725409211,22146.905958642576,252166.604,0.0,0.0,22146.905958642576,22121.70138333,22289.69648009396,21948.25725409211,0.0008546603661955,0.0019980127174875,-0.001143352351292,0.0158699117427762,0.005912854578190589,0.0,-0.001178563262293597,2019-04-02
2019-03-27,22249.35663055141,22408.169802127453,22026.76874520747,22244.722197412106,259734.9862,0.0,0.0,22244.722197412106,22249.35663055141,22408.169802127453,22026.76874520747,0.0064358966633625,0.0065529859846272,-0.0001170893212647,0.0183876906647005,0.005670784472242325,0.0,-0.004766617478952018,2019-04-03
2019-03-28,22216.96176565884,22328.369163578063,22039.7730922368,22240.19902182617,196332.5512,0.0,0.0,22240.19902182617,22216.96176565884,22328.369163578063,22039.7730922368,0.0011068215384961,-0.0013073659617765,0.0024141875002726,0.0131635408720581,0.00587844194979884,0.0,0.0028315821883702075,2019-04-04
2019-03-29,22298.78825118264,22436.426791528284,22041.47687001364,22167.935543066404,255021.27410000004,0.0,0.0,22167.935543066404,22298.78825118264,22436.426791528284,22041.47687001364,-0.0029251942638446,0.0011246398305607,-0.0040498340944053,0.0186153201456606,0.005614664989646872,1.0,0.006100632596709232,2019-04-04
2019-04-01,22218.97997594238,22363.107405703187,21982.83376438617,22228.08791674805,219702.2968,0.0,0.0,22228.08791674805,22218.97997594238,22363.107405703187,21982.83376438617,0.0048194685488246,0.0022490850157191,0.0025703835331055,0.0174570385265776,0.005393501828572977,1.0,0.005700865210722217,2019-04-08
2019-04-02,22319.32520183848,22427.069504578576,22023.937979195136,22120.80442890625,319052.7882999999,0.0,0.0,22120.80442890625,22319.32520183848,22427.069504578576,22023.937979195136,-0.0014164709527303,0.0030721561303187,-0.004488627083049,0.0176143156487763,0.00538927919133771,1.0,0.008244254630162873,2019-04-04
2019-04-03,22131.639283276527,22238.882888209988,21983.231653450934,22138.69011577149,323965.96669999993,0.0,0.0,22138.69011577149,22131.639283276527,22238.882888209988,21983.231653450934,-8.33965627413564e-05,-0.0033058637892095,0.0032224672264682,0.012597473403946,0.0051406305153692015,1.0,0.0074297014236410774,2019-04-04
2019-04-04,22184.717093256557,22438.89586696907,22037.93648641336,22303.173973242185,401251.6034,0.0,0.0,22303.173973242185,22184.717093256557,22438.89586696907,22037.93648641336,0.0065515981628369,0.0023295020111404,0.0042220961516965,0.0174587196947538,0.005,0.0,-0.0016874410128201456,2019-04-11
2019-04-05,22235.84151163171,22430.333656048828,22142.760962657117,22285.174017578123,250580.5794,0.0,0.0,22285.174017578123,22235.84151163171,22430.333656048828,22142.760962657117,0.0003101449312541,-0.0007634875991036,0.0010736325303577,0.0125707153935486,0.005081717878179391,0.0,-0.0027948427826745004,2019-04-12
2019-04-08,22297.187969988023,22473.596257020938,22148.26984219496,22354.807249853515,286914.7506,0.0,0.0,22354.807249853515,22297.187969988023,22473.596257020938,22148.26984219496,0.0042089026613134,-9.693818157863512e-05,0.0043058408428921,0.01696069107915,0.005,0.0,-0.005749929600523451,2019-04-09
2019-04-09,22360.343577343,22552.9260731175,22109.127532575443,22226.268681933587,350824.34169999993,0.0,0.0,22226.268681933587,22360.343577343,22552.9260731175,22109.127532575443,-7.346886472489004e-05,0.0048450777425752,-0.0049185466073001,0.0201758756877958,0.005,0.0,-0.00029092445871503614,2019-04-16
2019-04-10,22289.2063419116,22417.88848125753,21970.87458432062,22266.314795507813,283125.0196,0.0,0.0,22266.314795507813,22289.2063419116,22417.88848125753,21970.87458432062,-0.0005634400985409,-0.0019956217941465,0.0014321816956056,0.0174473313601666,0.005,0.0,-0.0048104523304434155,2019-04-17
2019-04-11,22286.964014962738,22479.720143737344,22030.09652645798,22265.538682763672,180741.2612,0.0,0.0,22265.538682763672,22286.964014962738,22479.720143737344,22030.09652645798,0.0004239719306748,0.0002117074362317,0.000212264494443,0.0154170121997993,0.005,0.0,-0.02638811132740415,2019-04-18
2019-04-12,22270.96385037159,22464.219578512533,22092.34564660796,22222.89045981445,288627.0421,0.0,0.0,22222.89045981445,22270.96385037159,22464.219578512533,22092.34564660796,-0.0009501850213233,-0.0010819169763115,0.0001317319549882,0.016445398202049,0.005,0.0,-0.024519640753371097,2019-04-18
2019-04-15,22222.89045981445,22222.89045981445,22222.89045981445,22222.89045981445,0.0,0.0,0.0,22222.89045981445,22222.89045981445,22222.89045981445,22222.89045981445,0.0,9.636735853746356e-18,1.84297022087776e-18,2.295941214924824e-17,0.005,0.0,-0.024519640753371097,2019-04-18
2019-04-16,22161.91788145044,22343.6979233263,21929.50457609385,22219.80251674804,305217.13700000005,0.0,0.0,22219.80251674804,22161.91788145044,22343.6979233263,21929.50457609385,-0.0024597904866623,-0.0042805598938109,0.0018207694071485,0.0171339850867724,0.005,0.0,-0.02438407574060908,2019-04-18
2019-04-17,22208.25349038029,22383.5809130728,22020.227869970346,22159.203749609376,472852.6155,0.0,0.0,22159.203749609376,22208.25349038029,22383.5809130728,22020.227869970346,-0.0044419201394722,0.0012163057267317,-0.005658225866204,0.0180543626897652,0.005,0.0,-0.02171605919637687,2019-04-18
2019-04-18,22127.405431005976,22261.017977316755,21543.734767403927,21677.99316923828,387885.7925999999,0.0,0.0,21677.99316923828,22127.405431005976,22261.017977316755,21543.734767403927,-0.010220109700064,-0.0018446350484,-0.0083754746516639,0.0235479581450304,0.005,1.0,0.008105656178851506,2019-04-19
2019-04-19,22034.63031295912,22129.361068744303,21673.444658703826,21853.707528515617,231598.37130000003,131.25,0.0,21853.707528515617,22034.63031295912,22129.361068744303,21673.444658703826,-0.0018148571594797,0.0085665260690572,-0.010381383228537,0.0202910576733238,0.005,1.0,0.005479247648468855,2019-04-24
2019-04-22,21846.36993265427,22126.318103973736,21603.925164684595,21930.72016220703,389795.5556,0.0,0.0,21930.72016220703,21846.36993265427,22126.318103973736,21603.925164684595,-0.0007300392567082,0.0007004091710114,-0.0014304484277197,0.0210594723863798,0.005,0.0,0.00285972616199337,2019-04-29
2019-04-23,21857.638799291857,22079.25418953222,21707.899126866043,21933.59106279297,206338.9817,0.0,0.0,21933.59106279297,21857.638799291857,22079.25418953222,21707.899126866043,0.0027674127498217,0.0007000985945722,0.0020673141552494,0.0166427132540835,0.005,0.0,0.0027284612648221795,2019-04-30
2019-04-24,21911.611910830856,22101.91155849396,21780.53261650357,21973.44940410156,221263.28810000003,22.99023288,0.0,21973.44940410156,21911.611910830856,22101.91155849396,21780.53261650357,0.0034819196844939,0.0006472064302326,0.0028347132542613,0.0134865019374518,0.005,0.0,0.0009095800999254777,2019-05-01
2019-04-25,21924.35389951825,22032.56569963581,21725.414379845435,21874.90391347656,299030.7885000001,0.0,0.0,21874.90391347656,21924.35389951825,22032.56569963581,21725.414379845435,-0.004570128216648,-0.0011489336700462,-0.0034211945466018,0.0134168588895731,0.005,1.0,0.005418634221138863,2019-04-26
2019-04-26,21882.2781824476,22123.98349880323,21764.99036433885,21993.43601640625,288976.5658,0.0,0.0,21993.43601640625,21882.2781824476,22123.98349880323,21764.99036433885,0.0066589614461561,0.0027635980855622,0.0038953633605938,0.0123164572174123,0.005,0.0,0.0011035116532658318,2019-05-03
2019-04-29,21993.43601640625,21993.43601640625,21993.43601640625,21993.43601640625,0.0,0.0,0.0,21993.43601640625,21993.43601640625,21993.43601640625,21993.43601640625,0.0,-3.3972824553529793e-18,6.794564910705958e-18,6.794564910705958e-18,0.005,0.0,-0.004925074999385992,2019-05-06
2019-04-30,21993.43601640625,21993.43601640625,21993.43601640625,21993.43601640625,0.0,0.0,0.0,21993.43601640625,21993.43601640625,21993.43601640625,21993.43601640625,0.0,-3.3972824553529793e-18,6.794564910705958e-18,6.794564910705958e-18,0.005,0.0,-0.0064403564754841325,2019-05-07
2019-05-01,21993.43601640625,21993.43601640625,21993.43601640625,21993.43601640625,0.0,0.0,0.0,21993.43601640625,21993.43601640625,21993.43601640625,21993.43601640625,0.0,-3.3972824553529793e-18,6.794564910705958e-18,6.794564910705958e-18,0.005,0.0,-0.0064403564754841325,2019-05-07
2019-05-02,21990.9271431208,22200.717693684,21817.32256247413,22042.138672509765,281905.12380000006,0.0,0.0,22042.138672509765,21990.9271431208,22200.717693684,21817.32256247413,-0.0020222554557564,-0.0002911866696286,-0.0017310687861278,0.0163720771860999,0.005,0.0,-0.007123717907389193,2019-05-06
2019-05-03,22036.565452409297,22129.233746736627,21819.564625705,22017.70602934571,296755.8193,0.0,0.0,22017.70602934571,22036.565452409297,22129.233746736627,21819.564625705,-0.0017398315264591,9.743974932993728e-05,-0.001837271275789,0.0124358987869874,0.005,0.0,-0.006021941370174644,2019-05-06
2019-05-06,21959.387391767403,22091.82746757716,21682.31790037395,21885.11669453125,447475.7244,0.0,0.0,21885.11669453125,21959.387391767403,22091.82746757716,21682.31790037395,-0.0032894392561459,-0.0020491597528358,-0.0012402795033101,0.0186118735816803,0.005,1.0,0.011099903471128325,2019-05-10
2019-05-07,21859.59129728177,22041.99356512723,21689.9943106735,21851.79044833984,252501.885,0.0,0.0,21851.79044833984,21859.59129728177,22041.99356512723,21689.9943106735,-0.0018232769321739,-6.039598243225784e-05,-0.0017628809497416,0.0149262823287473,0.005,1.0,0.012641935662350834,2019-05-10
2019-05-08,21802.693104208796,22060.463460292645,21657.151841823947,21890.45317646484,258704.39729999995,0.0,0.0,21890.45317646484,21802.693104208796,22060.463460292645,21657.151841823947,0.0009637958634322,-0.0021539274936549,0.0031177233570871,0.0202545369091627,0.005,1.0,0.010853416277627481,2019-05-10
2019-05-09,21803.657764679458,22124.89596456695,21677.43389795033,21947.70170175781,292175.7738,0.0,0.0,21947.70170175781,21803.657764679458,22124.89596456695,21677.43389795033,-0.0001431014541923,-0.0021566889800496,0.0020135875258572,0.0186934515173582,0.005,1.0,0.008216699770558389,2019-05-10
2019-05-10,22006.440994396133,22212.661969910496,21835.415603442165,22128.03937729493,312337.3961,0.0,0.0,22128.03937729493,22006.440994396133,22212.661969910496,21835.415603442165,0.0065908176318165,0.0018289391457703,0.0047618784860461,0.0140478263176338,0.005,1.0,0.0069634353634566715,2019-05-15
2019-05-13,22131.52103272019,22294.69658074082,21984.00652295001,22116.685428515622,277452.7899,0.0,0.0,22116.685428515622,22131.52103272019,22294.69658074082,21984.00652295001,-1.8978478540047224e-06,-0.0013910862538134,0.0013891884059593,0.0138539123854849,0.005,1.0,0.007480375901617542,2019-05-15
2019-05-14,22110.345856343796,22483.593971613976,21863.37630907695,22189.49294736328,379173.2255,0.0,0.0,22189.49294736328,22110.345856343796,22483.593971613976,21863.37630907695,0.0012631972144786,-0.0004256876596087,0.0016888848740874,0.0192501080535059,0.005,1.0,0.00770509742763692,2019-05-17
2019-05-15,22211.0775997276,22509.881339466105,22071.23448436131,22282.126549218745,447247.7021,12.0,0.0,22282.126549218745,22211.0775997276,22509.881339466105,22071.23448436131,0.0047809398584765,0.0019165999003368,0.0028643399581397,0.0170676476863184,0.005,0.0,-0.00821263995862831,2019-05-16
2019-05-16,22301.4449608404,22430.187930348744,21944.680555725507,22099.13146635742,391332.3021,0.0,0.0,22099.13146635742,22301.4449608404,22430.187930348744,21944.680555725507,-0.0022096591159355,-0.0001617416259668,-0.0020479174899687,0.0177124986170963,0.005,1.0,0.011825518411571867,2019-05-17
2019-05-17,22296.271450562013,22510.46320083927,21972.38935869197,22360.46515239258,307513.7087000001,13.973679755,0.04081,22360.46515239258,22296.271450562013,22510.46320083927,21972.38935869197,0.0031759737661472,0.0028538409970816,0.0003221327690656,0.019329292867327,0.005,1.0,0.008355959530409685,2019-05-20
2019-05-20,22400.96323163315,22704.83478692367,22160.13627338005,22547.308294287108,452848.5636,0.0,0.0,22547.308294287108,22400.96323163315,22704.83478692367,22160.13627338005,0.006564357646639,0.0034884006409,0.0030759570057389,0.01648155454647,0.005,1.0,0.005755059824074538,2019-05-22
2019-05-21,22532.19040114434,22776.92043763006,22417.51360061888,22624.712547753905,361687.029,0.0,0.0,22624.712547753905,22532.19040114434,22776.92043763006,22417.51360061888,0.0028981996558264,0.0010806374235537,0.0018175622322726,0.0150717514818491,0.005,0.0,0.0006537047660009065,2019-05-28
2019-05-22,22636.28675421259,22781.40028729628,22454.53892227952,22677.069402392583,383938.6748,30.590000000000003,0.0,22677.069402392583,22636.28675421259,22781.40028729628,22454.53892227952,0.0024131956987316,-0.0011184126426179,0.0035316083413495,0.0165705441364489,0.005,0.0,0.00039195627833721325,2019-05-29
2019-05-23,22667.905523263504,22741.08353770885,22421.79111705085,22620.093197753897,316332.7382,0.0,0.0,22620.093197753897,22667.905523263504,22741.08353770885,22421.79111705085,-0.000101019047578,-0.0010641315440698,0.0009631124964917,0.0155702760385681,0.005,1.0,0.006409332797930878,2019-05-30
2019-05-24,22533.56097034524,22836.66599321249,22442.579982200707,22632.776197363284,412910.0144,0.0,0.0,22632.776197363284,22533.56097034524,22836.66599321249,22442.579982200707,-0.0008562546145544,-0.0057948082943316,0.0049385536797771,0.0191652486436941,0.005,1.0,0.005845359157956143,2019-05-30
2019-05-27,22689.56133341496,22824.5723766054,22463.66185514173,22728.914955322256,320754.4209,0.0,0.0,22728.914955322256,22689.56133341496,22824.5723766054,22463.66185514173,0.000592669262841,-0.0001926278725714,0.0007852971354124,0.0154585744731117,0.005,0.0,-0.002433530864679123,2019-06-03
2019-05-28,22741.068741160798,22858.536126667605,22490.655779819008,22639.502430175773,332553.08349999995,0.0,0.038306,22639.502430175773,22741.068741160798,22858.536126667605,22490.655779819008,0.0007764450018356,-1.8703775015554283e-05,0.0007951487768511,0.0147585751802608,0.005,1.0,0.00554652087385854,2019-05-30
2019-05-29,22618.584490955316,22878.45784779165,22449.87577623464,22685.95782211914,372518.4649,0.0,0.0,22685.95782211914,22618.584490955316,22878.45784779165,22449.87577623464,0.0021289969872355,-0.0022220326598313,0.0043510296470669,0.0195479156576676,0.005,1.0,0.005265587692158125,2019-06-05
2019-05-30,22660.600817960152,22924.90300291851,22404.148530350358,22765.072902978514,278484.09290000005,0.0,0.0,22765.072902978514,22660.600817960152,22924.90300291851,22404.148530350358,-0.0006971974487198,-0.0039053028897519,0.003208105441032,0.0177987543908053,0.005,0.0,0.001610050190357093,2019-06-06
2019-05-31,22778.81653646676,22936.413097134584,22516.418486323244,22753.477461230475,311644.318,13.632,0.0,22753.477461230475,22778.81653646676,22936.413097134584,22516.418486323244,-0.0046030439249449,0.001130396531997,-0.005733440456942,0.0155850738312173,0.005,1.0,0.01170351300536332,2019-06-07
2019-06-03,22649.691620425176,22986.74654618779,22274.441899144265,22673.60343925781,308813.48520000005,0.0,0.0,22673.60343925781,22649.691620425176,22986.74654618779,22274.441899144265,-0.0081534032811889,-0.0026465439840699,-0.005506859297119,0.021131242026629,0.005,1.0,0.005813336354206555,2019-06-05
2019-06-04,22563.451094191227,22891.535542806007,22463.505146252643,22763.726582128904,199527.92170000004,100.0,0.0,22763.726582128904,22563.451094191227,22891.535542806007,22463.505146252643,0.0015430438209073,-0.0007879736412117,0.0023310174621191,0.0153572624492423,0.005,1.0,0.01124800447600438,2019-06-07
2019-06-05,22725.88537064872,23134.333750007107,22568.345377868725,22805.41272241211,175056.60489999998,179.5,0.0,22805.41272241211,22725.88537064872,23134.333750007107,22568.345377868725,0.0023401083307741,0.002326919182432,1.3189148342150696e-05,0.0186375803502254,0.005,1.0,0.009399538645159078,2019-06-07
2019-06-06,22822.202734251743,22942.8065410109,22534.50417369525,22801.72581293945,241521.1438,0.0,0.0,22801.72581293945,22822.202734251743,22942.8065410109,22534.50417369525,0.0005130443006981,0.0006767360937645,-0.0001636917930664,0.0144207010692555,0.005,1.0,0.009562752813738307,2019-06-07
2019-06-07,22852.433211111475,23091.84846206085,22665.230514752715,23019.77308061523,280321.00580000004,0.0,0.0,23019.77308061523,22852.433211111475,23091.84846206085,22665.230514752715,0.0086738008460751,0.0035168320367905,0.0051569688092846,0.0163604826243762,0.005,0.0,-0.006057761464405398,2019-06-14
2019-06-10,23025.29888240472,23240.93597231832,22886.1174516556,23110.54462641602,346161.4327,0.0,0.0,23110.54462641602,23025.29888240472,23240.93597231832,22886.1174516556,0.0001807648514027,0.0002671980533131,-8.643320191042423e-05,0.0145902753991361,0.005,0.0,-0.00513705923585428,2019-06-13
2019-06-11,23072.33802229005,23227.12541350413,22925.84368390486,23064.93371572265,348100.21640000003,0.0,0.02725,23064.93371572265,23072.33802229005,23227.12541350413,22925.84368390486,0.0032873148613494,-0.0001374017044474,0.0034247165657969,0.0115918579743917,0.005,0.0,-0.008003878600730041,2019-06-14
2019-06-12,23051.21294396146,23134.089496395354,22727.831293832736,23013.25030605469,327003.7407000001,2.35,0.0,23013.25030605469,23051.21294396146,23134.089496395354,22727.831293832736,-0.0009071865886316,-0.0005533973230215,-0.00035378926561,0.0138026551626128,0.005,0.0,-0.005776042843091966,2019-06-14
2019-06-13,22983.96412466314,23086.624184453216,22834.09147214189,22991.824389697267,251275.6369,0.0,0.0,22991.824389697267,22983.96412466314,23086.624184453216,22834.09147214189,-0.001492523319199,-0.0020223420742894,0.0005298187550904,0.0100969201660415,0.005,0.0,-0.01019144540790351,2019-06-18
2019-06-14,22836.84681881635,23054.652139635225,22622.403376943857,22880.32478632812,202989.5188,65.23,0.0,22880.32478632812,22836.84681881635,23054.652139635225,22622.403376943857,-0.0066518403383676,-0.0010522121859792,-0.0055996281523884,0.0168576943454353,0.005,0.0,-0.005367944767984523,2019-06-18
2019-06-17,22926.44918193466,23005.364011809983,22629.89231259264,22898.4082086914,274328.9329,0.0,0.0,22898.4082086914,22926.44918193466,23005.364011809983,22629.89231259264,0.0030511750856368,0.003131959686292,-8.078460065514355e-05,0.0149887374227614,0.005,0.0,-0.0061534295661805904,2019-06-18
2019-06-18,22863.200867914016,22950.80183771685,22490.64116082873,22757.504466601564,250802.0885,0.0,0.0,22757.504466601564,22863.200867914016,22950.80183771685,22490.64116082873,-0.0070586417042307,-0.0025656424573937,-0.0044929992468369,0.0196145400933288,0.005,1.0,0.007304972413735511,2019-06-19
2019-06-19,22818.60551140513,23026.344428978216,22667.969260106467,22923.74740893555,165298.1772,91.65,0.0,22923.74740893555,22818.60551140513,23026.344428978216,22667.969260106467,0.0073718153072824,0.0030603461743654,0.004311469132917,0.0156491796127169,0.005,1.0,0.006005624534991316,2019-06-20
2019-06-20,22852.706020712973,23359.822238147164,22730.101770246543,23061.418828808597,373222.571,0.0,0.0,23061.418828808597,22852.706020712973,23359.822238147164,22730.101770246543,0.007583637078163,0.0027635001882872,0.0048201368898757,0.018179245807322,0.005,1.0,0.005406800335493012,2019-06-25
2019-06-21,23185.89717028305,23274.40690599997,22952.132482963872,23067.75371831054,248257.784,0.0,0.0,23067.75371831054,23185.89717028305,23274.40690599997,22952.132482963872,-0.0017629634961703,0.0008723193750484,-0.0026352828712188,0.0108794969185532,0.0050569967688967625,1.0,0.005130694518584944,2019-06-25
2019-06-24,23085.350334435498,23271.14769196063,22990.827394708933,23165.227674951177,248022.9541,0.0,0.0,23165.227674951177,23085.350334435498,23271.14769196063,22990.827394708933,0.0023621589701264,0.0017793383683623,0.000582820601764,0.0115419265423367,0.005,0.0,-0.011373999147821556,2019-06-27
2019-06-25,23176.946346349305,23304.191968951716,22937.84698281571,23186.107315869143,519287.2618999999,0.0,0.0,23186.107315869143,23176.946346349305,23304.191968951716,22937.84698281571,0.0010226112072017,0.0016356100746887,-0.0006129988674869,0.0163571090063012,0.005,0.0,-0.012264280367465186,2019-06-27
2019-06-26,23096.849556293422,23446.93691805476,22948.26934736069,23233.66977954101,356964.6275,0.0,0.0,23233.66977954101,23096.849556293422,23446.93691805476,22948.26934736069,0.0026410103141608,-0.0001576334112947,0.0027986437254555,0.0179567798678881,0.005,0.0,-0.014286308946170223,2019-06-27
2019-06-27,23196.66169315664,23338.93231780473,22768.458591711704,22901.74639511719,354601.73309999995,0.0,0.0,22901.74639511719,23196.66169315664,23338.93231780473,22768.458591711704,-0.0091957692978864,-0.0008506388158591,-0.0083451304820273,0.0197055271445992,0.005,1.0,0.010546189647514304,2019-07-01
2019-06-28,22943.18538768284,23264.98733069536,22729.89369801321,23001.289466992188,498622.6339000001,0.0,0.0,23001.289466992188,22943.18538768284,23264.98733069536,22729.89369801321,0.0033816944161283,0.0012473768332579,0.0021343175828704,0.0186564786045898,0.005093650824489576,1.0,0.006172831704541304,2019-07-01
2019-07-01,23192.133287450204,23309.896024194502,22950.12696302725,23143.27255585937,509558.4517,0.0,0.0,23143.27255585937,23192.133287450204,23309.896024194502,22950.12696302725,0.0047437056338014,0.0081023876383215,-0.00335868200452,0.0168645910883142,0.005,0.0,0.00011546176029475497,2019-07-08
2019-07-02,23170.43421477318,23318.416065030957,22948.90010944436,23060.021235986325,430336.19959999993,0.0,0.0,23060.021235986325,23170.43421477318,23318.416065030957,22948.90010944436,-0.0010489980381968,0.0007420114393378,-0.0017910094775345,0.0142371695287182,0.005,1.0,0.005187361110768229,2019-07-05
2019-07-03,23135.261437634053,23266.99708317648,22962.13732797836,23134.186346875,495086.374,0.0,0.0,23134.186346875,23135.261437634053,23266.99708317648,22962.13732797836,0.0029819206984471,0.0033589468215016,-0.0003770261230544,0.0132812402043388,0.005,0.0,0.003840348654330139,2019-07-10
2019-07-04,23152.95308758736,23268.90146405177,23073.003857864573,23168.75978359374,226158.4418,0.0,0.0,23168.75978359374,23152.95308758736,23268.90146405177,23073.003857864573,0.0017212258623163,0.0014511723151254,0.0002700535471909,0.0083196606403345,0.005,0.0,0.0012593775114246863,2019-07-11
2019-07-05,23202.0752610117,23263.551095931656,23088.24250748815,23179.64189335937,204841.1971,0.0,0.0,23179.64189335937,23202.0752610117,23263.551095931656,23088.24250748815,0.0002264312440139,0.0010733914292694,-0.0008469601852555,0.0077179984656736,0.005,1.0,0.005066346975247882,2019-07-12
2019-07-08,23186.60560021211,23228.29966657804,23081.51611014549,23145.94471884765,263113.58320000005,0.0,0.0,23145.94471884765,23186.60560021211,23228.29966657804,23081.51611014549,-0.0014699628886063,0.0006177770314004,-0.0020877399200067,0.0069087721483266,0.005,1.0,0.006529579368709237,2019-07-12
2019-07-09,23122.531121615728,23216.974661907272,23077.13260312281,23184.034195605476,115896.00639999998,0.0,0.0,23184.034195605476,23122.531121615728,23216.974661907272,23077.13260312281,0.0021060449715791,-0.0008056281329955,0.0029116731045747,0.0062999026417429,0.005,1.0,0.016746281923078365,2019-07-16
2019-07-10,23207.195608892405,23286.95582302232,23127.467382478448,23223.029688281244,258965.9623,0.0,0.0,23223.029688281244,23207.195608892405,23286.95582302232,23127.467382478448,0.0012579054053524,0.0004432191968542,0.0008146862084981,0.0070565239448382,0.005,1.0,0.015038988657641417,2019-07-16
2019-07-11,23211.514410293887,23292.652529526706,23146.14887316112,23197.9379986328,241755.72060000003,0.0,0.0,23197.9379986328,23211.514410293887,23292.652529526706,23146.14887316112,-0.0013170253848993,-0.0001549783428818,-0.0011620470420175,0.006984155579004,0.005,1.0,0.016136889828252787,2019-07-16
2019-07-12,23206.71472039484,23381.31453598456,23150.53462303281,23297.078001953123,253674.4667,0.0,0.0,23297.078001953123,23206.71472039484,23381.31453598456,23150.53462303281,0.0042266228634996,0.0003587716992714,0.0038678511642281,0.0100598875629094,0.005,1.0,0.011812750353635826,2019-07-16
2019-07-15,23285.392191035284,23421.34002011185,23191.93572728712,23289.39742001953,296407.4467,0.0,0.0,23289.39742001953,23285.392191035284,23421.34002011185,23191.93572728712,0.000175123357602,-0.0006360434332883,0.0008111667908904,0.0091954498741985,0.005,1.0,0.012146434844925613,2019-07-16
2019-07-16,23579.133054343376,23664.960620586317,23413.863600210185,23572.280568359376,390103.4648000001,0.0,0.0,23572.280568359376,23579.133054343376,23664.960620586317,23413.863600210185,0.0054967574780745,0.00492124342703,0.0005755140510445,0.0084729734677697,0.005,1.0,0.005763161915324,2019-07-17
2019-07-17,23695.004371360606,23872.14816184486,23438.718843371706,23708.13143798828,373823.5733999999,0.0,0.0,23708.13143798828,23695.004371360606,23872.14816184486,23438.718843371706,0.0058897533113177,0.0071494940453552,-0.0012597407340374,0.0177420815926972,0.005,0.0,-0.008563316902759577,2019-07-22
2019-07-18,23650.81865343441,23811.49402142468,23399.616932408644,23598.372100000004,345916.43859999994,0.0,0.0,23598.372100000004,23650.81865343441,23811.49402142468,23399.616932408644,-0.0037753056545827,-0.0026420618217867,-0.0011332438327959,0.0158700905744548,0.005,0.0,-0.0022927725698562718,2019-07-25
2019-07-19,23701.042493583325,23956.37523519418,23357.10729605256,23648.12237207032,599528.2178,0.0,0.0,23648.12237207032,23701.042493583325,23956.37523519418,23357.10729605256,0.0064547772440655,0.0034382130914725,0.003016564152593,0.0217962078270377,0.005,0.0,-0.006047464340201314,2019-07-22
2019-07-22,23627.99886195637,23876.473029085777,23341.94474680516,23505.111195312507,464910.32980000007,0.0,0.0,23505.111195312507,23627.99886195637,23876.473029085777,23341.94474680516,-0.0052404273185593,-0.0015052335313681,-0.0037351937871912,0.0211390775225834,0.005,0.0,0.002732021177805244,2019-07-29
2019-07-23,23503.49046402322,23749.294548182435,23342.430058488637,23556.44215957031,397198.5570999999,0.0,0.0,23556.44215957031,23503.49046402322,23749.294548182435,23342.430058488637,0.002250479806604,-0.0007723309242737,0.0030228107308778,0.0181019449081429,0.005,0.0,0.0006271950051390807,2019-07-30
2019-07-24,23621.834500622903,23777.02140201982,23357.042142413226,23539.70973911133,427087.3496,0.0,0.0,23539.70973911133,23621.834500622903,23777.02140201982,23357.042142413226,-0.0013824109985306,0.0031921418618272,-0.0045745528603578,0.0164441063963478,0.005,1.0,0.006584537313202743,2019-07-31
2019-07-25,23539.709800123816,23548.822999387907,23539.709800123816,23544.266399755863,783.996,0.0,0.0,23544.266399755863,23539.709800123816,23548.822999387907,23539.709800123816,0.0003540356569227,4.754623034878341e-09,0.0003540309022996,0.0007059607186246,0.005,1.0,0.0063897270749606605,2019-07-31
2019-07-26,23539.70974933077,23596.66724092946,23516.92675269129,23553.379547314456,3799.179,0.0,0.0,23553.379547314456,23539.70974933077,23596.66724092946,23516.92675269129,0.0007017793802317,-0.0003540348605351,0.0010558142407669,0.0060829271508698,0.005,1.0,0.006000340147880312,2019-07-31
2019-07-29,23553.37955899662,23605.78045205768,23553.37955899662,23569.32765688477,12990.258,0.0,0.0,23569.32765688477,23553.37955899662,23605.78045205768,23553.37955899662,0.0012084852208737,8.943102984891933e-10,0.0012084843265634,0.0038816129476203,0.005,1.0,0.0053196332611158414,2019-07-31
2019-07-30,23562.022246301785,23572.096630363125,23561.142258370302,23571.21664243164,7.148,0.0,0.0,23571.21664243164,23562.022246301785,23572.096630363125,23561.142258370302,6.654393916406712e-05,-0.0002199549370009,0.0002864988761649,0.0004320462640786,0.005,1.0,0.005239067447054602,2019-07-31
2019-07-31,23616.853732626296,23917.297717808964,23457.285305742826,23694.70783623047,317369.0012,0.0,0.0,23694.70783623047,23616.853732626296,23917.297717808964,23457.285305742826,0.0025392593953888,-4.9574223993509216e-05,0.0025888336193823,0.020813810125006,0.005,1.0,0.008885293204238254,2019-08-01
2019-08-01,23696.066218411284,24034.328242711978,23513.47694728108,23905.24226274414,355054.9377,0.0,0.0,23905.24226274414,23696.066218411284,24034.328242711978,23513.47694728108,0.007984694245019,-0.0022710070842169,0.0102557013292359,0.0208189193880978,0.005,1.0,0.009469824758149503,2019-08-08
2019-08-02,23795.612515145574,24073.59159674371,23593.95231342613,23837.202769921867,433261.9859,0.0,0.0,23837.202769921867,23795.612515145574,24073.59159674371,23593.95231342613,-0.0023281992855578,-0.0032113020913024,0.0008831028057445,0.0211805803285357,0.005,1.0,0.012351195343401233,2019-08-08
2019-08-05,23818.40608803206,24167.667600035224,23579.01613058598,23819.04176557617,542177.0309,0.0,0.0,23819.04176557617,23818.40608803206,24167.667600035224,23579.01613058598,0.0014637059300844,0.0039169543386321,-0.0024532484085477,0.0248399439577927,0.005,1.0,0.013123069990540692,2019-08-08
2019-08-06,23819.041878161283,23823.598477660453,23809.92867916294,23814.485278662112,53840.842,0.0,0.0,23814.485278662112,23819.041878161283,23823.598477660453,23809.92867916294,-0.0003303548314719,8.13996072761499e-09,-0.0003303629714327,0.0009911094217428,0.005,1.0,0.013316913441563383,2019-08-08
2019-08-07,23705.66969968359,24047.059257258858,23518.627250265174,23927.246941259764,415946.2764,0.0,0.0,23927.246941259764,23705.66969968359,24047.059257258858,23518.627250265174,0.0039853034036096,-0.0035016733012147,0.0074869767048243,0.0210328930283473,0.005,1.0,0.008541466430108002,2019-08-08
2019-08-08,23948.795500332515,24255.16315152178,23605.743701774747,24131.62071777344,589046.6786,0.0,0.0,24131.62071777344,23948.795500332515,24255.16315152178,23605.743701774747,0.0121055580441898,0.0018139554328089,0.0102916026113809,0.0299064340341636,0.005,0.0,-0.005588548319866771,2019-08-14
2019-08-09,24225.227209912253,24279.476102923836,24159.83900752271,24216.62101738281,254225.5353,0.0,0.0,24216.62101738281,24225.227209912253,24279.476102923836,24159.83900752271,0.0040136521325188,0.0042183887381784,-0.0002047366056595,0.0061934318131168,0.005,0.0,-0.007943594236154095,2019-08-12
2019-08-12,24124.990313912647,24320.885530777952,23801.27772022768,24024.25400625,431663.5754,0.0,0.0,24024.25400625,24124.990313912647,24320.885530777952,23801.27772022768,-0.0058043915058586,-0.0047497706039762,-0.0010546209018823,0.0220438926833566,0.005,1.0,0.00723575427920653,2019-08-15
2019-08-13,24085.106705025733,24285.96410044396,23757.169046337727,24028.962091699213,679255.581,0.0,0.0,24028.962091699213,24085.106705025733,24285.96410044396,23757.169046337727,-0.0026472838632721,-0.0029157885071778,0.0002685046439057,0.0221792871298531,0.005,1.0,0.007038402767287177,2019-08-15
2019-08-14,24111.81909386163,24259.525219375904,23883.88267180412,23996.759989355465,437619.8398,0.0,0.0,23996.759989355465,24111.81909386163,24259.525219375904,23883.88267180412,-0.0014564973150327,0.0048170757486797,-0.0062735730637124,0.0171537295072499,0.005,1.0,0.008389783275505103,2019-08-15
2019-08-15,23850.83117869056,24307.669114464952,23630.574231762494,24198.08760498047,706295.1012999999,13.973679755,0.0,24198.08760498047,23850.83117869056,24307.669114464952,23630.574231762494,0.003716469039932,-0.0082339343405654,0.0119504033804975,0.0275141543772862,0.005,0.0,-0.00955992331265032,2019-08-19
2019-08-16,24202.137042763443,24315.88035095963,24101.97550229717,24194.430200390627,542863.2035000001,0.0,0.0,24194.430200390627,24202.137042763443,24315.88035095963,24101.97550229717,-0.001160718396403,-0.0003916906179911,-0.0007690277784119,0.0103151226561602,0.005,0.0,-0.009410201246355054,2019-08-19
2019-08-19,24087.731421254848,24121.50676561285,23845.5771531579,23966.75574316406,477554.1205000001,0.0,0.0,23966.75574316406,24087.731421254848,24121.50676561285,23845.5771531579,-0.0035995660606193,-0.0008339487066713,-0.0027656173539479,0.0099420982589364,0.005,0.0,-0.0017353621828584131,2019-08-26
2019-08-20,23928.51202605336,24048.712462060543,23851.955555990306,23985.20946835937,379179.84700000007,0.0,0.0,23985.20946835937,23928.51202605336,24048.712462060543,23851.955555990306,0.0019617239246807,-0.0013613819173584,0.0033231058420391,0.0093608386336089,0.005,0.0,-0.007693532121769042,2019-08-27
2019-08-21,24080.729820604265,24206.668597565,23834.16220832891,24007.341706152343,488404.4043,0.0,0.0,24007.341706152343,24080.729820604265,24206.668597565,23834.16220832891,0.0003313988325206,0.0046539471365399,-0.0043225483040192,0.0171308675929228,0.005,0.0,-0.008608334059417855,2019-08-27
2019-08-22,24105.933886941053,24268.10854960401,23859.81315714551,24038.473331445308,506794.6883,0.0,0.0,24038.473331445308,24105.933886941053,24268.10854960401,23859.81315714551,0.0058673564151556,0.0062220716153397,-0.000354715200184,0.0191021703383696,0.005,0.0,-0.009892260598224123,2019-08-27
2019-08-23,24080.275760701432,24256.937283235053,23880.047750436643,24009.863367675785,452077.6391,0.0,0.0,24009.863367675785,24080.275760701432,24256.937283235053,23880.047750436643,-0.000862374365391,0.0008826772098589,-0.0017450515752499,0.0169964058238791,0.005,0.0,-0.008712456027143323,2019-08-27
2019-08-26,23934.34099875588,24180.956455497068,23685.226775906405,23925.16474160157,427812.8786,53.60016312,0.0,23925.16474160157,23934.34099875588,24180.956455497068,23685.226775906405,-0.001887535606975,-0.0046571472788635,0.0027696116718884,0.022429125553197,0.005,0.0,-0.005203151329525424,2019-08-27
2019-08-27,23966.4879346236,24120.2498089522,23640.40210569523,23800.67848886719,456163.53039999993,0.0,0.0,23800.67848886719,23966.4879346236,24120.2498089522,23640.40210569523,-0.0018580705896203,0.0030083401786321,-0.0048664107682524,0.0195054961769318,0.005,1.0,0.009420013283419681,2019-08-30
2019-08-28,23806.173877559504,24033.468109664464,23561.987981927487,23750.312002148443,394369.8571999999,0.0,0.0,23750.312002148443,23806.173877559504,24033.468109664464,23561.987981927487,-0.0052108997244773,-0.0005273244586769,-0.0046835752658004,0.0196138191881561,0.005,1.0,0.011560656306891515,2019-08-30
2019-08-29,23812.98508587668,24010.157244895126,23602.63246998735,23800.33199375,330682.5537,0.0,0.0,23800.33199375,23812.98508587668,24010.157244895126,23602.63246998735,0.0003936819463562,0.0033307453601936,-0.0029370634138374,0.0194061830661449,0.005,1.0,0.00943470883917441,2019-08-30
2019-08-30,23920.29424460228,24176.9430611928,23726.991367678576,24024.88119638672,268733.3971,0.0,0.0,24024.88119638672,23920.29424460228,24176.9430611928,23726.991367678576,0.01155195468449,0.0040506637347589,0.0075012909497311,0.0187678973124873,0.005,0.0,-0.005656192146181405,2019-09-03
2019-09-02,24024.88119638672,24024.88119638672,24024.88119638672,24024.88119638672,0.0,0.0,0.0,24024.88119638672,24024.88119638672,24024.88119638672,24024.88119638672,0.0,-3.147482274812319e-17,5.035971639699709e-17,5.035971639699709e-17,0.005,0.0,-0.005656192146181405,2019-09-03
2019-09-03,24044.28245401821,24148.413746946542,23708.179926933462,23888.991852050774,322067.7032,0.0,0.0,23888.991852050774,24044.28245401821,24148.413746946542,23708.179926933462,-0.0071018551223158,-3.528750310110215e-05,-0.0070665676192147,0.0203334955671769,0.005,0.0,-0.012474280742409527,2019-09-04
2019-09-04,23782.022492002667,24030.13575656069,23302.48105500677,23590.99386103516,374499.6024,0.0,0.0,23590.99386103516,23782.022492002667,24030.13575656069,23302.48105500677,-0.0088560955888638,-0.0054731845050117,-0.0033829110838521,0.0286470461954604,0.005132352300500607,0.0,-0.01238485632079156,2019-09-10
2019-09-05,23696.965712151647,23928.56520289674,23456.57012282653,23606.2349109375,389828.0007999999,51.00000000000001,0.0,23606.2349109375,23696.965712151647,23928.56520289674,23456.57012282653,-0.0031265123347828,0.0033927537007153,-0.0065192660354982,0.0211611407921036,0.005595389950351644,0.0,-0.013022496831695207,2019-09-10
2019-09-06,23596.02339527677,23758.78114256984,23473.09204012337,23617.15736259766,281111.0758,0.0,0.0,23617.15736259766,23596.02339527677,23758.78114256984,23473.09204012337,-0.0004352324802004,0.0010733799154118,-0.0015086123956123,0.0139602485726333,0.005374618182802409,0.0,-0.005625982803579288,2019-09-09
2019-09-09,23681.884875583568,23784.898858744076,23384.211231899677,23484.28764140626,365230.4706,0.0,0.0,23484.28764140626,23681.884875583568,23784.898858744076,23384.211231899677,-0.0078894207309248,0.0015079306926417,-0.0093973514235665,0.0201716735438577,0.0051140254448544436,0.0,-0.007897401557869443,2019-09-10
2019-09-10,23602.18640981355,23737.145968091874,23187.160336245503,23298.822791601564,448036.21059999993,0.0,0.0,23298.822791601564,23602.18640981355,23737.145968091874,23187.160336245503,-0.0068060797211153,0.0041921386186486,-0.0109982183397639,0.0244422016013214,0.005307964553359565,1.0,0.006447326570182987,2019-09-12
2019-09-11,23319.647610357835,23598.61130218156,23120.028445395816,23384.039889062504,293400.36220000003,0.0,0.0,23384.039889062504,23319.647610357835,23598.61130218156,23120.028445395816,0.0044004870073286,0.0012880138574025,0.003112473149926,0.0210968187777169,0.0052950056461724725,1.0,0.008194076620626989,2019-09-13
2019-09-12,23432.93374014924,23619.49101482161,23245.6973569761,23449.03791083984,625996.0419,0.0,0.0,23449.03791083984,23432.93374014924,23619.49101482161,23245.6973569761,0.0059812410013578,0.0006530657668641,0.0053281752344937,0.0187037528831309,0.00539419999670634,1.0,0.0053994792133842395,2019-09-13
2019-09-13,23516.736640562416,23730.91522628123,23332.53970505947,23575.65050361328,583033.7753000001,0.0,0.0,23575.65050361328,23516.736640562416,23730.91522628123,23332.53970505947,0.003254075300813,0.0026749620080526,0.0005791132927604,0.0163350857929745,0.005592004680461556,1.0,0.005696474424581988,2019-09-16
2019-09-16,23542.95321477893,23928.036118788783,23347.222611600315,23709.94859375,381719.9997,0.0,0.0,23709.94859375,23542.95321477893,23928.036118788783,23347.222611600315,0.0065439935563979,0.0026782669721449,0.003865726584253,0.0257459305321566,0.005450650682355493,0.0,-0.003831025582773928,2019-09-23
2019-09-17,23732.22031888168,23834.890812901893,23403.567516338317,23726.076571777343,270881.8963,0.0,0.0,23726.076571777343,23732.22031888168,23834.890812901893,23403.567516338317,-0.0009148208806581,-0.0002526709767503,-0.0006621499039078,0.0188242445481453,0.0055817900922318225,0.0,-0.0057226079319780965,2019-09-24
2019-09-18,23797.61084219558,23932.96257300869,23521.587843085865,23682.59161416016,507471.8438,95.3703677,0.0,23682.59161416016,23797.61084219558,23932.96257300869,23521.587843085865,-0.0020484429768316,0.0047820391912956,-0.0068304821681273,0.0196190827524549,0.005322595964056694,0.0,-4.176246314135934e-05,2019-09-25
2019-09-19,23755.683791477302,23865.36381433023,23521.926993713787,23745.641861914068,302023.0383,12.644628084,0.03366,23745.641861914068,23755.683791477302,23865.36381433023,23521.926993713787,0.0013676907096105,0.0033412871128732,-0.0019735964032626,0.0150078016364291,0.005108401546494768,0.0,-0.005328417253522066,2019-09-23
2019-09-20,23766.26956053693,23966.51960842479,23606.96964684001,23786.64858710938,631804.0254,0.0,0.0,23786.64858710938,23766.26956053693,23966.51960842479,23606.96964684001,0.0002836589042444,5.86223061110553e-05,0.0002250365981334,0.0155902466444267,0.005,0.0,-0.0070431701370103905,2019-09-23
2019-09-23,23804.34012821877,23938.80360478947,23406.68831690861,23619.11517412109,483045.0742,0.0,0.0,23619.11517412109,23804.34012821877,23938.80360478947,23406.68831690861,-0.0057702919888261,0.000121872621517,-0.0058921646103431,0.0232384872996915,0.005,1.0,0.005244422520407577,2019-09-30
2019-09-24,23641.77415704834,23923.05121228088,23414.804805576023,23590.30153779297,501685.9281,0.0,0.0,23590.30153779297,23641.77415704834,23923.05121228088,23414.804805576023,0.002843844314161,0.001267690006865,0.0015761543072959,0.0213420021837178,0.005,1.0,0.006472246894121847,2019-09-30
2019-09-25,23717.323836843814,24018.993449864927,23477.3589080363,23681.60257080078,435105.3425,13.3,0.0,23681.60257080078,23717.323836843814,24018.993449864927,23477.3589080363,0.0022607959401403,0.0006476617797104,0.0016131341604298,0.0180600284558399,0.005,0.0,0.0037309052529503894,2019-10-02
2019-09-26,23734.04151532547,24055.241256879825,23523.24625792991,23623.525062890632,312481.6074000001,0.0,0.0,23623.525062890632,23734.04151532547,24055.241256879825,23523.24625792991,-0.0025684610860981,0.0043382278468719,-0.0069066889329701,0.0194168533409343,0.005,1.0,0.005056769912351822,2019-09-30
2019-09-27,23768.212427938317,23902.644660690585,23489.14822950734,23682.710242578127,559045.8144999999,0.0,0.0,23682.710242578127,23768.212427938317,23902.644660690585,23489.14822950734,0.0007213362077481,0.0024224686889257,-0.0017011324811775,0.0181148261039067,0.005,0.0,-0.00497129749672276,2019-10-04
2019-09-30,23762.704038012067,23951.7602933006,23549.231549808494,23742.983793652347,446409.321,6.791666721,0.0,23742.983793652347,23762.704038012067,23951.7602933006,23549.231549808494,0.0054677750352899,0.003286413187921,0.0021813618473689,0.0176143723746867,0.005,0.0,-0.007497261117886511,2019-10-04
2019-10-01,23795.34729888568,23927.159986497696,23599.55999827292,23771.22049082032,408725.698,28.6,0.0,23771.22049082032,23795.34729888568,23927.159986497696,23599.55999827292,0.0022010764422354,0.0018621142025619,0.0003389622396735,0.0144194857994104,0.005,0.0,-0.008676207705295425,2019-10-04
2019-10-02,23806.69109647781,23898.73956983212,23570.816166316232,23769.956386230464,499458.0696999999,23.8,0.0,23769.956386230464,23806.69109647781,23898.73956983212,23570.816166316232,-0.0026533333421274,-0.0007861345786075,-0.0018671987635199,0.0153194193325314,0.005,0.0,-0.008623488342436203,2019-10-04
2019-10-03,23809.47409482937,23944.56150447465,23581.92262918476,23716.13592089844,562969.7024999999,0.0,0.0,23716.13592089844,23809.47409482937,23944.56150447465,23581.92262918476,0.0010906662584462,0.0041535811963096,-0.0030629149378633,0.0173399865302152,0.005,0.0,-0.006373697509957754,2019-10-04
2019-10-04,23720.78828315571,23882.520186024023,23120.9132152306,23564.97644443359,463147.6063,0.0,0.0,23564.97644443359,23720.78828315571,23882.520186024023,23120.9132152306,-0.0043405976232676,-0.000369915437211,-0.0039706821860566,0.0201580686595686,0.005,0.0,0.0006597693387238035,2019-10-11
2019-10-07,23570.06237843103,23838.11098688257,23303.06479492276,23581.05057978515,479666.8864,0.0,0.0,23581.05057978515,23570.06237843103,23838.11098688257,23303.06479492276,-0.0008382709904308,0.0019353517632422,-0.002773622753673,0.0206294320574318,0.005,0.0,0.004224046832634443,2019-10-14
2019-10-08,23670.09957423233,23795.92275039379,23438.268644898977,23589.9659131836,312350.86259999993,0.0,0.0,23589.9659131836,23670.09957423233,23795.92275039379,23438.268644898977,0.0021610400077904,0.0025121011214694,-0.000351061113679,0.0157921736348266,0.005,0.0,0.0020757668501296678,2019-10-15
2019-10-09,23573.58786983814,23791.53724871126,23348.828371725045,23544.475329492183,318766.1926,0.0,0.0,23544.475329492183,23573.58786983814,23791.53724871126,23348.828371725045,0.0006682637978944,0.0002563640408046,0.0004118997570897,0.0189166720914782,0.005,1.0,0.005784062307564675,2019-10-14
2019-10-10,23542.60720906418,23708.78509371207,23366.646914977784,23519.42497246094,383987.7799,0.0,0.0,23519.42497246094,23542.60720906418,23708.78509371207,23366.646914977784,-0.0017345307750049,-0.0001976505706533,-0.0015368802043515,0.0166806057172164,0.005,1.0,0.006855315107607174,2019-10-14
2019-10-11,23516.574225469278,23693.36652332036,23370.78698070445,23580.523893359376,261848.90140000003,0.0,0.0,23580.523893359376,23516.574225469278,23693.36652332036,23370.78698070445,0.0010359656426625,-0.0006931649962184,0.0017291306388809,0.0136499606770145,0.005,0.0,-0.0071346009853188175,2019-10-17
2019-10-14,23557.412704452883,23826.35904252317,23403.967588577936,23680.658041796883,573757.799,0.0,0.0,23680.658041796883,23557.412704452883,23826.35904252317,23403.967588577936,0.0032473865969962,0.00176534657797,0.0014820400190261,0.0176647018516012,0.005,0.0,-0.006404479313988354,2019-10-16
2019-10-15,23632.19015942454,23748.94501598184,23477.944086343447,23638.93318242188,297262.7260999999,0.0,0.0,23638.93318242188,23632.19015942454,23748.94501598184,23477.944086343447,-0.001186931887626,-0.002681068550374,0.0014941366627479,0.0121064778220701,0.005,0.0,-0.009587865760157688,2019-10-17
2019-10-16,23608.478946072715,23785.386441913623,23432.30153955953,23528.995757226563,284599.792,0.0,0.0,23528.995757226563,23608.478946072715,23785.386441913623,23432.30153955953,-0.0045552116698454,-0.0003840760229363,-0.0041711356469091,0.0146114458990103,0.005,0.0,-0.0055124980139870106,2019-10-18
2019-10-17,23574.25979132169,23725.765458508336,23299.01704900128,23412.28626435548,401562.9479,0.0,0.0,23412.28626435548,23574.25979132169,23725.765458508336,23299.01704900128,-0.002589513824058,-9.257401533241958e-05,-0.0024969398087256,0.0156525341702291,0.005,0.0,-0.009911891007450269,2019-10-21
2019-10-18,23541.71006368781,23806.08982090282,23249.9117749926,23399.292214843743,309265.9988,0.0,0.0,23399.292214843743,23541.71006368781,23806.08982090282,23249.9117749926,0.0005131706947451,0.0033216446305681,-0.002808473935823,0.0197556945830115,0.005,0.0,-0.009362077201498065,2019-10-21
2019-10-21,23425.2710970582,23614.01371605392,23031.219038537103,23180.226234667964,274427.0921,8.52,0.0,23180.226234667964,23425.2710970582,23614.01371605392,23031.219038537103,-0.0047838395943645,0.0003398480197341,-0.0051236876140986,0.0188362588403144,0.005,1.0,0.007011231018459352,2019-10-22
2019-10-22,23102.385764331822,23479.63313377936,22909.90874532045,23342.74815585937,297479.72190000006,0.0,0.0,23342.74815585937,23102.385764331822,23479.63313377936,22909.90874532045,0.0026804317225516,9.255662148992671e-05,0.0025878751010617,0.018834368291324,0.005,1.0,0.0052969925628860715,2019-10-25
2019-10-23,23321.703826236462,23555.26234929916,23173.26419213935,23345.54742949218,191807.6309,0.0,0.0,23345.54742949218,23321.703826236462,23555.26234929916,23173.26419213935,7.395011479748134e-06,-0.0022201228719582,0.0022275178834379,0.0165422943192731,0.005,1.0,0.005176451317369324,2019-10-25
2019-10-24,23335.329915365608,23518.88470890125,23177.362109288195,23398.19082939453,464580.8493,0.0,0.0,23398.19082939453,23335.329915365608,23518.88470890125,23177.362109288195,-7.133037424585911e-05,-0.0024529344070435,0.0023816040327977,0.0148271323349936,0.005,1.0,0.005696411154444192,2019-10-31
2019-10-25,23401.969546189903,23666.144050405685,23221.22413518172,23466.39451923828,322262.9326,0.0,0.0,23466.39451923828,23401.969546189903,23666.144050405685,23221.22413518172,0.0001381484277401,-0.0009800070086719,0.0011181554364121,0.0192743210154497,0.005,0.0,-0.001960673259321699,2019-11-01
2019-10-28,23577.923697627488,23675.79518808078,23337.30491761077,23480.64254072266,328505.16669999994,0.0,0.0,23480.64254072266,23577.923697627488,23675.79518808078,23337.30491761077,-0.0020730802437567,0.0015181396948276,-0.0035912199385844,0.0151621457552596,0.005,0.0,-0.0013522057045075586,2019-11-04
2019-10-29,23492.917991392427,23693.00574365739,23353.024408524994,23499.306208105478,324967.36630000005,0.0,0.0,23499.306208105478,23492.917991392427,23693.00574365739,23353.024408524994,-0.000849521543976,0.0016414292694639,-0.0024909508134399,0.0136349172084907,0.005,0.0,-0.001826605551818239,2019-11-05
2019-10-30,23559.70440876634,23614.69287373488,23331.763007000336,23482.988912011715,322472.1684,0.0,0.0,23482.988912011715,23559.70440876634,23614.69287373488,23331.763007000336,-0.0013330904038802,0.000978022563024,-0.0023111129669043,0.0099638571995608,0.005,0.0,-5.27723054964957e-05,2019-11-06
2019-10-31,23494.446429767664,23696.4634277191,23359.93818637643,23531.47654462891,286401.8497,0.0,0.0,23531.47654462891,23494.446429767664,23696.4634277191,23359.93818637643,0.0036037495915049,0.0015694108406344,0.0020343387508705,0.0164838570057352,0.005,0.0,-0.0009665998990089353,2019-11-07
2019-11-01,23447.39044481617,23630.90784768604,23270.045453145933,23420.38458701172,351934.7397000001,0.0,0.0,23420.38458701172,23447.39044481617,23630.90784768604,23270.045453145933,-0.0046740273029502,-0.0031995456692088,-0.0014744816337414,0.0159799637112444,0.005,0.0,0.0034943393262558686,2019-11-08
2019-11-04,23487.312203571284,23633.28298712747,23278.5554873442,23448.891881933592,864496.6110999999,0.0,0.0,23448.891881933592,23487.312203571284,23633.28298712747,23278.5554873442,0.0021058686911278,0.0015615250082447,0.000544343682883,0.017560684969564,0.005,0.0,-0.0050292785384143945,2019-11-11
2019-11-05,23427.19420372216,23576.87472059874,23325.12872334659,23456.382244921875,338283.18519999995,0.0,0.0,23456.382244921875,23427.19420372216,23576.87472059874,23325.12872334659,0.0004185426425865,-0.0022993508245235,0.00271789346711,0.0117753220054007,0.005,0.0,-0.005347004084862439,2019-11-11
2019-11-06,23526.74050264549,23676.768248497825,23306.27778039074,23481.74966054688,373135.4268,0.0,0.0,23481.74966054688,23526.74050264549,23676.768248497825,23306.27778039074,0.0014610709764353,0.0017665181655042,-0.0003054471890688,0.0153873876765158,0.005,0.0,-0.006421531167161931,2019-11-11
2019-11-07,23589.811797444792,23710.05206356801,23404.31022900141,23508.73102177734,303386.4746,70.5,0.0,23508.73102177734,23589.811797444792,23710.05206356801,23404.31022900141,0.0008416102057482,0.003876334105013,-0.0030347238992648,0.0124870467860186,0.005,0.0,-0.007561877685804408,2019-11-11
2019-11-08,23576.333228307336,23657.92261320967,23435.613132460665,23502.223357910152,306321.9697,0.0,0.0,23502.223357910152,23576.333228307336,23657.92261320967,23435.613132460665,-0.0004040254721337,0.0009430454376535,-0.0013470709097873,0.0090289237378448,0.005,0.0,-0.007287075867667969,2019-11-11
2019-11-11,23522.272096053857,23654.05673385109,23193.73964298228,23330.960873242184,428769.8531,0.0,0.0,23330.960873242184,23522.272096053857,23654.05673385109,23193.73964298228,-0.0039494034212506,0.0010135937467062,-0.0049629971679567,0.0149014540402132,0.005,0.0,-0.0074191320884371414,2019-11-14
2019-11-12,23377.28059509739,23509.86512036318,23241.97958701587,23357.24592773437,456002.252,0.0,0.0,23357.24592773437,23377.28059509739,23509.86512036318,23241.97958701587,0.0019372612934395,0.0017273138598996,0.0002099474335399,0.0109424091029418,0.005,0.0,-0.008536132024203447,2019-11-14
2019-11-13,23409.812128985657,23516.715549295564,23102.227087925166,23246.710572753916,372938.1523000001,0.0,0.0,23246.710572753916,23409.812128985657,23516.715549295564,23102.227087925166,-0.001614445911192,0.0008126049637331,-0.0024270508749251,0.0155382912919921,0.005,0.0,-0.006357350803594786,2019-11-20
2019-11-14,23221.10550872974,23410.411407941985,23021.87234044165,23157.86539277344,745883.0928999999,0.0,0.0,23157.86539277344,23221.10550872974,23410.411407941985,23021.87234044165,-0.0030475989093682,-0.0006424754860801,-0.0024051234232881,0.0157042614223222,0.005,0.0,-0.005865667503143768,2019-11-21
2019-11-15,23184.725638214943,23320.71166172036,22620.261407702965,23211.39080888672,432407.4983,0.0,0.0,23211.39080888672,23184.725638214943,23320.71166172036,22620.261407702965,0.0013645981723896,0.0015301325889475,-0.000165534416558,0.0178906462159496,0.005,0.0,-0.008158139085631566,2019-11-21
2019-11-18,23239.181418546243,23383.75927053441,23022.394406418174,23159.072965722666,477805.2371,0.0,0.0,23159.072965722666,23239.181418546243,23383.75927053441,23022.394406418174,-0.0053556343281208,0.001872384262204,-0.0072280185903249,0.0189774360225679,0.005,0.0,-0.005917504194948964,2019-11-21
2019-11-19,23157.960775237265,23389.110738961183,23045.95746865743,23166.0288125,257344.9339,0.0,0.0,23166.0288125,23157.960775237265,23389.110738961183,23045.95746865743,0.0023250284539238,0.003907377697288,-0.0015823492433642,0.0152264374063219,0.005,0.0,-0.006215988047352683,2019-11-21
2019-11-20,23231.263282210948,23340.47722364204,22965.17023721823,23098.923078613283,387703.2218,0.0,0.0,23098.923078613283,23231.263282210948,23340.47722364204,22965.17023721823,0.0022388873663477,0.0045181458559976,-0.0022792584896498,0.0164990487061092,0.005,0.0,-0.013694701809053633,2019-11-22
2019-11-21,23137.046232658424,23417.1509384151,22839.58270953062,23022.029054296872,631046.0998,0.0,0.0,23022.029054296872,23137.046232658424,23417.1509384151,22839.58270953062,0.0016398353518176,0.0010156341014462,0.0006242012503713,0.0197611302514843,0.005,0.0,-0.010400422951024613,2019-11-22
2019-11-22,23131.45205426625,23291.95964500001,22554.620264915822,22782.590214941407,406563.8081,198.45,0.0,22782.590214941407,23131.45205426625,23291.95964500001,22554.620264915822,-0.0074553807972681,-0.0002062089583275,-0.0072491718389406,0.0270169153673216,0.005,0.0,-0.008505443865659323,2019-11-28
2019-11-25,22885.38748888655,23030.743385599933,22479.993095643425,22702.180245996093,278889.81029999995,0.0,0.0,22702.180245996093,22885.38748888655,23030.743385599933,22479.993095643425,-0.0030225324594452,0.0010532148109662,-0.0040757472704114,0.0221688267190944,0.005,0.0,-0.011407629458933699,2019-11-29
2019-11-26,22946.712593288,23040.49279812636,22595.577792799257,22715.249221484377,318230.38,0.0,0.0,22715.249221484377,22946.712593288,23040.49279812636,22595.577792799257,0.0051600550045217,0.0083787713955969,-0.0032187163910751,0.0143816942239724,0.005,0.0,-0.005566086794719816,2019-11-28
2019-11-27,22702.893369675752,22905.204571050315,22554.83535170992,22677.895292675785,216486.9939,0.0,0.0,22677.895292675785,22702.893369675752,22905.204571050315,22554.83535170992,-0.0017135905391949,-0.0010005146892369,-0.0007130758499579,0.0163120253913907,0.005,0.0,-0.010348980970546151,2019-11-29
2019-11-28,22679.84584982778,22826.43467065444,22453.867357031115,22588.814172753904,395886.0678,0.0,0.0,22588.814172753904,22679.84584982778,22826.43467065444,22453.867357031115,-0.0039246575657312,0.0002798793355678,-0.004204536901299,0.0161549943320189,0.005,0.0,-0.006446198804437198,2019-11-29
2019-11-29,22502.84222434299,22675.49828467948,22302.275826552406,22443.202185839844,219544.3516,0.0,0.0,22443.202185839844,22502.84222434299,22675.49828467948,22302.275826552406,-0.0060262530738308,-0.0051374400981067,-0.0008888129757241,0.0121689605139303,0.005,1.0,0.005001851666806667,2019-12-06
2019-12-02,22473.83819146134,22664.75989559768,22262.307096683035,22515.589481835945,356289.07869999995,0.0,0.0,22515.589481835945,22473.83819146134,22664.75989559768,22262.307096683035,0.0020465898774572,0.0036371328116819,-0.0015905429342247,0.0192905994507118,0.005,1.0,0.007224097638131477,2019-12-09
2019-12-06,22477.983464941823,22734.166577095184,22377.91974503693,22555.459754101565,167808.29969999997,0.0,0.0,22555.459754101565,22477.983464941823,22734.166577095184,22377.91974503693,-0.0022943290568046,-0.003852266181471,0.0015579371246664,0.014392398571931,0.005,1.0,0.005443672878754802,2019-12-09
2019-12-09,22667.999518139837,22859.39174886592,22433.326975359323,22678.244298632813,235154.31000000003,151.75,0.0,22678.244298632813,22667.999518139837,22859.39174886592,22433.326975359323,0.0041357710517109,0.0035320348878294,0.0006037361638815,0.0209096415700139,0.005,0.0,-0.005813106593652417,2019-12-10
2019-12-10,22643.554221269733,22750.47311458345,22406.59551981571,22546.41324716797,233033.626,0.0,0.0,22546.41324716797,22643.554221269733,22750.47311458345,22406.59551981571,-0.0038272889348391,-0.0016258069667866,-0.0022014819680524,0.0166038936922657,0.005,1.0,0.00828433357683811,2019-12-12
2019-12-11,22582.3066315678,22759.548661736968,22435.169480848333,22604.24351992188,177939.88700000002,25.28925678,0.0,22604.24351992188,22582.3066315678,22759.548661736968,22435.169480848333,0.0032855446258939,4.9864524760545085e-05,0.0032356801011334,0.0139402202828506,0.005,1.0,0.005704757844836372,2019-12-12
2019-12-12,22719.45419241641,22898.76102799172,22519.971429061123,22733.19525546875,238078.3268,20.01,0.0,22733.19525546875,22719.45419241641,22898.76102799172,22519.971429061123,0.0071666511352545,0.0041723611069094,0.002994290028345,0.0172506811578898,0.005,0.0,-0.005810517583529573,2019-12-16
2019-12-13,22767.486825993303,22903.46073925141,22615.604255066944,22720.82039140625,310584.00849999994,0.0,0.0,22720.82039140625,22767.486825993303,22903.46073925141,22615.604255066944,1.1290042593464844e-05,0.0002740116591241,-0.0002627216165306,0.0139100643555538,0.005,0.0,-0.0052690336280504235,2019-12-16
2019-12-16,22685.215510644768,22847.03942751133,22487.215119750093,22601.103624707037,254662.2384,91.65,0.0,22601.103624707037,22685.215510644768,22847.03942751133,22487.215119750093,-0.0053753999431911,-0.0034287605353395,-0.0019466394078516,0.0182883844852107,0.005,0.0,-0.007545896842751976,2019-12-18
2019-12-17,22592.19870455285,22722.12794571985,22462.656071178146,22510.10396035156,333519.2586999999,0.0,0.0,22510.10396035156,22592.19870455285,22722.12794571985,22462.656071178146,-0.005141988311698,-0.001123850514432,-0.004018137797266,0.0112886051294037,0.005,0.0,-0.001362892894507639,2019-12-24
2019-12-18,22503.760303547577,22637.2854646336,22325.66886598661,22430.55802822265,280449.2677,0.0,0.0,22430.55802822265,22503.760303547577,22637.2854646336,22325.66886598661,-0.0038394802912672,-0.0008455834961734,-0.0029938967950937,0.0138711477153636,0.005,1.0,0.006181996840770365,2019-12-20
2019-12-19,22371.660226040563,22607.62021461037,22254.99571334249,22434.251722265624,204633.2946,0.0,0.0,22434.251722265624,22371.660226040563,22607.62021461037,22254.99571334249,-0.0001891027174202,-0.006249403454726,0.0060603007373057,0.0185582687396291,0.005,1.0,0.006016333706831745,2019-12-20
2019-12-20,22491.585800744717,22661.179271501835,22381.18324418003,22569.22366708984,189083.5148,23.8,0.0,22569.22366708984,22491.585800744717,22661.179271501835,22381.18324418003,0.0020613526320349,0.000337551952973,0.0017238006790618,0.0124466132932661,0.005,0.0,-0.006589178738447776,2019-12-27
2019-12-23,22535.381204353187,22681.613168113698,22369.61337325115,22544.795358496096,200709.383,14.2,0.0,22544.795358496096,22535.381204353187,22681.613168113698,22369.61337325115,-0.0027769831415698,-0.0036809764421446,0.0009039933005748,0.0177401634311727,0.005,0.0,-0.005512773044084485,2019-12-27
2019-12-24,22520.870717586087,22632.81300233481,22345.59960037459,22479.42509960937,174011.61609999998,0.0,0.0,22479.42509960937,22520.870717586087,22632.81300233481,22345.59960037459,-0.0015907497344269,-0.0003215845872115,-0.0012691651472154,0.0146000890446953,0.005,0.0,0.0015030163106226624,2019-12-31
2019-12-25,22500.233557872907,22713.87946923546,22324.59638862943,22537.750559765627,298470.73040000006,0.0,0.0,22537.750559765627,22500.233557872907,22713.87946923546,22324.59638862943,0.0019770311353199,8.06809861531025e-05,0.0018963501491669,0.0182742014822216,0.005,0.0,-0.005201918492058533,2019-12-27
2019-12-26,22552.975280852028,22656.21132885465,22342.54928273531,22493.95351943359,243620.1429,6.99942846,0.0,22493.95351943359,22552.975280852028,22656.21132885465,22342.54928273531,-0.0011959748114611,0.0011930024709437,-0.0023889772824048,0.0137283817964179,0.005,0.0,-0.08853692909743482,2020-07-28
2019-12-27,22554.59033405663,22610.254528406444,22318.768721741308,22420.51101835938,222980.8574,0.0,0.0,22420.51101835938,22554.59033405663,22610.254528406444,22318.768721741308,-0.0024736827809204,0.0030457763731009,-0.0055194591540213,0.0154765787501852,0.005,0.0,-0.08555126443042294,2020-07-28
2019-12-30,22675.064647077743,22856.4751769635,22232.88414748782,22511.45356230469,467776.943,367.4199804,0.0704159999999999,22511.45356230469,22675.064647077743,22856.4751769635,22232.88414748782,0.0028024921019667,0.0097300837984996,-0.0069275916965329,0.0253173018960181,0.005,0.0,-0.08924548586708414,2020-07-28
2019-12-31,22469.751321057047,22694.1935238501,22205.28774758371,22513.2120421875,199573.2306,0.0,0.0,22513.2120421875,22469.751321057047,22694.1935238501,22205.28774758371,0.0009613447645052,-0.002701196490027,0.0036625412545322,0.020384181868963,0.005,0.0,-0.089316623805477,2020-07-28
2020-07-28,19812.450113797357,20697.29707222008,19620.815336073043,20502.407951562505,492813.8389000001,0.0,0.0,20502.407951562505,19812.450113797357,20697.29707222008,19620.815336073043,,,0.0296133136384975,0.043132759587532,0.005,0.0,-0.024370458490243663,2020-07-29
2020-07-29,20211.905426017485,20548.202633356846,19694.0845530744,20002.75486962891,533358.7728,4.26,0.0,20002.75486962891,20211.905426017485,20548.202633356846,19694.0845530744,-0.0176859673993409,-0.0110071727700607,-0.0066787946292802,0.0361375807554923,0.005,1.0,0.009277996630701058,2020-08-03
2020-07-30,20005.466864214708,20324.68895700081,19851.471049571675,20084.3809506836,208542.39430000004,13.4,0.0,20084.3809506836,20005.466864214708,20324.68895700081,19851.471049571675,0.004301997171517,0.0011996443889771,0.0031023527825398,0.0216940577997227,0.006161010654793543,1.0,0.01919290209020752,2020-08-04
2020-07-31,19947.45907142537,20246.427928606696,19678.685487797,19979.07847841797,433464.4943,0.0,0.0,19979.07847841797,19947.45907142537,20246.427928606696,19678.685487797,9.408966680627068e-05,-0.0053346656186928,0.0054287552854991,0.0273871776064332,0.006181494750688049,1.0,0.010474050828827908,2020-08-03
2020-08-03,19930.78937922598,20396.66194441224,19813.30117374453,20188.340361914063,511229.8677,0.0,0.0,20188.340361914063,19930.78937922598,20396.66194441224,19813.30117374453,0.011090621850269,-0.0056819224832185,0.0167725443334876,0.0304740500468165,0.005879787664553614,1.0,0.013944590830731629,2020-08-04
2020-08-04,20268.854032086558,20635.97498717699,20130.438496663748,20469.8585078125,528190.03,0.0,0.0,20469.8585078125,20268.854032086558,20635.97498717699,20130.438496663748,0.0147861458894951,0.0053264001229946,0.0094597457665005,0.0252890175369697,0.006785947944476578,1.0,0.014797202629662554,2020-08-05
2020-08-05,20596.920474594037,21107.228528278112,20389.50058015708,20772.755151953123,538826.8812000001,152.75,0.0,20772.755151953123,20596.920474594037,21107.228528278112,20389.50058015708,0.0089551158407926,0.0037252398280615,0.0052298760127311,0.0289379716975112,0.007916554536750133,1.0,0.008219983410256315,2020-08-06
2020-08-06,20833.842021767203,21150.039450496824,20631.083769315785,20943.506854687494,436872.2091000001,0.0,0.0,20943.506854687494,20833.842021767203,21150.039450496824,20631.083769315785,0.004500153554362,0.0002215021270558,0.0042786514273061,0.0224364264285917,0.007862959082445683,0.0,0.005472090940465302,2020-08-13
2020-08-07,20944.45885251287,21146.507752775324,20706.37426573416,20962.27572998047,423751.0915,0.0,0.0,20962.27572998047,20944.45885251287,21146.507752775324,20706.37426573416,-0.0016491423799607,-0.002133917131554,0.0004847747515932,0.0188915734762184,0.007494441958244845,0.0,-0.00830838797620681,2020-08-11
2020-08-10,21049.31557646885,21246.26699231265,20766.522978816483,20912.182501367188,458115.7041,0.0,0.0,20912.182501367188,21049.31557646885,21246.26699231265,20766.522978816483,0.0012043151232023,0.0059651857853788,-0.0047608706621764,0.0218661244437696,0.00721942329523885,1.0,0.017642597445484798,2020-08-14
2020-08-11,20880.96555927038,20982.63650041541,20635.269607245904,20788.113010351568,388622.4245,0.0,0.0,20788.113010351568,20880.96555927038,20982.63650041541,20635.269607245904,-0.0063034220988298,-0.003360998625057,-0.0029424234737727,0.0156984767457027,0.0068564109256950695,1.0,0.01298812539274663,2020-08-13
2020-08-12,20788.503374504893,21037.2943857431,20688.194140944408,20874.983345996097,371206.1996,0.0,0.0,20874.983345996097,20788.503374504893,21037.2943857431,20688.194140944408,0.0038146845553618,-0.0002325195981583,0.0040472041535202,0.0182816427193488,0.006978656019662528,1.0,0.00877261934906537,2020-08-13
2020-08-13,20965.82441506153,21167.995262720637,20820.02700331656,21058.1116288086,605018.2544999999,0.0,0.0,21058.1116288086,20965.82441506153,21167.995262720637,20820.02700331656,0.0058391320373452,0.0039737471550056,0.0018653848823396,0.0163727935257291,0.006677939826781981,1.0,0.010590507547296957,2020-08-14
2020-08-14,21098.06880515732,21492.738970272974,20929.232351740346,21281.12771894532,543477.9243000002,0.0,0.0,21281.12771894532,21098.06880515732,21492.738970272974,20929.232351740346,0.0080046450604678,0.0020603911658594,0.0059442538946084,0.0228919490658003,0.006487052894013966,0.0,0.006299433709096247,2020-08-21
2020-08-17,21141.019951278475,21389.930167561564,20932.030870616865,21287.780041796872,355785.0613,16.06973144,0.0,21287.780041796872,21141.019951278475,21389.930167561564,20932.030870616865,0.0018655755440814,-0.0068541273616097,0.0087197029056911,0.0226853757594165,0.0064448966482661095,1.0,0.016981762788193633,2020-08-24
2020-08-18,21247.649407740013,21465.23713443064,21061.789290703608,21279.263016113284,303008.0255,0.0,0.0,21279.263016113284,21247.649407740013,21465.23713443064,21061.789290703608,0.00232178602105,-0.0024737315789982,0.0047955176000482,0.0174435207527632,0.006124396886182655,1.0,0.006387615776421329,2020-08-21
2020-08-19,21292.364219265823,21421.341780943578,21135.01477320213,21305.7575288086,317718.15760000004,0.0,0.0,21305.7575288086,21292.364219265823,21421.341780943578,21135.01477320213,0.0028989106436111,0.0002554539270283,0.0026434567165828,0.0145296488294862,0.005818416584478167,1.0,0.01612364843074965,2020-08-24
2020-08-20,21285.375897484373,21468.7816378735,21143.550277789924,21295.515846679693,598820.9121999999,0.0,0.0,21295.515846679693,21285.375897484373,21468.7816378735,21143.550277789924,0.0005804925180788,-0.0009193138207847,0.0014998063388635,0.0160911675218272,0.005530806893407514,1.0,0.005619536359087185,2020-08-21
2020-08-21,21305.700920815227,21550.54430406515,21227.997073771225,21415.186772265628,570141.3283000002,0.0,0.0,21415.186772265628,21305.700920815227,21550.54430406515,21227.997073771225,0.0067544585221021,0.0002763592603989,0.0064780992617032,0.0157896874901369,0.0052848579545250315,1.0,0.0109313686113377,2020-08-24
2020-08-24,21515.994302652045,21768.487341070213,21390.6178070808,21649.284072753908,958426.4227,0.0,0.0,21649.284072753908,21515.994302652045,21768.487341070213,21390.6178070808,0.0103018491439607,0.0049842213264901,0.0053176278174705,0.0175144050792847,0.00520664291260358,1.0,0.006599266747489674,2020-08-25
2020-08-25,21703.16892428431,21953.16648869706,21565.032207175063,21792.15347324219,927675.8824,0.0,0.0,21792.15347324219,21703.16892428431,21953.16648869706,21565.032207175063,0.0056374879370804,0.0037983659881434,0.001839121948937,0.0163608504038254,0.005463238196845338,1.0,0.00988277449225028,2020-08-31
2020-08-26,21780.50113120261,21909.87099196457,21593.760302823302,21716.491909277345,592341.4617999998,0.0,0.0,21716.491909277345,21780.50113120261,21909.87099196457,21593.760302823302,-0.0014789217515818,-0.0004300501941686,-0.0010488715574132,0.0135357287741783,0.005236581018248511,1.0,0.007086346625553075,2020-08-28
2020-08-27,21718.276490373995,22010.472148064782,21606.951385429496,21777.602271582025,739951.1627,0.0,0.0,21777.602271582025,21718.276490373995,22010.472148064782,21606.951385429496,0.0042845356311873,0.0002542108282859,0.0040303248029014,0.018181975222839,0.005211908349722002,1.0,0.010557550701380425,2020-08-31
2020-08-28,21936.77830595893,22157.7664365664,21729.144308874427,21870.382498437502,798169.3378,0.0,0.0,21870.382498437502,21936.77830595893,22157.7664365664,21729.144308874427,0.0038729822130945,0.0061405270247918,-0.0022675448116973,0.0187371098393793,0.005,1.0,0.006270485360329037,2020-08-31
2020-08-31,21923.75267284553,22259.66281542774,21683.164711617937,22007.52041171875,540907.6196999999,0.0,0.0,22007.52041171875,21923.75267284553,22259.66281542774,21683.164711617937,-0.0019502719275479,0.0002978567245059,-0.0022481286520539,0.0220986377686118,0.005,1.0,0.011757838939954635,2020-09-03
2020-09-01,22105.494530575725,22338.492457747907,21869.40129992229,22091.72409277344,546409.3761,0.0,0.0,22091.72409277344,22105.494530575725,22338.492457747907,21869.40129992229,0.0052741234424386,0.0032815203996558,0.0019926030427828,0.022396026904769,0.005,1.0,0.007901474718813972,2020-09-03
2020-09-02,22091.72409277344,22091.72409277344,22091.72409277344,22091.72409277344,0.0,0.0,0.0,22091.72409277344,22091.72409277344,22091.72409277344,22091.72409277344,0.0,2.2315482794965642e-17,-8.792966355031239e-18,2.7045032879868808e-17,0.005,1.0,0.007901474718813972,2020-09-03
2020-09-03,22177.91170783972,22399.14792409493,22018.290452204677,22266.2812921875,724851.2876,0.0,0.0,22266.2812921875,22177.91170783972,22399.14792409493,22018.290452204677,0.0063038790558289,0.0027330720416863,0.0035708070141425,0.0171416618268998,0.005,0.0,-0.009704120118950388,2020-09-07
2020-09-04,22003.475094291767,22337.721597003176,21889.02718868296,22173.69361376953,550674.3434,0.0,0.0,22173.69361376953,22003.475094291767,22337.721597003176,21889.02718868296,-0.00252283820172,-0.0124848604688722,0.0099620222671522,0.0220854219174501,0.005,0.0,-0.005569076221341396,2020-09-07
2020-09-07,22252.46941534505,22465.159270381744,21981.981848110558,22050.206623925777,764254.8125000001,0.0,0.0,22050.206623925777,22252.46941534505,22465.159270381744,21981.981848110558,-0.0063870668720027,0.0025054714713185,-0.0088925383433213,0.0213658518433108,0.005,1.0,0.007143909946801585,2020-09-08
2020-09-08,22110.39725683008,22335.984996421183,21958.53732213682,22207.73131435547,476963.3416,0.0,0.0,22207.73131435547,22110.39725683008,22335.984996421183,21958.53732213682,0.0083746828121324,0.0035857081011352,0.0047889747109972,0.0167215252508908,0.005052939529604415,1.0,0.005923659332920828,2020-09-09
2020-09-09,22099.00025909497,22452.63854511121,21971.723864704963,22339.28234921875,439758.93849999993,0.0,0.0,22339.28234921875,22099.00025909497,22452.63854511121,21971.723864704963,0.0061104034955031,-0.008183188011476,0.0142935915069792,0.0222709237595934,0.005211236835609292,1.0,0.015133503351270283,2020-09-14
2020-09-10,22420.751756128942,22641.6680000794,22201.58267553791,22388.087966308594,593379.8422999999,0.0,0.0,22388.087966308594,22420.751756128942,22641.6680000794,22201.58267553791,0.0016396665461089,0.0017771910558691,-0.0001375245097601,0.0196242871011985,0.005085161964465025,1.0,0.012920531116473288,2020-09-14
2020-09-11,22390.110987351985,22457.509774690752,22351.282965397328,22392.867335058592,64049.3812,0.0,0.0,22392.867335058592,22390.110987351985,22457.509774690752,22351.282965397328,0.0001631446122562,0.0001066423044481,5.650230780814819e-05,0.0079959174795801,0.005,1.0,0.012704340815328896,2020-09-14
2020-09-14,22522.2173049086,22777.36994785486,22379.5125465352,22677.353953515623,484462.0253,0.0,0.0,22677.353953515623,22522.2173049086,22777.36994785486,22379.5125465352,0.0157795649488224,0.0076497470721454,0.008129817876677,0.0177329652955261,0.005,1.0,0.006934065234527775,2020-09-18
2020-09-15,22764.918435469997,22992.06504997088,22560.280764620773,22718.34614375,632964.2143999998,0.0,0.0,22718.34614375,22764.918435469997,22992.06504997088,22560.280764620773,0.000267417282307,0.0026542906490564,-0.0023868733667493,0.0183014497626414,0.00600682919978972,1.0,0.008334681434727376,2020-09-21
2020-09-16,22805.133281459675,22971.20167699793,22595.866879749265,22779.360437890624,569672.1991,0.0,0.0,22779.360437890624,22805.133281459675,22971.20167699793,22595.866879749265,0.0006863742642592,0.00133959319672,-0.0006532189324608,0.0160338885471197,0.005802666709673927,1.0,0.00640535278169585,2020-09-22
2020-09-17,22795.8045976376,22938.697003950765,22594.23739245809,22756.90447851562,576390.2738000001,0.0,0.0,22756.90447851562,22795.8045976376,22938.697003950765,22594.23739245809,0.0002053913756398,0.0005897675552363,-0.0003843761795964,0.0171476960546645,0.005575466914022413,1.0,0.006626201872436788,2020-09-21
2020-09-18,22787.04794511524,23008.77245462531,22656.386131947165,22834.60020517578,548604.6665,17.85,0.0,22834.60020517578,22787.04794511524,23008.77245462531,22656.386131947165,0.0030091255329987,0.0006875005258125,0.0023216250071861,0.0146098313389779,0.005372426923436329,0.0,-0.0007566009400306051,2020-09-25
2020-09-21,22916.472260967632,23123.753972916693,22757.245321190745,22907.696321582025,722352.5577,107.7,0.0,22907.696321582025,22916.472260967632,23123.753972916693,22757.245321190745,0.0019580818784416,0.0026326364526616,-0.0006745545742199,0.0148503709185422,0.0051099735515100966,0.0,0.0027460046928551307,2020-09-28
2020-09-22,22914.688294041796,23150.362933375294,22754.08147980905,22925.27027763672,671558.6161999999,0.0,0.0,22925.27027763672,22914.688294041796,23150.362933375294,22754.08147980905,0.0016486428065345,8.071415183307735e-05,0.0015679286547014,0.0176267123085896,0.005,0.0,-0.004521438855776827,2020-09-29
2020-09-23,22979.719742409237,23073.975617825057,22786.882872145496,22885.442068359374,534632.8866000001,0.0,0.0,22885.442068359374,22979.719742409237,23073.975617825057,22786.882872145496,-0.0040446500470488,-0.0012814440672722,-0.0027632059797765,0.0119683365796987,0.005,0.0,-0.00039419986116051575,2020-09-30
2020-09-24,22863.748379973487,23028.76192989329,22688.339674619085,22820.86996582031,502161.514,0.0,0.0,22820.86996582031,22863.748379973487,23028.76192989329,22688.339674619085,0.0018464888373852,-0.0016901611409066,0.0035366499782918,0.016292699722713,0.005,1.0,0.006561143268750902,2020-09-28
2020-09-25,22915.34903824111,23047.539587984596,22712.079612625417,22817.32352519532,560766.2603,0.0,0.0,22817.32352519532,22915.34903824111,23047.539587984596,22712.079612625417,0.0001722842580399,0.0043972920913214,-0.0042250078332814,0.0161576092198029,0.005,1.0,0.006717590598170675,2020-09-28
2020-09-28,22899.582353974663,23150.47546934705,22757.934779296927,22970.60096318359,384330.4188,0.0,0.0,22970.60096318359,22899.582353974663,23150.47546934705,22757.934779296927,0.0057802854902984,0.005006517993496,0.0007737674968023,0.017657096012301,0.005,0.0,-0.006485937986479007,2020-09-29
2020-09-29,22992.14071412188,23119.38189814421,22729.447469609288,22821.615069824227,682768.4399,0.0,0.0,22821.615069824227,22992.14071412188,23119.38189814421,22729.447469609288,-0.004108154905105,6.761167365913329e-05,-0.0041757665787641,0.0159101026380933,0.005,1.0,0.010438123425289714,2020-10-01
2020-09-30,22832.89308700088,22986.142444785837,22632.94030717628,22876.42063027343,750729.9014,0.0,0.0,22876.42063027343,22832.89308700088,22986.142444785837,22632.94030717628,0.0049668133902578,0.0003676116090317,0.004599201781226,0.0147114214274605,0.005,1.0,0.008017393864989453,2020-10-01
2020-10-01,22942.80533466311,23229.32268449555,22824.20329223097,23059.829904687504,542879.6527999999,0.0,0.0,23059.829904687504,22942.80533466311,23229.32268449555,22824.20329223097,0.0076922029315814,0.0034555120151112,0.0042366909164702,0.0179322381205255,0.005,1.0,0.006857337223823867,2020-10-05
2020-10-02,23086.98364238093,23281.3342871925,22754.64802793076,23066.80473769531,747280.8301,0.0,0.0,23066.80473769531,23086.98364238093,23281.3342871925,22754.64802793076,0.0002462801516833,0.000545605962414,-0.0002993258107306,0.0260415194063432,0.005,1.0,0.006552888390546796,2020-10-05
2020-10-05,23140.984706372485,23429.385864834097,23045.605926594624,23217.958934667964,573126.5253000001,0.0,0.0,23217.958934667964,23140.984706372485,23429.385864834097,23045.605926594624,0.0078787234512029,0.0023216167329118,0.0055571067182911,0.0184509074319127,0.005,1.0,0.010112111920649758,2020-10-06
2020-10-06,23303.24082403614,23579.03687365544,23164.23977067587,23452.741533984376,534946.5709999999,0.0,0.0,23452.741533984376,23303.24082403614,23579.03687365544,23164.23977067587,0.0075533346243324,0.0028737271631405,0.0046796074611919,0.0175685316314491,0.005,1.0,0.0070288285311654874,2020-10-07
2020-10-07,23483.281284263765,23831.29555547693,23295.477189744903,23617.586832812493,568530.2668,113.6,0.0,23617.586832812493,23483.281284263765,23831.29555547693,23295.477189744903,0.0060759936612867,0.0019762634332078,0.0040997302280788,0.0219820659302466,0.005,0.0,-0.008966915972436484,2020-10-12
2020-10-08,23671.44387542113,23801.76062507046,23319.74934611837,23542.89377607421,703956.6034,0.0,0.0,23542.89377607421,23671.44387542113,23801.76062507046,23319.74934611837,-0.0008908151649386,0.0025558719665946,-0.0034466871315332,0.0205774188420893,0.005,1.0,0.005452384627408824,2020-10-09
2020-10-09,23598.522869954235,23793.41769804992,23375.42223797385,23671.258688183592,391646.9602,0.0,0.0,23671.258688183592,23598.522869954235,23793.41769804992,23375.42223797385,0.002669505591145,0.0019397172393167,0.0007297883518282,0.0158241314831048,0.005,0.0,-0.011213969458462425,2020-10-12
2020-10-12,23800.50463556376,23984.02623747412,23295.865745877432,23405.80991621094,537985.9746,0.0,0.0,23405.80991621094,23800.50463556376,23984.02623747412,23295.865745877432,-0.0088260102579344,0.0061073738477509,-0.0149333841056853,0.0267451095027253,0.005,0.0,-0.007236265340978876,2020-10-13
2020-10-13,23433.465410085297,23575.47033341798,23046.239941907654,23236.439265136723,458395.5925,0.0,0.0,23236.439265136723,23433.465410085297,23575.47033341798,23046.239941907654,-0.0038302183571533,-0.0013947636603031,-0.0024354546968502,0.0194201496136749,0.005349567513168846,0.0,0.0015871634978934512,2020-10-20
2020-10-14,23264.584479418616,23710.64278634247,23034.45276055732,23347.381458496096,608266.3273999998,0.0,0.0,23347.381458496096,23264.584479418616,23710.64278634247,23034.45276055732,0.0004570049561951,0.0020590749901384,-0.0016020700339433,0.022509790268065,0.005374968110868759,0.0,-0.004794940184517094,2020-10-21
2020-10-15,23379.82166620396,23592.97968963548,23129.28626419272,23325.16822236328,508403.3083,0.0,0.0,23325.16822236328,23379.82166620396,23592.97968963548,23129.28626419272,-0.0019313239165846,0.0016648146495577,-0.0035961385661424,0.0197641955498373,0.005119920125519184,0.0,-0.00033051226160807357,2020-10-22
2020-10-16,23332.58389195171,23550.31368334227,23041.0060296916,23233.348382910157,831341.2887999999,0.0,0.0,23233.348382910157,23332.58389195171,23550.31368334227,23041.0060296916,-0.0037239252361518,-0.0012342691480262,-0.0024896560881255,0.023907686765532,0.005,1.0,0.01240081370748869,2020-10-23
2020-10-19,23291.050800771634,23454.83669064557,23074.29890176467,23251.58187675781,428420.0137,13.55,0.0,23251.58187675781,23291.050800771634,23454.83669064557,23074.29890176467,0.0028821685207276,0.0030279190264745,-0.0001457505057469,0.0188791873896241,0.005,1.0,0.011606906260419603,2020-10-23
2020-10-20,23218.02878518651,23479.08460489272,23006.71289932821,23273.319293359367,547896.9434,0.0,0.0,23273.319293359367,23218.02878518651,23479.08460489272,23006.71289932821,0.002757828117943,-0.001775665382385,0.0045334935003281,0.022082299510454,0.005,1.0,0.010662059481959973,2020-10-23
2020-10-21,23363.03518798395,23537.773318633568,23083.371636621872,23235.432160937504,617951.5607,0.0,0.0,23235.432160937504,23363.03518798395,23537.773318633568,23083.371636621872,-0.0015867136162857,0.0017193993372964,-0.0033061129535821,0.0183157343773861,0.005,1.0,0.012310020536272503,2020-10-23
2020-10-22,23256.76843727421,23482.796764295468,23072.342316674447,23317.45896826172,397343.5212,0.0,0.0,23317.45896826172,23256.76843727421,23482.796764295468,23072.342316674447,0.0056549620429405,0.0023378506066131,0.0033171114363273,0.0186652027886016,0.005,1.0,0.008748888119574527,2020-10-23
2020-10-23,23381.053429193,23722.64151892478,23236.26325808425,23521.46080800781,575620.227,28.6,0.0,23521.46080800781,23381.053429193,23722.64151892478,23236.26325808425,0.0077711343185626,0.0028228848054465,0.0049482495131161,0.0201684978491902,0.005,0.0,-0.0072741971537525485,2020-10-26
2020-10-26,23508.752135116185,23718.0430088334,23262.29580931943,23350.3610647461,703652.4848,0.0,0.0,23350.3610647461,23508.752135116185,23718.0430088334,23262.29580931943,-0.0074823121418143,-0.0023818651114632,-0.005100447030351,0.0198162598094026,0.005,0.0,-0.005430576989558844,2020-10-27
2020-10-27,23259.35381400709,23487.55793141793,23111.60115904684,23223.55513125,559077.4353000001,146.7,0.0,23223.55513125,23259.35381400709,23487.55793141793,23111.60115904684,-0.0075579832555296,-0.0055977544584157,-0.0019602287971139,0.0177225560831547,0.005246549805271671,0.0,-0.014154319331139198,2020-10-28
2020-10-28,23219.528278067868,23414.9422679425,22717.141037191614,22894.84151591797,666519.1483999997,141.75,0.0,22894.84151591797,23219.528278067868,23414.9422679425,22717.141037191614,-0.0153030161666612,0.0015927053484598,-0.0168957215151211,0.0325115154799281,0.005605640642353917,1.0,0.006089253927193505,2020-11-02
2020-10-29,22619.383348143023,23031.31712940776,22458.98049862842,22865.94728925781,574794.2877,0.0,0.0,22865.94728925781,22619.383348143023,23031.31712940776,22458.98049862842,-0.0025043214218777,-0.0122298835728794,0.0097255621510016,0.0255460575671056,0.0070699991588892355,1.0,0.0073605841972925745,2020-11-02
2020-10-30,22919.10577915952,23226.436432355305,22666.133094446395,22898.154322753908,408548.1863,0.0,0.0,22898.154322753908,22919.10577915952,23226.436432355305,22666.133094446395,0.0015522263664582,0.0026979799201602,-0.001145753553702,0.0259281456993818,0.0067337431352062676,1.0,0.012128596898314914,2020-11-03
2020-11-02,23013.671269266808,23193.91600785068,22529.461680315217,23034.254019531247,312384.0606,0.0,0.0,23034.254019531247,23013.671269266808,23193.91600785068,22529.461680315217,0.005828283437798,0.003729975311652,0.002098308126146,0.0251569509899784,0.006469213089232038,1.0,0.009155014116121185,2020-11-04
2020-11-03,23116.915703485654,23285.324721247063,22891.1374091269,23175.87680625,434879.3569,0.0,0.0,23175.87680625,23116.915703485654,23285.324721247063,22891.1374091269,0.0087322108442732,0.0030406912282381,0.0056915196160351,0.0197831392692703,0.006505226087289083,1.0,0.006751132618590283,2020-11-09
2020-11-04,23167.411987178533,23346.45540252797,23032.266184046966,23245.132940234376,319362.8377999999,0.0,0.0,23245.132940234376,23167.411987178533,23346.45540252797,23032.266184046966,0.0040146655958119,-0.0018665955993472,0.0058812611951591,0.0155686140124578,0.006785095113114701,1.0,0.009647897952849815,2020-11-11
2020-11-05,23241.94397044978,23414.790059971438,22992.44673327855,23147.79131074219,345536.4048000001,0.0,0.0,23147.79131074219,23241.94397044978,23414.790059971438,22992.44673327855,-0.0035799174935597,-0.0009571444522474,-0.0026227730413123,0.0211538929622877,0.006546604763690856,1.0,0.007972635959149432,2020-11-09
2020-11-06,23166.28494139394,23272.42050842028,23003.70318522042,23156.781880566403,431054.879,8.52,0.0,23156.781880566403,23166.28494139394,23272.42050842028,23003.70318522042,0.001194698131722,-0.0001880334001293,0.0013827315318513,0.0129103287814253,0.006360064384199069,1.0,0.007581292791898342,2020-11-09
2020-11-09,23235.987130524085,23462.10061681181,23108.851182877228,23332.3402241211,695767.2756000002,0.0,0.0,23332.3402241211,23235.987130524085,23462.10061681181,23108.851182877228,0.0098639262426047,0.0024758018725747,0.00738812437003,0.0172832116080188,0.006055506487982851,1.0,0.011775943755861329,2020-11-12
2020-11-10,23592.582334752755,23718.42695744788,23182.478485976382,23336.16958291015,457843.5129,0.0,0.0,23336.16958291015,23592.582334752755,23718.42695744788,23182.478485976382,-0.0005779563755606,0.0092513358840128,-0.0098292922595735,0.0236648908537707,0.0064276797529986395,1.0,0.011609915947012439,2020-11-12
2020-11-11,23426.249681116744,23666.861017802905,23254.73133100713,23469.399610742184,549312.5959,0.0,0.0,23469.399610742184,23426.249681116744,23666.861017802905,23254.73133100713,0.0069256231152021,0.0011577090665584,0.0057679140486437,0.0191164461874812,0.0061398631521508125,1.0,0.010435666223377993,2020-11-13
2020-11-12,23483.45482211878,23728.7538063502,23391.910462187243,23607.10055029297,556877.9348,0.0,0.0,23607.10055029297,23483.45482211878,23728.7538063502,23391.910462187243,0.0055045602826736,0.0002010910917617,0.0053034691909119,0.0150222695814191,0.006096664459073464,1.0,0.008717029019637668,2020-11-17
2020-11-13,23612.667533973352,23862.172196803003,23504.67064832432,23714.318431542968,442833.4273,0.0,0.0,23714.318431542968,23612.667533973352,23862.172196803003,23504.67064832432,0.0043798453597702,-6.85593962246663e-05,0.0044484047559949,0.0151749032945419,0.005913004944429128,1.0,0.006354828476696328,2020-11-18
2020-11-16,23768.531791395064,23973.724284981163,23442.819448812497,23625.558715039064,826892.2909,0.0,0.0,23625.558715039064,23768.531791395064,23973.724284981163,23442.819448812497,-0.0037149619740454,0.0002426133078428,-0.0039575752818882,0.0207070324205316,0.005668564974726543,1.0,0.007928939081600195,2020-11-17
2020-11-17,23782.59466769598,23972.39970352495,23523.963568762218,23812.88433085938,717539.6662999999,12.0,0.0,23812.88433085938,23782.59466769598,23972.39970352495,23523.963568762218,0.0084566887752929,0.0046973903078445,0.0037592984674484,0.0190106697131209,0.005684014547863007,1.0,0.015269540218960875,2020-11-19
2020-11-18,23795.433397874756,24072.255907152477,23602.3523353148,23865.018857617182,625514.6371999998,0.0,0.0,23865.018857617182,23795.433397874756,24072.255907152477,23602.3523353148,0.0025628431673426,-0.0006977145065836,0.0032605576739263,0.0230610670158523,0.005778025563712571,1.0,0.013051624644423887,2020-11-19
2020-11-19,23933.51646150051,24312.62859030377,23759.92856036164,24176.4961258789,880409.2844,29.65,0.0,24176.4961258789,23933.51646150051,24312.62859030377,23759.92856036164,0.0094461098455724,0.0047631134899953,0.004682996355577,0.0195200693228528,0.00549642360114103,1.0,0.00559593713402462,2020-11-23
2020-11-20,24047.335188998462,24350.42129478605,23912.36221987498,24210.202152929684,621564.2949999999,0.0,0.0,24210.202152929684,24047.335188998462,24350.42129478605,23912.36221987498,0.0021508573272036,-0.0054197382957401,0.0075705956229438,0.0198507619918537,0.005647477909057733,1.0,0.008162600984228607,2020-11-26
2020-11-23,24215.39136241998,24468.228976448107,23996.019156704217,24311.78627832031,698373.9441000001,18.9,0.0,24311.78627832031,24215.39136241998,24468.228976448107,23996.019156704217,0.0058047703930265,-6.772931986152137e-05,0.005872499712888,0.0205699955300939,0.005378346369495913,1.0,0.011064020318537926,2020-11-27
2020-11-24,24323.313910470333,24426.43371992968,24020.741696765846,24186.05846162109,735719.8728,0.0,0.0,24186.05846162109,24323.313910470333,24426.43371992968,24020.741696765846,-0.0041043280263232,0.0005463770648694,-0.0046507050911926,0.0167730574204753,0.005187724373233779,1.0,0.009168997568676396,2020-11-26
2020-11-25,24255.463173289303,24475.89670711531,24058.01047223433,24264.29783105469,517101.0381,0.0,0.0,24264.29783105469,24255.463173289303,24475.89670711531,24058.01047223433,0.0013831980898807,0.0032711174732954,-0.0018879193834146,0.0167241817592985,0.005404995363089935,1.0,0.0059149678592052,2020-11-26
2020-11-26,24270.910373315677,24520.096362050008,24159.595093828328,24407.82037285156,551441.0817999999,0.0,0.0,24407.82037285156,24270.910373315677,24520.096362050008,24159.595093828328,0.0035391144875265,-0.0006788280974265,0.004217942584953,0.0146282704049466,0.00515258947980772,1.0,0.0070859257479789495,2020-11-27
2020-11-27,24427.808342985736,24776.680297887924,24254.94901548268,24580.772375683595,793487.3207,70.5,0.0,24580.772375683595,24427.808342985736,24776.680297887924,24254.94901548268,0.0103910219816479,0.0018023824900371,0.0085886394916107,0.0227447607108667,0.005,1.0,0.006930684334067516,2020-12-01
2020-11-30,24649.96806238435,24757.41010456095,24418.074267669803,24550.258231738288,682853.8648999999,68.0,0.0,24550.258231738288,24649.96806238435,24757.41010456095,24418.074267669803,-0.0027060986741227,0.0004272123316549,-0.0031333110057776,0.0141535756424236,0.005239831121877502,1.0,0.008182224238645563,2020-12-01
2020-12-01,24449.79898667028,24803.327750000884,24232.02083426986,24751.133949707026,772090.5413,127.47,0.0,24751.133949707026,24449.79898667028,24803.327750000884,24232.02083426986,0.0097130231775485,-0.0027079345228586,0.0124209577004072,0.0256781307515193,0.005299085493013959,1.0,0.011722350584858487,2020-12-02
2020-12-02,24787.471564981624,25203.12674880197,24636.80738299087,25041.275419238285,811378.493,0.0,0.0,25041.275419238285,24787.471564981624,25203.12674880197,24636.80738299087,0.0096971404374499,0.0005052293310389,0.0091919111064109,0.0213848078640566,0.0054649765881808286,1.0,0.005613235395636629,2020-12-08
2020-12-03,25073.3875793535,25297.3329390173,24762.64324385486,24991.879053222656,558741.3323,95.3703677,0.0,24991.879053222656,25073.3875793535,25297.3329390173,24762.64324385486,0.0006892570931568,0.0018503474835416,-0.0011610903903847,0.0221142423029485,0.0055366259714623,1.0,0.0076008266183684725,2020-12-08
2020-12-04,25022.68797828117,25338.780733789758,24809.237783731205,25096.3373375,481169.7828,0.0,0.0,25096.3373375,25022.68797828117,25338.780733789758,24809.237783731205,-0.0002202560356532,0.003105598613466,-0.0033258546491192,0.0183686349327567,0.005358342376548755,1.0,0.006287221798074505,2020-12-11
2020-12-07,25103.34872953501,25393.32090584999,24801.99497487068,25092.32492861328,549826.7886999999,0.0,0.0,25092.32492861328,25103.34872953501,25393.32090584999,24801.99497487068,-0.0053623978134064,-0.0002973857506746,-0.0050650120627317,0.0219780676642637,0.00522897344838172,1.0,0.006448132985173327,2020-12-11
2020-12-08,25081.86995203525,25410.941122912634,24883.87924202445,25181.83799277344,695528.972,0.0,0.0,25181.83799277344,25081.86995203525,25410.941122912634,24883.87924202445,0.0046700117931369,0.0005349500755493,0.0041350617175875,0.022533872310045,0.005614939374776462,0.0,-0.007642252740462707,2020-12-10
2020-12-09,25186.074643461507,25469.161876616192,24964.48641718184,25211.50180332031,683395.2585000001,0.0,0.0,25211.50180332031,25186.074643461507,25469.161876616192,24964.48641718184,0.0053057612491348,0.0030144696987982,0.0022912915503365,0.0188642392871906,0.005381984568190466,0.0,-0.008809859194019887,2020-12-10
2020-12-10,25214.01416265016,25427.59684441482,24797.582164269297,24989.392022363278,702236.0991999998,0.0,0.0,24989.392022363278,25214.01416265016,25427.59684441482,24797.582164269297,-0.0069464541250162,-0.0005920200877998,-0.0063544340372163,0.0255572627173188,0.005180220544861161,1.0,0.01059375730549883,2020-12-11
2020-12-11,25052.403217524305,25438.363442752387,24847.97972204841,25254.12357666016,547194.7157,0.0,0.0,25254.12357666016,25052.403217524305,25438.363442752387,24847.97972204841,0.0068784697760399,0.003054959615519,0.0038235101605209,0.0208420713391298,0.00575492564281884,0.0,0.0037900804310140312,2020-12-18
2020-12-14,25398.683970556645,25561.764683219968,25092.81506630531,25333.881267578126,539782.53,12.6828302,0.0,25333.881267578126,25398.683970556645,25561.764683219968,25092.81506630531,0.0041055533695128,0.0062551720146272,-0.0021496186451143,0.0214960028800574,0.005668895335635858,0.0,0.003499452655123525,2020-12-21
2020-12-15,25407.72870967652,25603.28229540143,25063.236044810976,25269.099086425787,717430.2485999999,0.0,0.0,25269.099086425787,25407.72870967652,25603.28229540143,25063.236044810976,0.0012731201012603,0.0037145570486089,-0.0024414369473486,0.0220410296511795,0.005415151984450776,1.0,0.006072115934721678,2020-12-21
2020-12-16,25333.23710430767,25574.104680911507,25174.178330326307,25328.991298339854,542421.2859000001,0.0,0.0,25328.991298339854,25333.23710430767,25574.104680911507,25174.178330326307,0.0018967887534607,0.0024555239912251,-0.0005587352377644,0.0150822723005678,0.005166527630847639,1.0,0.007150609699614785,2020-12-22
2020-12-17,25361.17119092963,25547.551218507197,24757.655773871404,25254.758385253903,791344.2544000001,33.25,0.0,25254.758385253903,25361.17119092963,25547.551218507197,24757.655773871404,-0.001996982565091,0.0006948791365476,-0.0026918617016386,0.0237724559217187,0.005,1.0,0.006643405485462717,2020-12-21
2020-12-18,25260.09778640943,25496.41179314057,25056.308290987825,25349.83873623047,613812.6405999999,14.2,0.0,25349.83873623047,25260.09778640943,25496.41179314057,25056.308290987825,0.0022249091185278,0.0011384186758902,0.0010864904426375,0.0155765857153682,0.005,1.0,0.006322339744895045,2020-12-22
2020-12-21,25381.4583815172,25613.91866834174,25162.825708442124,25422.535985644536,663278.1545000001,0.0,0.0,25422.535985644536,25381.4583815172,25613.91866834174,25162.825708442124,0.0059225027112537,0.0016324625765398,0.0042900401347138,0.0195099860770712,0.005,0.0,-0.008427934406057713,2020-12-24
2020-12-22,25460.473858851576,25596.30766687896,25344.42992425698,25510.109029199222,633821.4794,56.7,0.0,25510.109029199222,25460.473858851576,25596.30766687896,25344.42992425698,0.0033306522124357,0.0011161393921017,0.0022145128203339,0.0114959414822212,0.005,0.0,-0.005856057501010481,2020-12-23
2020-12-23,25492.967796787754,25687.97524417868,25250.46381045401,25360.720363867185,497759.0446,0.0,0.0,25360.720363867185,25492.967796787754,25687.97524417868,25250.46381045401,-0.0031536694491273,-0.0001419717714073,-0.0030116976777199,0.0176747465709454,0.005,0.0,-0.006011021838421393,2020-12-24
2020-12-24,25409.44206027471,25551.719897749997,24780.035728090108,25208.27651992188,634225.1689,0.0,0.0,25208.27651992188,25409.44206027471,25551.719897749997,24780.035728090108,-0.0077539693794976,0.0004805037883431,-0.0082344731678408,0.0323937547744734,0.005,1.0,0.010293983207865232,2020-12-25
2020-12-25,25198.19926684084,25543.168746159536,25070.00654300575,25467.770095117183,464960.0451,0.0,0.0,25467.770095117183,25198.19926684084,25543.168746159536,25070.00654300575,0.0102392818496062,-0.0007808310240472,0.0110201128736535,0.0181523433610373,0.005155320591133784,0.0,0.0018437077652626588,2021-01-01
2020-12-28,25508.77816541228,25700.833659807,25209.710164741595,25385.211334570307,607800.9195999998,0.0,0.0,25385.211334570307,25508.77816541228,25700.833659807,25209.710164741595,-0.0005550094859846,0.0029850563484533,-0.003540065834438,0.0196288184646304,0.005634499406402937,1.0,0.006344358490148583,2020-12-29
2020-12-29,25386.58375650009,25767.71330431012,25216.0491225215,25546.264215625004,651041.5398000001,0.0,0.0,25546.264215625004,25386.58375650009,25767.71330431012,25216.0491225215,0.0054604257248752,-0.0012175061637282,0.0066779318886034,0.0222252326235921,0.005410332445305516,1.0,0.013438103179291172,2021-01-04
2020-12-30,25549.24990036557,25786.749611221563,25383.404573186133,25565.44473798828,464196.1086,0.0,0.0,25565.44473798828,25549.24990036557,25786.749611221563,25383.404573186133,0.0007272604952369,0.0001311104573432,0.0005961500378936,0.016405624639389,0.005271457339801862,1.0,0.012677769361474134,2021-01-04
2020-12-31,25522.46279466078,25782.60813257168,25259.45645893678,25514.725220605476,509684.527,0.0,0.0,25514.725220605476,25522.46279466078,25782.60813257168,25259.45645893678,0.0019163492017168,-0.0025097879231146,0.0044261371248314,0.0194687222127783,0.0050294688543964005,1.0,0.014690823677451226,2021-01-04
2021-01-01,25514.725220605476,25514.725220605476,25514.725220605476,25514.725220605476,0.0,0.0,0.0,25514.725220605476,25514.725220605476,25514.725220605476,25514.725220605476,0.0,-1.4699352846037078e-17,3.096412015679561e-17,3.252953462151708e-17,0.005,1.0,0.014690823677451226,2021-01-04
2021-01-04,25812.57016314845,26093.557435504747,25532.323646172383,25889.55755000001,64182.93590000001,0.0,0.0,25889.55755000001,25812.57016314845,26093.557435504747,25532.323646172383,0.0135478723353385,0.0089060940271021,0.0046417783082363,0.0199768246412767,0.005,1.0,0.007052876873855363,2021-01-08
2021-01-05,25899.739161291996,26149.33652027372,25668.165988188844,25966.357743066405,56899.5281,23.8,0.0,25966.357743066405,25899.739161291996,26149.33652027372,25668.165988188844,0.0042422389013062,-0.0001353857630809,0.0043776246643871,0.0192467092304304,0.005631317066594154,1.0,0.009730024802969472,2021-01-11
2021-01-06,25966.752903501358,26166.932074686043,25686.0539658099,25945.22084492188,58434.0393,0.0,0.0,25945.22084492188,25966.752903501358,26166.932074686043,25686.0539658099,-3.371951787153421e-05,0.0003581641454144,-0.000391883663286,0.0177712451619536,0.005372816052558419,1.0,0.010552625651707448,2021-01-11
2021-01-07,25975.68595946206,26198.999500431128,25642.711728910286,25997.55318896485,63132.98789999999,0.0,0.0,25997.55318896485,25975.68595946206,26198.999500431128,25642.711728910286,0.0050271624513402,0.0016004341946361,0.0034267282567041,0.0233673451642061,0.005190719179054158,1.0,0.008518411612611798,2021-01-11
2021-01-08,26009.1160335097,26333.083767087064,25840.20757733497,26072.15341171875,70505.72969999998,0.0,0.0,26072.15341171875,26009.1160335097,26333.083767087064,25840.20757733497,0.0015843845213909,0.0006342593423729,0.0009501251790179,0.0205859427252434,0.005,1.0,0.005632739034300727,2021-01-11
2021-01-11,26178.65134485069,26448.45675743922,25915.238871664475,26219.011047949218,48544.29639999999,9.42766687,0.0,26219.011047949218,26178.65134485069,26448.45675743922,25915.238871664475,0.0036092501853672,0.0040970267745438,-0.0004877765891765,0.0180395580657435,0.005,1.0,0.01764767259557254,2021-01-12
2021-01-12,26387.198115746865,26799.720138790555,26151.79397710178,26681.715570703127,72621.10839999998,25.28925678,0.0,26681.715570703127,26387.198115746865,26799.720138790555,26151.79397710178,0.0164982257773544,0.0055151201370069,0.0109831056403474,0.0257677909621341,0.005,1.0,0.006405047652018769,2021-01-13
2021-01-13,26817.22978257811,27278.11150160359,26550.220695450404,26852.61323037109,70219.04570000002,0.0,0.0,26852.61323037109,26817.22978257811,27278.11150160359,26550.220695450404,0.0037584522476127,0.0037753293166513,-1.6877069038707254e-05,0.0252262555151402,0.0059544533595530386,0.0,-0.032743330578346774,2021-01-19
2021-01-14,26958.276805723868,27119.231259474476,26569.168257277062,26779.65754355469,60695.1223,0.0,0.0,26779.65754355469,26958.276805723868,27119.231259474476,26569.168257277062,-0.0021645660115524,0.0025352129721899,-0.0046997789837423,0.0192355418771954,0.005665151023860221,0.0,-0.030108238082087957,2021-01-19
2021-01-15,26797.802411932724,27041.35480122149,26480.19253276705,26738.039662304687,58338.6236,0.0,0.0,26738.039662304687,26797.802411932724,27041.35480122149,26480.19253276705,0.0012764696398902,0.0004088951862406,0.0008675744536495,0.0195603622509131,0.005712178044343867,0.0,-0.028598597110548685,2021-01-19
2021-01-18,26794.83873195648,27098.233376672462,26483.911394738632,26831.559487207032,60941.4619,58.8,0.0,26831.559487207032,26794.83873195648,27098.233376672462,26483.911394738632,0.0041482783823741,0.003253249605062,0.000895028777312,0.0229627125928342,0.005475544211900682,0.0,-0.03198435965451962,2021-01-19
2021-01-19,26797.34479525409,26928.69231525742,25457.54204240295,25973.369238476564,80022.1058,4.7,0.0,25973.369238476564,26797.34479525409,26928.69231525742,25457.54204240295,-0.0300765497786146,-0.0005297051590336,-0.0295468446195809,0.0507995955912933,0.005214334386396275,1.0,0.01929959440751494,2021-01-21
2021-01-20,26018.149255154192,26274.801595384884,25302.69077243491,26045.82873339844,85866.0942,0.0,0.0,26045.82873339844,26018.149255154192,26274.801595384884,25302.69077243491,0.0021511256984508,0.0017294649507703,0.0004216607476805,0.0394714312663198,0.011234348096668846,1.0,0.016463902959919174,2021-01-21
2021-01-21,26202.70163198479,26578.427148809707,25891.77925664326,26474.644730175787,57356.26550000001,0.0,0.0,26474.644730175787,26202.70163198479,26578.427148809707,25891.77925664326,0.0161904907378204,0.005829072179112,0.0103614185587083,0.0251973352853148,0.010702040540610927,1.0,0.01574652333890003,2021-01-25
2021-01-22,26512.22265779414,26842.23242904357,26299.54082555405,26675.216236523436,81125.98310000003,0.0,0.0,26675.216236523436,26512.22265779414,26842.23242904357,26299.54082555405,0.0073227054863682,0.0004186748946171,0.006904030591751,0.0220665970288328,0.011236834525939423,0.0,-0.020367636443140102,2021-01-27
2021-01-25,26774.403132384312,27043.76663518032,26445.65029144106,26891.52834130859,77654.58810000001,100.749257434,0.0,26891.52834130859,26774.403132384312,27043.76663518032,26445.65029144106,0.0077820432106998,0.0031286670470361,0.0046533761636637,0.0219757863325523,0.01081259462431384,0.0,-0.014223609375200397,2021-01-26
2021-01-26,26877.656583046715,27066.96576947072,26106.262496392425,26509.033746679685,66831.8272,0.0,0.0,26509.033746679685,26877.656583046715,27066.96576947072,26106.262496392425,-0.0140299939755765,0.0001934934830673,-0.0142234874586438,0.0363034891233588,0.0104111737224229,0.0,-0.014226418816609687,2021-01-27
2021-01-27,26329.37074553128,26623.156419145416,25732.18112035469,26131.90513017578,82152.2743,0.0,0.0,26131.90513017578,26329.37074553128,26623.156419145416,25732.18112035469,-0.0145379027864583,-0.0039905432861688,-0.0105473595002895,0.032961890013723,0.011141878230414145,0.0,-0.061612475382219034,2021-01-28
2021-01-28,25298.06368100898,25631.84357346525,24427.566860418745,24521.85376865234,121896.7847,0.0,0.0,24521.85376865234,25298.06368100898,25631.84357346525,24427.566860418745,-0.0594826765383868,-0.0321472502855479,-0.0273354262528389,0.0470434876265451,0.011623148938354897,1.0,0.02103697506860791,2021-01-29
2021-01-29,24187.46610873499,25792.482225193027,23836.46421872661,25037.71939501953,84562.53600000001,0.0,0.0,25037.71939501953,24187.46610873499,25792.482225193027,23836.46421872661,0.0291554818076394,-0.0145932864216129,0.0437487682292524,0.0722805305752836,0.021000076703615082,1.0,0.021367843542872578,2021-02-03
2021-02-01,25096.222584296287,25424.36457288529,24667.180363392727,24821.919641699227,63808.1713,0.0,0.0,24821.919641699227,25096.222584296287,25424.36457288529,24667.180363392727,-0.0149948209565888,-0.0030948737711648,-0.0118999471854239,0.03226558633474,0.022585880742537125,1.0,0.030247532618795647,2021-02-03
2021-02-02,24822.142576814756,25448.00771669537,24591.703031513112,25290.202916601564,75238.10839999998,0.0,0.0,25290.202916601564,24822.142576814756,25448.00771669537,24591.703031513112,0.0164925700549212,-0.0022957786747812,0.0187883487297024,0.0352005382659865,0.021809897679704284,1.0,0.022927793073466374,2021-02-05
2021-02-03,25423.9204679949,25818.833905989228,25059.359260210837,25572.72146572265,83894.20290000002,0.0,0.0,25572.72146572265,25423.9204679949,25818.833905989228,25059.359260210837,0.0131549669013151,0.0042726622217705,0.0088823046795445,0.029640982758628,0.02161843944587307,0.0,-0.0067852204876143185,2021-02-10
2021-02-04,25637.896174232035,25975.19564337193,25327.93057215624,25670.782786523432,78285.48629999999,80.0,0.0,25670.782786523432,25637.896174232035,25975.19564337193,25327.93057215624,0.0014836043055737,0.0024177959474878,-0.0009341916419141,0.0244079427213688,0.021049291903485624,0.0,-0.010579259568065491,2021-02-11
2021-02-05,25738.885451320075,25996.72607839791,25558.293410894086,25870.051455859382,56328.9506,26.9,0.0,25870.051455859382,25738.885451320075,25996.72607839791,25558.293410894086,0.0089754950138396,0.0037093067824654,0.0052661882313742,0.0180418381506811,0.02002953197073947,0.0,-0.018200448675310454,2021-02-12
2021-02-08,26036.13682740864,26196.139906643133,25090.082283996584,25399.204912109373,86791.8933,0.0,0.0,25399.204912109373,26036.13682740864,26196.139906643133,25090.082283996584,-0.0149134763750501,0.0054858636021606,-0.0203993399772107,0.0380028873019296,0.01925040942563681,0.0,0.0,2021-02-15
2021-02-09,25403.860816447013,25403.860816447013,25396.84610715034,25399.204912109373,210.839,0.0,0.0,25399.204912109373,25403.860816447013,25403.860816447013,25396.84610715034,0.0,0.000292178155086,-0.000292178155086,0.0004991591680143,0.018904297953531986,0.0,0.0,2021-02-16
2021-02-10,25399.204912109373,25399.204912109373,25399.204912109373,25399.204912109373,0.0,0.0,0.0,25399.204912109373,25399.204912109373,25399.204912109373,25399.204912109373,0.0,1.2589929099249275e-17,-6.2949645496246384e-18,1.2589929099249275e-17,0.01798316693670782,1.0,0.03854683165730832,2021-02-17
2021-02-11,25399.204912109373,25399.204912109373,25399.204912109373,25399.204912109373,0.0,0.0,0.0,25399.204912109373,25399.204912109373,25399.204912109373,25399.204912109373,0.0,1.2589929099249275e-17,-6.2949645496246384e-18,1.2589929099249275e-17,0.017106774414154893,1.0,0.03854683165730832,2021-02-17
2021-02-12,25399.204912109373,25399.204912109373,25399.204912109373,25399.204912109373,0.0,0.0,0.0,25399.204912109373,25399.204912109373,25399.204912109373,25399.204912109373,0.0,1.2589929099249275e-17,-6.2949645496246384e-18,1.2589929099249275e-17,0.016272967682377994,1.0,0.03854683165730832,2021-02-17
2021-02-15,25399.204912109373,25399.204912109373,25399.204912109373,25399.204912109373,0.0,0.0,0.0,25399.204912109373,25399.204912109373,25399.204912109373,25399.204912109373,0.0,1.2589929099249275e-17,-6.2949645496246384e-18,1.2589929099249275e-17,0.015479694785621782,1.0,0.03854683165730832,2021-02-17
2021-02-16,25399.204912109373,25399.204912109373,25399.204912109373,25399.204912109373,0.0,0.0,0.0,25399.204912109373,25399.204912109373,25399.204912109373,25399.204912109373,0.0,1.2589929099249275e-17,-6.2949645496246384e-18,1.2589929099249275e-17,0.014725000202690294,1.0,0.03854683165730832,2021-02-17
2021-02-17,26116.72396000164,26597.087513564325,25859.465833566304,26378.263788085933,80246.4193,0.0,0.0,26378.263788085933,26116.72396000164,26597.087513564325,25859.465833566304,0.0348444427565331,0.0247648419160851,0.0100796008404479,0.0301332415935427,0.014007020659769307,1.0,0.015205227070560934,2021-02-18
2021-02-18,26460.16430753248,26914.125290449785,26169.23114420427,26779.351278710936,61311.6207,0.0,0.0,26779.351278710936,26460.16430753248,26914.125290449785,26169.23114420427,0.0082599995475889,0.0030194895547389,0.0052405099928499,0.0219933689273962,0.017041411946740314,0.0,-0.0021714032759251323,2021-02-25
2021-02-19,26639.584722614607,26974.48136479241,26458.595527224003,26799.865374023444,64221.4007,0.0,0.0,26799.865374023444,26639.584722614607,26974.48136479241,26458.595527224003,0.0004692148023551,-0.0040980463643963,0.0045672611667515,0.0176014851910904,0.01628908031566282,0.0,0.002314131180735979,2021-02-26
2021-02-22,26792.62216791851,27026.62814236635,26536.13743561173,26750.81760585937,58028.8576,0.0,0.0,26750.81760585937,26792.62216791851,27026.62814236635,26536.13743561173,-0.0011374390781632,0.0017646398556859,-0.0029020789338491,0.0170773758663545,0.015519683147329036,0.0,0.012410461587657462,2021-03-01
2021-02-23,26707.548946313786,26902.16832696549,26368.66404187271,26657.629236035165,74875.08639999999,0.0,0.0,26657.629236035165,26707.548946313786,26902.16832696549,26368.66404187271,0.000156120922779,-0.0010018515324526,0.0011579724552317,0.0183687931465145,0.014818530185553715,1.0,0.01594959403161811,2021-03-01
2021-02-24,26664.07549596727,26775.067594889853,26458.293040543405,26542.16883740235,231529.34000000003,0.0,0.0,26542.16883740235,26664.07549596727,26775.067594889853,26458.293040543405,-0.004845810974394,-0.0012927707832763,-0.0035530401911177,0.0114148204386,0.014116727762918274,1.0,0.020369049948590456,2021-03-01
2021-02-25,26609.95749760566,26821.2567758988,26497.26498867421,26721.202507617192,270313.79120000004,0.0,0.0,26721.202507617192,26609.95749760566,26821.2567758988,26497.26498867421,0.0063236164133031,0.0023652770764561,0.003958339336847,0.0115994554213587,0.013608496464523459,1.0,0.014240736084573546,2021-03-02
2021-02-26,26714.67329834272,27018.72355202061,26475.67404534484,26861.883778125,53649.220400000006,201.75,0.0,26861.883778125,26714.67329834272,27018.72355202061,26475.67404534484,0.0034411702605605,-0.0012601923354158,0.0047013625959763,0.0179326652365494,0.013015875110755805,0.0,-0.005410709553074211,2021-03-05
2021-03-01,26935.26608809387,27199.130266772736,26644.17449558122,27082.80760019532,63563.56240000001,0.0,0.0,27082.80760019532,26935.26608809387,27199.130266772736,26644.17449558122,0.0087044736184431,0.0027719380469659,0.0059325355714772,0.0195689812447012,0.0123859613837255,0.0,-0.013046368197904612,2021-03-04
2021-03-02,27186.22161695321,27317.974738372857,26769.245055163883,27101.732100390615,55538.81520000001,51.00000000000001,0.0,27101.732100390615,27186.22161695321,27317.974738372857,26769.245055163883,0.0013874854006944,0.0037964111837872,-0.0024089257830927,0.0182834447584133,0.011936158266833034,0.0,-0.013735534636735935,2021-03-04
2021-03-03,27153.95164107136,27382.21049946488,26942.34482067396,27154.388427832037,67083.71689999998,0.0,0.0,27154.388427832037,27153.95164107136,27382.21049946488,26942.34482067396,0.0037540201356452,0.0012430485025884,0.0025109716330568,0.0158234528077188,0.011363285923203712,0.0,-0.015648045565495372,2021-03-04
2021-03-04,27198.3293445633,27292.405248647563,26414.91606126961,26729.47532041016,71552.367,0.0,0.0,26729.47532041016,27198.3293445633,27292.405248647563,26414.91606126961,-0.0121250930868201,0.0014352459731562,-0.0135603390599763,0.027262658815645,0.010812457323232019,1.0,0.012840471633456474,2021-03-11
2021-03-05,26700.036504774776,26894.35670972847,26308.785734597663,26716.54192695313,57039.5081,0.0,0.0,26716.54192695313,26700.036504774776,26894.35670972847,26308.785734597663,0.0006746633265636,-0.0013739991072338,0.0020486624337975,0.0222135223868365,0.011235085818585505,1.0,0.013330784502713966,2021-03-11
2021-03-08,26805.240438953864,27095.014333799743,26516.919594563045,26727.922209960936,50843.9205,0.0,0.0,26727.922209960936,26805.240438953864,27095.014333799743,26516.919594563045,0.0018148440307638,0.0042273912865586,-0.0024125472557948,0.0201878166060514,0.010689321585428378,1.0,0.012899325932250738,2021-03-11
2021-03-09,26665.991762916725,26895.544024667324,26354.65143810781,26632.96712050781,80501.24900000001,0.0,0.0,26632.96712050781,26665.991762916725,26895.544024667324,26354.65143810781,-0.0017464561454779,-0.0028527246583448,0.0011062685128668,0.0199629210652326,0.010168392944223654,1.0,0.01651063764475036,2021-03-11
2021-03-10,26618.941636307754,26893.83324716945,26474.400810894676,26736.216215332028,59988.6641,0.0,0.0,26736.216215332028,26618.941636307754,26893.83324716945,26474.400810894676,0.0031655274591529,0.0002255441356372,0.0029399833235156,0.0149532886259178,0.009719174446670325,1.0,0.012585108229117514,2021-03-11
2021-03-11,26906.18746090412,27224.532633628274,26709.00462167133,27072.694390039065,48239.1846,0.0,0.0,27072.694390039065,26906.18746090412,27224.532633628274,26709.00462167133,0.0103516049224932,0.0048907628246184,0.0054608420978747,0.0176925186702395,0.009265188732142514,0.0,0.008014207500141257,2021-03-18
2021-03-12,27156.7966378111,27300.57608499465,26917.84966533749,27126.17013378905,50109.4145,0.0,0.0,27126.17013378905,27156.7966378111,27300.57608499465,26917.84966533749,0.0018928269633992,0.0026914545833525,-0.0007986276199533,0.0142867855741829,0.00922324934745675,0.0,0.0037399481145807822,2021-03-19
2021-03-15,27156.09710402059,27399.305444826237,26993.64526973028,27271.40759150391,49085.2364,107.7,0.0,27271.40759150391,27156.09710402059,27399.305444826237,26993.64526973028,0.0062091812285129,0.0017878696006909,0.004421311627822,0.0152552352652579,0.008773484248577415,0.0,-0.004271047211080847,2021-03-22
2021-03-16,27218.88613459393,27495.631781853823,26936.8177821918,27318.100164941403,79101.2962,0.0,0.0,27318.100164941403,27218.88613459393,27495.631781853823,26936.8177821918,-0.0010084744038259,-0.0032046472628417,0.0021961728590158,0.0189609449801229,0.008434227815349962,0.0,-0.01026948876605771,2021-03-23
2021-03-17,27284.423516158007,27470.32498119507,27141.802205375272,27289.62355722656,42151.63330000001,0.0,0.0,27289.62355722656,27284.423516158007,27470.32498119507,27141.802205375272,0.0004730541357591,-0.0007901943019965,0.0012632484377557,0.0124503304796193,0.008093355051802868,0.0,-0.009236709129038734,2021-03-23
2021-03-18,27419.39197650202,27485.08363625158,27050.972305723957,27289.66058046875,51185.0324,0.0,0.0,27289.66058046875,27419.39197650202,27485.08363625158,27050.972305723957,-0.0006856447707378,0.0043546257560892,-0.005040270526827,0.0153472319834796,0.007715877726830704,0.0,-0.009238053274348346,2021-03-23
2021-03-19,27221.714510019832,27357.513906480173,26989.877164219142,27227.620602636714,58552.94149999999,0.0,0.0,27227.620602636714,27221.714510019832,27357.513906480173,26989.877164219142,-0.001666725739744,-0.0012664604795689,-0.0004002652601751,0.0129108507796025,0.0073848965431674175,0.0,-0.016723781543443228,2021-03-24
2021-03-22,27186.360258814577,27316.57302246048,26935.391091448284,27154.930122167967,53195.7026,0.0,0.0,27154.930122167967,27186.360258814577,27316.57302246048,26935.391091448284,-0.0010299712838655,-0.000879136122562,-0.0001508351613035,0.0133114297335282,0.00710058516272101,0.0,-0.014091669421204545,2021-03-24
2021-03-23,27057.38146556452,27285.50731976251,26808.829932098823,27037.557242187497,50605.514400000015,0.0,0.0,27037.557242187497,27057.38146556452,27285.50731976251,26808.829932098823,-0.0039797602340213,-0.0018496853956108,-0.0021300748384104,0.0175627614993995,0.006795139371124257,0.0,-0.009811737653692254,2021-03-24
2021-03-24,26837.09721566245,27161.077165503048,26486.37195181088,26772.271823730465,58403.3799,0.0,0.0,26772.271823730465,26837.09721566245,27161.077165503048,26486.37195181088,-0.012553948514036,-0.0067428777580081,-0.0058110707560278,0.023514045606796,0.006649963648588172,1.0,0.012173392362132551,2021-03-29
2021-03-25,26868.128707827334,27079.81739559109,26564.568127864437,26827.52574892579,51154.6015,0.0,0.0,26827.52574892579,26868.128707827334,27079.81739559109,26564.568127864437,0.0017389846524867,0.0019618221260725,-0.0002228374735858,0.0170771898601333,0.00748250805015967,1.0,0.01008872181033893,2021-03-29
2021-03-26,26721.45650062918,27014.28432661776,26185.027719771173,26716.783049316404,54010.2088,0.0,0.0,26716.783049316404,26721.45650062918,27014.28432661776,26185.027719771173,-0.0064681713470438,-0.0048240526027293,-0.0016441187443145,0.0320862599511148,0.007150469012724319,1.0,0.014275601334411414,2021-03-29
2021-03-29,26807.419638689116,27207.41696162176,26663.450661827643,27098.181193066404,45641.0278,0.0,0.0,27098.181193066404,26807.419638689116,27207.41696162176,26663.450661827643,0.0139798610719046,0.0049747727426495,0.0090050883292551,0.019439110275412,0.007048351338784693,1.0,0.013495522051828468,2021-03-31
2021-03-30,27178.96095636259,27436.74828440581,26903.0083951386,27257.29333447265,38895.67199999999,0.0,0.0,27257.29333447265,27178.96095636259,27436.74828440581,26903.0083951386,0.0023085879048695,0.0007510497726131,0.0015575381322563,0.0182823425839155,0.008066307468098294,1.0,0.010907044764371543,2021-04-01
2021-03-31,27212.714070903567,27569.054306090835,26871.05954023962,27463.885294921874,36998.78489999999,0.0,0.0,27463.885294921874,27212.714070903567,27569.054306090835,26871.05954023962,0.0023586527925749,-0.0029953277083415,0.0053539805009165,0.0188010237025352,0.007691782737584622,0.0,0.0012717130576358482,2021-04-07
2021-04-01,27410.028565756467,27720.24976962528,27135.81937637969,27554.589853027348,53012.8954,0.0,0.0,27554.589853027348,27410.028565756467,27720.24976962528,27135.81937637969,0.0040368419612205,-0.0007559193734487,0.0047927613346693,0.0201882876200003,0.007333849586011212,0.0,-0.007151436024796731,2021-04-08
2021-04-02,27584.933537658835,27736.56199517752,27333.562183656617,27577.932199707036,42885.74760000001,0.0,0.0,27577.932199707036,27584.933537658835,27736.56199517752,27333.562183656617,0.0020475840496821,0.0028545781663682,-0.000806994116686,0.0135850306056016,0.007042120155242497,0.0,-0.007363435954134689,2021-04-06
2021-04-05,27762.314515899685,27885.64305726203,27238.709946059036,27441.82919648438,34911.97220000001,0.0,0.0,27441.82919648438,27762.314515899685,27885.64305726203,27238.709946059036,-0.0045712197862585,0.0010346392514193,-0.0056058590376778,0.0184282013003511,0.006703942003167115,0.0,0.005118758767967968,2021-04-12
2021-04-06,27406.659536218165,27580.113913573237,27124.451543504067,27374.863862207025,41357.20449999999,0.0,0.0,27374.863862207025,27406.659536218165,27580.113913573237,27124.451543504067,-0.0018735826804979,-0.0004320058893735,-0.0014415767911244,0.013835730543491,0.006611602510960979,1.0,0.007577514873866376,2021-04-12
2021-04-07,27301.59438689619,27602.378225459703,27148.15440465089,27498.81147646484,35173.0953,0.0,0.0,27498.81147646484,27301.59438689619,27602.378225459703,27148.15440465089,0.0044511418530362,-0.0030022039128192,0.0074533457658555,0.0160826445375651,0.006335589574388038,0.0,-0.00825056771085797,2021-04-14
2021-04-08,27539.118545951413,27619.41964513213,27226.723242905664,27357.53496650391,32332.8919,0.0,0.0,27357.53496650391,27539.118545951413,27619.41964513213,27226.723242905664,-0.0029460101555725,0.0018488287533786,-0.0047948389089512,0.0129497821909471,0.006146642257122403,1.0,0.008215737787203858,2021-04-12
2021-04-09,27352.357050929342,27554.905516788,27222.925805932653,27436.7274461914,57109.4837,0.0,0.0,27436.7274461914,27352.357050929342,27554.905516788,27222.925805932653,0.0033224523455457,-0.0002153414768895,0.0035377938224353,0.011412764760306,0.0059553805972197595,0.0,-0.0060064297429219815,2021-04-14
2021-04-12,27551.983467392725,27760.155453445303,27287.99909001828,27582.297300292965,53188.7957,0.0,0.0,27582.297300292965,27551.983467392725,27760.155453445303,27287.99909001828,0.0049263788688307,0.0031740916001394,0.0017522872686912,0.0161986700697995,0.005730031309377624,0.0,-0.00841051730195852,2021-04-13
2021-04-13,27632.12109631111,27688.691837241284,27252.38661113327,27350.315911621088,52630.99880000001,0.0,0.0,27350.315911621088,27632.12109631111,27688.691837241284,27252.38661113327,-0.0078046739577483,0.0011836874631185,-0.0089883614208668,0.0140716983817216,0.005594929198821049,0.0,-0.007177452505168991,2021-04-15
2021-04-14,27221.983318453884,27401.16534040684,26972.568859609604,27271.93067041015,45632.6355,0.0,0.0,27271.93067041015,27221.983318453884,27401.16534040684,26972.568859609604,-0.0025675238084718,-0.0065565633293191,0.0039890395208473,0.0164084842226564,0.005963442438531787,0.0,-0.012939320523756015,2021-04-16
2021-04-15,27235.844276009597,27522.179236993277,27018.720584050832,27154.01031816406,48423.206300000005,0.0,0.0,27154.01031816406,27235.844276009597,27522.179236993277,27018.720584050832,-0.006137366991852,-0.0026932573916459,-0.003444109600206,0.0150114052394006,0.005736785414674218,0.0,-0.00865286185160008,2021-04-16
2021-04-16,27095.57243095801,27311.609039580344,26678.85200896705,26919.05041816406,50090.1369,0.0,0.0,26919.05041816406,27095.57243095801,27311.609039580344,26678.85200896705,-0.0082719312889407,-0.0022861276951487,-0.0059858035937919,0.024331470520066,0.005762097804538336,1.0,0.007826398881145558,2021-04-19
2021-04-19,26983.968292283545,27257.936918537864,26663.083039274792,27129.72964423828,55438.579,25.38,0.0,27129.72964423828,26983.968292283545,27257.936918537864,26663.083039274792,0.0067303121609461,0.0025725859662712,0.0041577261946748,0.0232062333900656,0.005950628929260156,0.0,-0.014116667006902173,2021-04-22
2021-04-20,27117.87889209824,27433.156196333617,26881.994002884207,27171.609236816406,81092.25599999998,0.0,0.0,27171.609236816406,27117.87889209824,27433.156196333617,26881.994002884207,-0.0001610744757905,-0.0004038400938836,0.0002427656180931,0.0210134424561289,0.006156412647953603,0.0,-0.01563620867097748,2021-04-22
2021-04-21,27171.609236816406,27171.609236816406,27171.609236816406,27171.609236816406,0.0,0.0,0.0,27171.609236816406,27171.609236816406,27171.609236816406,27171.609236816406,0.0,1.2589929099249275e-17,-6.2949645496246384e-18,1.2589929099249275e-17,0.005857054134743419,0.0,-0.01563620867097748,2021-04-22
2021-04-22,27146.7862573042,27309.147526926885,26562.00143546501,26746.748284863286,65854.3029,0.0,0.0,26746.748284863286,27146.7862573042,27309.147526926885,26562.00143546501,-0.0131361911707661,-0.0011539575381554,-0.0119822336326106,0.0278918974714033,0.005573268930047362,0.0,-0.006324822985513401,2021-04-26
2021-04-23,26650.177944382434,26969.903348578304,26333.82662759249,26832.32812158203,65469.8159,0.0,0.0,26832.32812158203,26650.177944382434,26969.903348578304,26333.82662759249,0.0021502678459974,-0.0052939049878544,0.0074441728338518,0.0233594679544579,0.006532912936866078,0.0,-0.00949408056968748,2021-04-26
2021-04-26,26882.208792071917,27007.81605625032,26253.79702920226,26577.57983652344,48976.4935,0.0,0.0,26577.57983652344,26882.208792071917,27007.81605625032,26253.79702920226,-0.0124139176577243,0.0007886454869877,-0.013202563144712,0.0274602015810119,0.0063194801646861,0.0,-8.009460289448711e-07,2021-05-03
2021-04-27,26482.10823400317,26738.010199519533,26162.64701621142,26542.71559179688,34326.87359999999,0.0,0.0,26542.71559179688,26482.10823400317,26738.010199519533,26162.64701621142,-0.0015606967763912,-0.0045739256352603,0.0030132288588691,0.0206789916182449,0.0068796355149559575,0.0,-0.011799196609747598,2021-05-04
2021-04-28,26529.666845581425,26844.59612065095,26307.96908537081,26667.47205878906,34766.3602,0.0,0.0,26667.47205878906,26529.666845581425,26844.59612065095,26307.96908537081,0.0075191040236564,0.0004430738487262,0.0070760301749302,0.0209762768540128,0.006548280675331959,0.0,-0.016422223518260615,2021-05-04
2021-04-29,26672.207035203624,26864.0899460707,26301.49780344165,26577.55854931641,49546.7494,0.0,0.0,26577.55854931641,26672.207035203624,26864.0899460707,26301.49780344165,-0.0001704829485472,0.0002729214354551,-0.0004434043840024,0.0196047658347603,0.006893103272513236,0.0,-0.01309471961835662,2021-05-04
2021-04-30,26577.55854931641,26577.55854931641,26577.55854931641,26577.55854931641,0.0,0.0,0.0,26577.55854931641,26577.55854931641,26577.55854931641,26577.55854931641,0.0,-1.525446435834965e-17,3.0508928716699294e-17,3.0508928716699294e-17,0.006566288381846936,0.0,-0.01309471961835662,2021-05-04
2021-05-03,26577.55854931641,26577.55854931641,26577.55854931641,26577.55854931641,0.0,0.0,0.0,26577.55854931641,26577.55854931641,26577.55854931641,26577.55854931641,0.0,-1.525446435834965e-17,3.0508928716699294e-17,3.0508928716699294e-17,0.0062569220352214905,0.0,-0.01309471961835662,2021-05-04
2021-05-04,26405.655238091644,26632.182795945155,25923.882251225776,26229.532871972657,55702.9527,0.0,0.0,26229.532871972657,26405.655238091644,26632.182795945155,25923.882251225776,-0.0103638730780283,-0.0076856939374355,-0.0026781791405928,0.0245688918826518,0.005961087375298353,0.0,-0.009702463925932547,2021-05-07
2021-05-05,26273.553039772367,26565.41680450335,25993.07006026708,26245.53550625001,54414.4102,0.0,0.0,26245.53550625001,26273.553039772367,26565.41680450335,25993.07006026708,0.0045160984250304,0.0026093584808314,0.001906739944199,0.0214293120670128,0.006330816875134207,0.0,-0.010306275926330932,2021-05-07
2021-05-06,26273.525097888923,26529.645430091587,25953.88805369562,26240.9795959961,59068.941,0.0,0.0,26240.9795959961,26273.525097888923,26529.645430091587,25953.88805369562,0.0004583875482118,0.0013972288962332,-0.0009388413480213,0.0195743902416197,0.006324672852680942,0.0,-0.010134447135822566,2021-05-07
2021-05-07,26128.85135760537,26281.824757719307,25747.196024357272,25975.04177548828,59077.6397,0.0,0.024265,25975.04177548828,26128.85135760537,26281.824757719307,25747.196024357272,-0.0089231567634196,-0.0051823117832056,-0.0037408449802139,0.0196773306273204,0.006039046784547135,0.0,0.0036836018603567666,2021-05-14
2021-05-10,25836.28622659748,26132.045104545112,25568.12531365001,25868.74845322265,81757.5848,0.0,0.0,25868.74845322265,25836.28622659748,26132.045104545112,25568.12531365001,-0.0003657286841234,-0.0034072264899477,0.0030414978058242,0.0222308626029063,0.0062056924168507775,1.0,0.006280538277201098,2021-05-13
2021-05-11,25864.53378880266,26306.86503536021,25658.896773110057,25894.907780175778,52545.5181,0.0,0.0,25894.907780175778,25864.53378880266,26306.86503536021,25658.896773110057,0.0011896152046139,-8.029908737746923e-05,0.0012699142919914,0.0222698729749949,0.005920125216436148,1.0,0.006789586161574768,2021-05-14
2021-05-12,25841.61893929106,26177.595119435136,25700.463278344778,25969.787194921875,38964.6615,0.0,0.0,25969.787194921875,25841.61893929106,26177.595119435136,25700.463278344778,0.0019384965472795,-0.0023424162360476,0.0042809127833272,0.0171736914799071,0.0056992012398150325,0.0,-0.002145833278319853,2021-05-19
2021-05-13,25900.2848862739,26303.821011182143,25761.59066563778,26031.218118066405,58904.768500000006,23.8,0.0,26031.218118066405,25900.2848862739,26303.821011182143,25761.59066563778,0.0002247131196708,-0.0028735821682628,0.0030982952879336,0.0183384524692726,0.005516134334679065,0.0,-0.0036279529239999775,2021-05-20
2021-05-14,26099.42380793467,26364.97164663424,25854.68660673435,26070.72348769531,48499.6033,0.0,0.0,26070.72348769531,26099.42380793467,26364.97164663424,25854.68660673435,0.0005055690145623,0.0030303819511009,-0.0025248129365386,0.0190357805708607,0.005262625581094769,0.0,-0.006009159141330489,2021-05-19
2021-05-17,26179.027785592345,26284.93023494094,25867.530025433654,26033.292831835937,42012.7373,59.2,0.0,26033.292831835937,26179.027785592345,26284.93023494094,25867.530025433654,-0.0008488667654675,0.0030015867076016,-0.0038504534730692,0.015714932035141,0.0050261670388725525,1.0,0.010204720016372848,2021-05-24
2021-05-18,25991.54493432128,26169.998985596983,25741.051483147625,25973.984636816407,43472.32980000001,0.0,0.0,25973.984636816407,25991.54493432128,26169.998985596983,25741.051483147625,-0.0025961808979006,-0.0032347733149113,0.0006385924170107,0.0177473597778428,0.005,1.0,0.012511390301357173,2021-05-24
2021-05-19,25907.745644939867,26128.40064493633,25658.208387886876,25914.060361328127,48473.1627,0.0,0.0,25914.060361328127,25907.745644939867,26128.40064493633,25658.208387886876,-0.0020070478318991,-0.0023749563592707,0.0003679085273716,0.0181850459972667,0.005,1.0,0.0064904351527752535,2021-05-21
2021-05-20,25838.21286589784,26097.97691691049,25577.86579978457,25936.778084179685,64885.6015,0.0,0.04117,25936.778084179685,25838.21286589784,26097.97691691049,25577.86579978457,-0.0016774067800659,-0.0042906064831217,0.0026131997030557,0.0184125580302657,0.005,1.0,0.005608861863898085,2021-05-21
2021-05-21,25803.33489419165,26334.804685446103,25559.68579313123,26082.25388964843,70883.428,2.35,0.0,26082.25388964843,25803.33489419165,26334.804685446103,25559.68579313123,0.0069674493693994,-0.0040073107126254,0.0109747600820248,0.0273957057607446,0.005,1.0,0.008308384986875916,2021-05-24
2021-05-24,26137.41148004794,26506.958799332388,25874.345551114497,26298.95529628907,61008.3184,0.0,0.0,26298.95529628907,26137.41148004794,26506.958799332388,25874.345551114497,0.0086005132864858,0.0017827922814981,0.0068177210049876,0.0248618897260515,0.005,1.0,0.013706723296096346,2021-05-26
2021-05-25,26355.137254308174,26624.35227219737,26091.245925409497,26403.49976767578,48436.7384,0.0,0.0,26403.49976767578,26355.137254308174,26624.35227219737,26091.245925409497,0.0036283513920253,0.0019904875450664,0.0016378638469587,0.0190978510072548,0.005186215371185703,1.0,0.009692958664110352,2021-05-26
2021-05-26,26412.60340317765,26844.894586243663,26133.10666227885,26659.42779951171,49650.018,0.0,0.0,26659.42779951171,26412.60340317765,26844.894586243663,26133.10666227885,0.0071616435056085,0.0006902814109962,0.0064713620946122,0.0242726960585263,0.005024282581167635,0.0,-0.006940911873893452,2021-05-27
2021-05-27,26705.43741839621,26824.71824310415,26228.621712624048,26474.387060546876,56080.2905,0.0,0.0,26474.387060546876,26705.43741839621,26824.71824310415,26228.621712624048,-0.0055875267526607,0.0034570436141401,-0.0090445703668009,0.0214848740961992,0.005152678441915607,0.0,-0.010164625439947672,2021-05-31
2021-05-28,26326.92887434958,26663.83220697648,26175.094178626645,26528.406880566406,48756.43200000001,0.0,0.0,26528.406880566406,26326.92887434958,26663.83220697648,26175.094178626645,0.0029003971529887,-0.0055997586558623,0.0085001558088511,0.0191064424786009,0.005330850896562236,0.0,-0.012180228149278327,2021-05-31
2021-05-31,26391.514579971863,26554.00726553196,25845.319445657336,26205.28483232422,67702.1418,0.0,0.0,26205.28483232422,26391.514579971863,26554.00726553196,25845.319445657336,-0.0108109743224847,-0.0031179946252569,-0.0076929796972277,0.0252665592889012,0.00511332291969636,1.0,0.010642292325559577,2021-06-03
2021-06-01,26230.62292286364,26476.80090808253,25915.01557001564,26138.795290429687,70808.3827,16.06973144,0.0426649999999999,26138.795290429687,26230.62292286364,26476.80090808253,25915.01557001564,-0.0008633879852617,0.0032930985363638,-0.0041564865216255,0.0218457678913719,0.006011496984265611,1.0,0.01321307427206242,2021-06-03
2021-06-02,26106.108169937204,26473.174611355727,25940.188140426075,26280.933185058595,57175.5734,0.0,0.0,26280.933185058595,26106.108169937204,26473.174611355727,25940.188140426075,0.0073857338482632,-0.0014379664431849,0.0088237002914482,0.0208927147139032,0.005721592554247928,1.0,0.0077332089958404016,2021-06-03
2021-06-03,26371.490188139964,26743.42623925089,26112.06235224567,26484.16913398437,64130.746900000006,0.0,0.0,26484.16913398437,26371.490188139964,26743.42623925089,26112.06235224567,0.0066771702531674,0.0027729116120583,0.0039042586411091,0.0260018302107065,0.00590948804279569,1.0,0.0073069219597654556,2021-06-10
2021-06-04,26602.94601126018,26784.50211989916,26199.71115198101,26534.88572216797,70521.0536,0.0,0.0,26534.88572216797,26602.94601126018,26784.50211989916,26199.71115198101,0.0023461275886851,0.0044309005852656,-0.0020847729965804,0.0221710562617253,0.005923985075207922,1.0,0.016159983595124938,2021-06-11
2021-06-07,26564.376219094705,26806.899887472933,26028.725198226137,26545.38148417968,697165.9015000002,0.0,0.0,26545.38148417968,26564.376219094705,26806.899887472933,26028.725198226137,-0.0004788286408522,0.0010821560856613,-0.0015609847265135,0.0291521509132666,0.005648153173928625,1.0,0.01575820472598366,2021-06-11
2021-06-08,26545.38148417968,26545.38148417968,26545.38148417968,26545.38148417968,0.0,0.0,0.0,26545.38148417968,26545.38148417968,26545.38148417968,26545.38148417968,0.0,-9.769962616701377e-18,1.9539925233402757e-17,1.9539925233402757e-17,0.00539568630692851,1.0,0.01575820472598366,2021-06-11
2021-06-09,26422.662397392087,26779.11530416447,26121.465283160094,26567.37700800781,604620.7566000002,0.0,0.0,26567.37700800781,26422.662397392087,26779.11530416447,26121.465283160094,-0.0005392069189456,-0.0065868683632967,0.006047661444351,0.023141523038499,0.005141567824821444,1.0,0.014917243505426114,2021-06-11
2021-06-10,26588.270304441703,26901.30684445869,26312.24807889608,26677.686891015623,622984.6656000001,0.0,0.0,26677.686891015623,26588.270304441703,26901.30684445869,26312.24807889608,0.0024345380926344,0.0005743060255657,0.0018602320670687,0.0199497131208071,0.005,1.0,0.010720650193155157,2021-06-11
2021-06-11,26770.90676354624,27155.35904997829,26566.153729811704,26963.68904013672,596846.514,0.0,0.0,26963.68904013672,26770.90676354624,27155.35904997829,26566.153729811704,0.0068511268911486,0.003368715386559,0.0034824115045896,0.0215590613588827,0.005,1.0,0.007902925912667502,2021-06-14
2021-06-14,27170.309204151527,27359.91531876457,26905.557237490328,27176.781076953124,559564.1571999999,28.6,0.0,27176.781076953124,27170.309204151527,27359.91531876457,26905.557237490328,0.0092207751812147,0.0090179116438169,0.0002028635373977,0.0188840115102117,0.005,1.0,0.007515490562361782,2021-06-15
2021-06-15,27147.747329070127,27555.45229072191,26967.06178179827,27381.02791865234,576527.9948,13.4,0.0,27381.02791865234,27147.747329070127,27555.45229072191,26967.06178179827,0.006402292064464,-0.000633014099354,0.0070353061638181,0.0188324813907076,0.0051305943284066895,1.0,0.005761655528331744,2021-06-17
2021-06-16,27362.14434448921,27557.0285799883,27017.314574016436,27380.73979570313,508774.5567999999,6.3,0.0,27380.73979570313,27362.14434448921,27557.0285799883,27017.314574016436,9.567946669536865e-05,-0.0002310041901796,0.000326683656875,0.0196714082741111,0.005038539844691424,1.0,0.005772238990157774,2021-06-17
2021-06-17,27174.5046200082,27732.46658738704,26983.42629248339,27538.78796953125,602443.8517,53.85,0.0,27538.78796953125,27174.5046200082,27732.46658738704,26983.42629248339,0.0067676640062786,-0.0053423203836965,0.0121099843899751,0.0254504405512684,0.005,1.0,0.013144986783977242,2021-06-18
2021-06-18,27604.284650918875,28091.698187005622,27431.295494267928,27900.78497343749,483019.2836,0.0,0.0,27900.78497343749,27604.284650918875,28091.698187005622,27431.295494267928,0.0105194989586845,0.0021704390770465,0.0083490598816379,0.0217434017501462,0.005,0.0,-0.005939460453967094,2021-06-23
2021-06-21,27904.7014707745,28218.368439645383,27626.523048744533,27961.550773339848,685134.6759000001,0.0,0.0,27961.550773339848,27904.7014707745,28218.368439645383,27626.523048744533,0.0025904939572729,0.0007646573866159,0.001825836570657,0.0201765120038269,0.005122494552286468,0.0,-0.008099744206700787,2021-06-23
2021-06-22,28027.6275399984,28205.80740235716,27583.672405316927,27863.59982988281,470715.6695000001,0.0,0.0,27863.59982988281,28027.6275399984,28205.80740235716,27583.672405316927,-0.0022736284860524,0.0015329174954916,-0.003806545981544,0.0197740071713513,0.005,0.0,-0.005597654300460664,2021-06-24
2021-06-23,27768.181401126767,27982.86783789078,27483.68892896348,27735.06936445312,441998.6645,0.0,0.0,27735.06936445312,27768.181401126767,27982.86783789078,27483.68892896348,-0.0062054255840837,-0.0040409568848443,-0.0021644686992393,0.0168766135831889,0.005,0.0,0.004504404374541027,2021-06-30
2021-06-24,27752.07096154872,27974.632665689987,27472.568014449014,27707.62903046875,347795.14770000003,0.0,0.0,27707.62903046875,27752.07096154872,27974.632665689987,27472.568014449014,-0.0014689042647155,0.0002369755995805,-0.0017058798642961,0.0182326078045951,0.005452497497109699,1.0,0.005499218341282752,2021-06-30
2021-06-25,27682.639554563357,27983.74945552308,27384.921339624718,27771.049413671877,355400.5019999999,0.0,0.0,27771.049413671877,27682.639554563357,27983.74945552308,27384.921339624718,0.002194353856229,-0.0013585151081006,0.0035528689643296,0.0205448965230025,0.005292990674502985,1.0,0.00984553444704206,2021-07-02
2021-06-28,27728.714980840832,27942.00869399225,27537.40374714389,27790.90752167969,416961.4124,0.0,0.0,27790.90752167969,27728.714980840832,27942.00869399225,27537.40374714389,0.0005781667815315,-0.0021865652306345,0.002764732012166,0.0133001430327831,0.005036779653738824,1.0,0.009123945140229628,2021-07-02
2021-06-29,27745.65056887784,28016.455059421023,27571.89953313267,27767.633090234376,658823.0539999999,0.0,0.0,27767.633090234376,27745.65056887784,28016.455059421023,27571.89953313267,-0.0002246426544655,-0.001226735138281,0.0010020924838155,0.0165575566031368,0.005,1.0,0.009969778344834035,2021-07-02
2021-06-30,27790.271647901613,28033.446290448075,27604.253945351684,27859.99933222656,459713.0432,0.0,0.0,27859.99933222656,27790.271647901613,28033.446290448075,27604.253945351684,0.0041213145642919,0.0028755922110301,0.0012457223532618,0.0154214561716664,0.005,1.0,0.006621353535523733,2021-07-02
2021-07-01,27843.353655183837,28075.73913431778,27622.072119078453,27861.13136181641,439628.2411,0.0,0.0,27861.13136181641,27843.353655183837,28075.73913431778,27622.072119078453,0.0004725052990873,-0.0012076349866001,0.0016801402856874,0.0149882669172819,0.005,1.0,0.006580453360179872,2021-07-02
2021-07-02,27934.088537514075,28252.99336444515,27650.566298628062,28044.47023730469,594696.2699,14.2,0.0,28044.47023730469,27934.088537514075,28252.99336444515,27650.566298628062,0.0040494732516357,0.001695467153261,0.0023540060983746,0.0205319313149709,0.005,0.0,-0.020154237327502655,2021-07-09
2021-07-05,28044.47023730469,28044.47023730469,28044.47023730469,28044.47023730469,0.0,0.0,0.0,28044.47023730469,28044.47023730469,28044.47023730469,28044.47023730469,0.0,-1.3078427230084344e-17,2.6156854460168685e-17,2.6156854460168685e-17,0.005,0.0,-0.020154237327502655,2021-07-09
2021-07-06,28044.47023730469,28044.47023730469,28044.47023730469,28044.47023730469,0.0,0.0,0.0,28044.47023730469,28044.47023730469,28044.47023730469,28044.47023730469,0.0,-1.3078427230084344e-17,2.6156854460168685e-17,2.6156854460168685e-17,0.005,0.0,-0.020154237327502655,2021-07-09
2021-07-07,28044.47023730469,28044.47023730469,28044.47023730469,28044.47023730469,0.0,0.0,0.0,28044.47023730469,28044.47023730469,28044.47023730469,28044.47023730469,0.0,-1.3078427230084344e-17,2.6156854460168685e-17,2.6156854460168685e-17,0.005,0.0,-0.020154237327502655,2021-07-09
2021-07-08,28044.47023730469,28044.47023730469,28044.47023730469,28044.47023730469,0.0,0.0,0.0,28044.47023730469,28044.47023730469,28044.47023730469,28044.47023730469,0.0,-1.3078427230084344e-17,2.6156854460168685e-17,2.6156854460168685e-17,0.005,0.0,-0.020154237327502655,2021-07-09
2021-07-09,27498.514773167048,27869.89386548381,27142.1107848625,27479.255328417967,769821.3892999999,0.0,0.0,27479.255328417967,27498.514773167048,27869.89386548381,27142.1107848625,-0.0226628711776778,-0.0207468443079561,-0.0019160268697216,0.0247241509266607,0.005,0.0,-0.018550795137655562,2021-07-13
2021-07-12,27479.255328417967,27479.255328417967,27479.255328417967,27479.255328417967,0.0,0.0,0.0,27479.255328417967,27479.255328417967,27479.255328417967,27479.255328417967,0.0,5.69544411632705e-18,7.327471962526032e-18,2.604583215770617e-17,0.007919446596845419,0.0,-0.018550795137655562,2021-07-13
2021-07-13,26977.750099221328,27291.56513950116,26535.780147201145,26969.493292285155,495660.5981,71.8,0.0,26969.493292285155,26977.750099221328,27291.56513950116,26535.780147201145,-0.0152729700806764,-0.0174917802333406,0.0022188101526641,0.028082095956214,0.007539504155185326,0.0,-0.016168259872224255,2021-07-19
2021-07-14,26955.340455468748,26960.05806510229,26955.340455468748,26955.340455468748,1458.78,0.0,0.0,26955.340455468748,26955.340455468748,26960.05806510229,26955.340455468748,-0.001266240981814,-0.001266240981814,9.81437153768638e-18,0.0004250914260817,0.008369161373664996,0.0,-0.01565170137815397,2021-07-19
2021-07-15,26712.119498136493,27217.05285140742,26485.75885967183,26978.205234374997,600726.7081999999,244.5,0.0,26978.205234374997,26712.119498136493,27217.05285140742,26485.75885967183,0.0007341220211245,-0.0096682006595755,0.0104023226807,0.0266617461461448,0.007966892420461419,0.0,-0.016485963925243374,2021-07-19
2021-07-16,26978.205234374997,26978.205234374997,26978.205234374997,26978.205234374997,0.0,0.0,0.0,26978.205234374997,26978.205234374997,26978.205234374997,26978.205234374997,0.0,8.31557045444242e-18,6.0174087934683475e-18,2.866595849582154e-17,0.007629819059696927,0.0,-0.016485963925243374,2021-07-19
2021-07-19,26574.40883927558,26998.09477806137,26282.95652635228,26533.44351611328,852261.5856000001,0.0,0.0,26533.44351611328,26574.40883927558,26998.09477806137,26282.95652635228,-0.0134955233276968,-0.0120209528647023,-0.0014745704629945,0.0254054615961372,0.007280695108248296,1.0,0.010959908399097218,2021-07-20
2021-07-20,26528.73165844313,26966.01270086415,26289.176332195577,26824.2476265625,615658.8789,0.0,0.0,26824.2476265625,26528.73165844313,26966.01270086415,26289.176332195577,0.0096433689037148,-0.0007171544267403,0.0103605233304551,0.0251022020840296,0.007776718100526261,1.0,0.00999275184645132,2021-07-22
2021-07-21,26913.802458662416,27166.796464866056,26686.07854118971,26873.634240332027,597308.8091000002,0.0,0.0,26873.634240332027,26913.802458662416,27166.796464866056,26686.07854118971,0.0030538642592865,0.0024157376851534,0.000638126574133,0.01809514502677,0.008301395420829557,1.0,0.013624721311378485,2021-07-26
2021-07-22,26835.97159042795,27314.600554211804,26770.481156305912,27092.295676562502,758308.4183999998,0.0,0.0,27092.295676562502,26835.97159042795,27314.600554211804,26770.481156305912,0.0085360396967853,-0.0017133623215723,0.0102494020183577,0.0192671022445151,0.008023632723710945,0.0,0.006175896017601268,2021-07-29
2021-07-23,26981.81458327208,27416.04077463431,26695.58116007064,26942.29191484375,1121128.0607000005,8.52,0.0,26942.29191484375,26981.81458327208,27416.04077463431,26695.58116007064,-0.0041950872295391,-0.0040940776724493,-0.0001010095570898,0.0235294111765608,0.00817859327697586,1.0,0.011041677655968751,2021-07-26
2021-07-26,26776.65492343252,27346.13239221319,26604.390051097736,27239.78001748047,907447.5669,0.0,0.0,27239.78001748047,26776.65492343252,27346.13239221319,26604.390051097736,0.0110292103837677,-0.0052122064513369,0.0162414168351047,0.0263449028091924,0.00786755035015097,1.0,0.017042948305654226,2021-08-02
2021-07-27,27339.257607263786,27623.303879608404,27010.540061994117,27218.722458105472,869038.3224,37.93388364,0.0,27218.722458105472,27339.257607263786,27623.303879608404,27010.540061994117,-0.0008839332020171,0.0021161356106995,-0.0030000688127167,0.0197502924110508,0.008271100531960575,1.0,0.017829775913152268,2021-08-02
2021-07-28,27151.0394745941,27439.5677993766,26890.588971365378,27199.04614804688,646579.2524000001,0.0,0.0,27199.04614804688,27151.0394745941,27439.5677993766,26890.588971365378,0.000334115150683,-0.0013327474331228,0.0016668625838059,0.0202996822419933,0.007877592172923631,1.0,0.008502825510799505,2021-07-30
2021-07-29,27222.36318532657,27458.77434816769,26899.282641370213,27259.61487753906,760748.7996,19.95,0.0,27259.61487753906,27222.36318532657,27458.77434816769,26899.282641370213,0.0011258915457878,9.880045017451677e-05,0.0010270910956133,0.0186996673948993,0.0074930859284752785,1.0,0.016302919341787847,2021-08-02
2021-07-30,27334.59346388452,27610.58586892558,26994.187459775065,27430.31489150391,939305.7183,0.0,0.0,27430.31489150391,27334.59346388452,27610.58586892558,26994.187459775065,0.0053945844579431,0.0014800084426372,0.0039145760153059,0.0206884366621135,0.007131460728530407,1.0,0.009978423133474523,2021-08-02
2021-08-02,27404.67357201969,27945.948190783896,27206.78499757216,27704.02618017578,4141877.6297,0.0,0.0,27704.02618017578,27404.67357201969,27945.948190783896,27206.78499757216,0.0094072958705345,-0.0009800816806094,0.0103873775511439,0.0247840016142239,0.006948264911047005,1.0,0.010059677754648222,2021-08-04
2021-08-03,27753.142797973986,28069.96807619684,27543.228056653927,27889.452992773437,887809.2403999999,0.0,0.0,27889.452992773437,27753.142797973986,28069.96807619684,27543.228056653927,0.0066580673829474,0.0009398690375807,0.0057181983453666,0.0192850701536513,0.00709119356036556,1.0,0.015081447695352024,2021-08-09
2021-08-04,27982.719756054685,27982.719756054685,27982.719756054685,27982.719756054685,0.0,152.75,0.0,27982.719756054685,27982.719756054685,27982.719756054685,27982.719756054685,0.002780288365184,0.0027802883651841,-8.415490526658687e-18,1.6830981053317368e-17,0.006909238792811074,1.0,0.011698168231499828,2021-08-09
2021-08-05,27784.111483358764,28050.73584794804,27599.977362711616,27869.092123242182,537288.7735,0.0,0.0,27869.092123242182,27784.111483358764,28050.73584794804,27599.977362711616,-0.0036318614658745,-0.0060432547510023,0.0024113932851278,0.0152933220376667,0.006574649533029308,1.0,0.015823055668396924,2021-08-09
2021-08-06,27907.58586037892,28215.08423587424,27712.81602353036,27916.413184960933,689970.746,0.0,0.0,27916.413184960933,27907.58586037892,28215.08423587424,27712.81602353036,0.0037146624138738,0.0013846469221061,0.0023300154917676,0.0179751426084493,0.006497272947822994,1.0,0.01410113583599859,2021-08-09
2021-08-09,27902.238216703998,28459.1181853421,27741.119105974863,28310.06631933593,644949.7964,0.0,0.0,28310.06631933593,27902.238216703998,28459.1181853421,27741.119105974863,0.0141394276696396,-0.0006113157738104,0.01475074344345,0.0249749130800921,0.006210980446973927,1.0,0.017469383304290265,2021-08-11
2021-08-10,28310.06631933593,28310.06631933593,28310.06631933593,28310.06631933593,0.0,0.0,0.0,28310.06631933593,28310.06631933593,28310.06631933593,28310.06631933593,0.0,5.140332604014473e-18,6.872280522429719e-18,2.4025226252888385e-17,0.006970254335761885,1.0,0.017469383304290265,2021-08-11
2021-08-11,28727.44597620541,29185.99464462227,28454.659555740876,28804.625719238284,960537.1588,0.0,0.0,28804.625719238284,28727.44597620541,29185.99464462227,28454.659555740876,0.0140690577166666,0.0137137649754133,0.0003552927412532,0.0243332956672527,0.006692426182656237,0.0,-0.007089669477803873,2021-08-12
2021-08-12,28778.96605892983,29216.573362712392,28356.12026610456,28600.410443457036,1193507.6337,0.0,0.0,28600.410443457036,28778.96605892983,29216.573362712392,28356.12026610456,-0.0043005296714156,0.0001953651291704,-0.004495894800586,0.0275073001571136,0.007222652307505971,1.0,0.007358217400726508,2021-08-13
2021-08-13,28498.69404027425,29004.112772017917,28169.7134671942,28810.85848125,923653.6027,0.0,0.0,28810.85848125,28498.69404027425,29004.112772017917,28169.7134671942,0.0082376112241804,-0.0030101351081197,0.0112477463323001,0.0273293604624246,0.007292235737906602,0.0,-0.017046490886172605,2021-08-20
2021-08-16,28906.690084574195,29262.52434902693,28596.08992886651,28929.06366855469,613506.6982,18.480190785,0.0,28929.06366855469,28906.690084574195,29262.52434902693,28596.08992886651,0.0055800775417423,0.0032052218914391,0.0023748556503031,0.0223786362862544,0.007110421489938909,0.0,-0.008987082925301482,2021-08-18
2021-08-17,28929.06367703439,28929.06367703439,28924.34606710624,28926.70487207032,1114.84,0.0,0.0,28926.70487207032,28929.06367703439,28929.06367703439,28924.34606710624,-0.0002114076649125,7.586420186822752e-10,-0.0002114084235545,0.0004235732294841,0.006791227988488116,0.0,-0.008906271861784276,2021-08-18
2021-08-18,28475.87243823885,29013.140167267527,28274.86420791281,28669.07577441406,786874.8868,0.0,0.0,28669.07577441406,28475.87243823885,29013.140167267527,28274.86420791281,-0.0053025034138587,-0.0117123007776935,0.0064097973638347,0.0231417235595251,0.0065681056999707015,1.0,0.007583380666056794,2021-08-19
2021-08-19,28775.37438999256,29108.96458212411,28430.55203172371,28886.484289355467,722601.2553999998,0.0,0.0,28886.484289355467,28775.37438999256,29108.96458212411,28430.55203172371,0.0070190721589523,0.0030772489912406,0.0039418231677116,0.022243008907888,0.006770119303977655,0.0,-0.019619896936981962,2021-08-20
2021-08-20,28863.75197879101,29051.107872978115,28076.14468064538,28319.734444726564,1243656.5428000002,0.0,0.0,28319.734444726564,28863.75197879101,29051.107872978115,28076.14468064538,-0.0169665609030516,-0.0013483876671902,-0.0156181732358614,0.0312037458844975,0.006579860852001981,0.0,-0.013967617132140009,2021-08-23
2021-08-23,28159.08541312629,28427.83495403561,27635.649946993293,27924.175236718747,1035233.6075,0.0,0.0,27924.175236718747,28159.08541312629,28427.83495403561,27635.649946993293,-0.0132063049855044,-0.006307969050605,-0.0068983359348994,0.0265286469775419,0.008671097754006284,1.0,0.011962448857748775,2021-08-25
2021-08-24,28001.059053519944,28302.76402206473,27575.301921763858,27960.9535689453,722884.751,0.0,0.0,27960.9535689453,28001.059053519944,28302.76402206473,27575.301921763858,-0.0003080008789322,0.0019567346525817,-0.0022647355315139,0.024774334599429,0.009300238140329528,1.0,0.010631367961200677,2021-08-25
2021-08-25,28007.7526055059,28411.137438443668,27740.414355587523,28258.216754882807,443010.5397,0.0,0.0,28258.216754882807,28007.7526055059,28411.137438443668,27740.414355587523,0.0082211354589119,0.0008145545471653,0.0074065809117465,0.02199269000758,0.008846291712732629,1.0,0.009644341828766612,2021-08-26
2021-08-26,28399.631387419933,28814.366457300064,28181.825544916883,28530.74865673828,671188.6313,0.0,0.0,28530.74865673828,28399.631387419933,28814.366457300064,28181.825544916883,0.0082900572103579,0.0034135837587217,0.0048764734516362,0.0212366644077862,0.008796921847124023,1.0,0.010672922840810006,2021-08-27
2021-08-27,28555.51635371363,28974.91432850168,28379.81778723661,28835.25513574219,767425.6865,17.85,0.0,28835.25513574219,28555.51635371363,28974.91432850168,28379.81778723661,0.0110799239549652,0.0003361492511309,0.0107437747038343,0.0209233505610398,0.008689104031628809,1.0,0.010895957154293923,2021-08-30
2021-08-30,29103.79381518476,29421.17826183473,28773.441385932638,29149.44284023437,609168.2342000001,6.775,0.04065,29149.44284023437,29103.79381518476,29421.17826183473,28773.441385932638,0.0106939783230028,0.008462252881832,0.0022317254411707,0.0211999625492077,0.008778752745680105,1.0,0.018414963135800377,2021-09-01
2021-08-31,29248.10264118368,29685.681721096546,28978.708918803462,29391.286373828123,697967.0169999999,0.0,0.0,29391.286373828123,29248.10264118368,29685.681721096546,28978.708918803462,0.010238924469208,0.0030042564167603,0.0072346680524476,0.0268268551680813,0.008734183735633878,1.0,0.0100350280007111,2021-09-01
2021-09-01,29435.15795449998,29920.58487673881,29164.24080492978,29686.228755566404,602525.6939000001,0.0,0.0,29686.228755566404,29435.15795449998,29920.58487673881,29164.24080492978,0.0111378790976764,0.0032805173226774,0.007857361774999,0.0285193928522669,0.008589153462161155,0.0,-0.009549932456106802,2021-09-07
2021-09-02,29686.228755566404,29686.228755566404,29686.228755566404,29686.228755566404,0.0,0.0,0.0,29686.228755566404,29686.228755566404,29686.228755566404,29686.228755566404,0.0,-1.0069722833350169e-17,2.0139445666700334e-17,2.0139445666700334e-17,0.008472282477862195,0.0,-0.009549932456106802,2021-09-07
2021-09-03,29686.228755566404,29686.228755566404,29686.228755566404,29686.228755566404,0.0,0.0,0.0,29686.228755566404,29686.228755566404,29686.228755566404,29686.228755566404,0.0,-1.0069722833350169e-17,2.0139445666700334e-17,2.0139445666700334e-17,0.008166916120733694,0.0,-0.009549932456106802,2021-09-07
2021-09-06,29717.772799562317,30223.826708799348,29384.84496207627,29839.63001015625,780661.2307,0.0,0.0,29839.63001015625,29717.772799562317,30223.826708799348,29384.84496207627,0.0069957996428222,0.0007341420940023,0.0062616575488199,0.0269070172413421,0.007860215771966316,0.0,-0.01464169408043381,2021-09-07
2021-09-07,29770.19080611419,29985.370711195665,29165.394253037244,29402.72727607421,664236.8127,0.0,0.0,29402.72727607421,29770.19080611419,29985.370711195665,29165.394253037244,-0.0128508057427561,-0.0009422307135258,-0.0119085750292302,0.0300721052717143,0.007546144224908415,1.0,0.02601487642019995,2021-09-13
2021-09-08,29402.72727607421,29402.72727607421,29402.72727607421,29402.72727607421,0.0,0.0,0.0,29402.72727607421,29402.72727607421,29402.72727607421,29402.72727607421,0.0,9.892087149410145e-18,-8.992806499463775e-19,1.7985612998927533e-17,0.00877752395457987,1.0,0.02601487642019995,2021-09-13
2021-09-09,29154.13189433871,29578.525111963903,28970.741067122828,29364.41667382812,521746.5641,0.0,0.0,29364.41667382812,29154.13189433871,29578.525111963903,28970.741067122828,-0.0022099201603091,-0.0090615160336519,0.0068515958733428,0.0187630483329999,0.008378441959620616,1.0,0.008789583500059983,2021-09-10
2021-09-10,29361.46875901088,29853.55908576057,29151.8829653648,29622.517666113283,456509.89439999993,0.0,0.0,29622.517666113283,29361.46875901088,29853.55908576057,29151.8829653648,0.0070118554388444,0.0003488450643252,0.0066630103745191,0.0214809131331448,0.00807474450716066,1.0,0.018402147062889007,2021-09-13
2021-09-13,29802.408768210596,30470.235548193083,29428.78277275131,30167.635592578124,797129.6484,0.0,0.0,30167.635592578124,29802.408768210596,30470.235548193083,29428.78277275131,0.0090189707413358,0.0026381203512926,0.0063808503900433,0.0309819838163959,0.007845815182805626,1.0,0.008479309074952424,2021-09-15
2021-09-14,30219.00488167107,30652.129503707823,29908.370882771866,30318.58161669922,652126.7922999999,0.0,0.0,30318.58161669922,30219.00488167107,30652.129503707823,29908.370882771866,0.0023064831148639,0.0008995038045458,0.0014069793103181,0.0216416345093768,0.007740230028333005,0.0,0.001878054383844363,2021-09-21
2021-09-15,30368.04343007861,30653.59036537932,29882.67972923004,30423.43629882813,517914.1811,0.0,0.0,30423.43629882813,30368.04343007861,30653.59036537932,29882.67972923004,0.0035237071031955,0.0015762012336288,0.0019475058695666,0.0230101365331828,0.007364246069292236,0.0,-0.0015749285038380023,2021-09-22
2021-09-16,30325.84399918037,30553.246729523504,29911.63067225368,30209.139734960947,545514.144,0.0,0.0,30209.139734960947,30325.84399918037,30553.246729523504,29911.63067225368,-0.002650431425432,-0.0008580923271404,-0.0017923390982916,0.0202698342688015,0.007008202812691537,1.0,0.008928545153237266,2021-09-17
2021-09-17,30244.431679026187,30672.58425052777,29975.043443631457,30478.863403125,1027576.0309,0.0,0.0,30478.863403125,30244.431679026187,30672.58425052777,29975.043443631457,0.0088223698539251,0.0032075804065292,0.0056147894473959,0.0224550642137385,0.006870132618709736,0.0,-0.001906093405731002,2021-09-24
2021-09-20,30730.564570562303,30935.155467616507,30152.430587621384,30384.956689843748,652296.3445,0.0,0.0,30384.956689843748,30730.564570562303,30935.155467616507,30152.430587621384,-0.0050680513053213,0.0054072503045198,-0.0104753016098412,0.0235023337850269,0.006820043148001422,1.0,0.009613011795667648,2021-09-23
2021-09-21,30384.95678170774,30387.315586680576,30373.16275684357,30375.521561816404,3024.3,0.0,0.0,30375.521561816404,30384.95678170774,30387.315586680576,30373.16275684357,-0.000767640834433,7.425874742790337e-09,-0.0007676482603077,0.0011514924913261,0.006922963389935595,1.0,0.009926613917855986,2021-09-23
2021-09-22,30375.521561816404,30375.521561816404,30375.521561816404,30375.521561816404,0.0,0.0,0.0,30375.521561816404,30375.521561816404,30375.521561816404,30375.521561816404,0.0,-8.415490526658687e-18,1.6830981053317368e-17,1.6830981053317368e-17,0.0066452046636421985,1.0,0.009926613917855986,2021-09-23
2021-09-23,31081.70691994127,31365.775082208103,30392.70207878856,30677.047636914063,733127.8134999999,0.0,0.0,30677.047636914063,31081.70691994127,31365.775082208103,30392.70207878856,0.0097371252429814,0.0197205168354044,-0.0099833915924229,0.0274143523636507,0.006347035908691495,0.0,-0.008354121862351294,2021-09-24
2021-09-24,30526.769794537253,30794.7085054099,30321.47954559325,30420.767842578127,55184524.7958,0.0,0.0,30420.767842578127,30526.769794537253,30794.7085054099,30321.47954559325,-0.0059515969986976,-0.0035775398459914,-0.0023740571527062,0.0167382378189964,0.00650101522096831,0.0,-0.013597506882081167,2021-09-27
2021-09-27,30378.807951493745,30588.08249373444,29855.2095174102,30007.121242480476,768322.6914000002,0.0,0.0,30007.121242480476,30378.807951493745,30588.08249373444,29855.2095174102,-0.0128563183862006,0.0010296291387479,-0.0138859475249485,0.0252806224722194,0.006686251705200289,1.0,0.011072233931766373,2021-09-30
2021-09-28,29892.09797079536,30336.783838899104,29574.17440637608,30163.59758154297,528717.3025,0.0,0.0,30163.59758154297,29892.09797079536,30336.783838899104,29574.17440637608,0.0078479357018079,-0.0031173297864076,0.0109652654882155,0.0262331829628674,0.0077224869175711005,1.0,0.012510107723656239,2021-10-04
2021-09-29,30146.222235515324,30428.28672722343,29778.33201334181,30189.070121679688,585491.4574,26.9,0.0,30189.070121679688,30146.222235515324,30428.28672722343,29778.33201334181,0.0031996490495107,-0.0009783027870782,0.004177951836589,0.0220265006849257,0.007688953110082439,1.0,0.011655785140884722,2021-10-04
2021-09-30,30333.223675728022,30648.74765878813,30063.45027738143,30339.3671084961,435883.0673,0.0,0.0,30339.3671084961,30333.223675728022,30648.74765878813,30063.45027738143,0.0070576867241142,0.0063623691826143,0.0006953175414998,0.0198552241961878,0.007343003493669466,1.0,0.009673350746032261,2021-10-05
2021-10-01,30349.684211887867,30647.58483996895,29972.387218752025,30371.209082617184,530857.5063,0.0,0.0,30371.209082617184,30349.684211887867,30647.58483996895,29972.387218752025,-0.0002459466200198,0.0003082631578243,-0.0005542097778442,0.0213949966271261,0.007201784257538471,1.0,0.008614782658810327,2021-10-05
2021-10-04,30433.689277032143,30998.37077565369,29999.25933143113,30540.94743662109,88577382.69549999,0.0,0.0,30540.94743662109,30433.689277032143,30998.37077565369,29999.25933143113,0.013153884307455,0.0027600229897631,0.0103938613176918,0.0355167728933921,0.00687749956719331,1.0,0.013095116606932855,2021-10-07
2021-10-05,30540.764867215337,30924.53835173063,30214.56125684532,30632.85044794922,556284.1025,0.0,0.0,30632.85044794922,30540.764867215337,30924.53835173063,30214.56125684532,-0.0001164482523605,-0.0002630370300116,0.0001465887776511,0.02359008013977,0.007410953899656672,1.0,0.010055683755713085,2021-10-07
2021-10-06,30632.85044794922,30632.85044794922,30632.85044794922,30632.85044794922,0.0,0.0,0.0,30632.85044794922,30632.85044794922,30632.85044794922,30632.85044794922,0.0,3.0642155479654312e-18,4.0034642267983136e-17,8.619771563189713e-17,0.007099794036403335,1.0,0.010055683755713085,2021-10-07
2021-10-07,30749.25543032618,31180.00136244153,30463.86085427854,30940.884704589847,511364.5754,0.0,0.0,30940.884704589847,30749.25543032618,31180.00136244153,30463.86085427854,0.0121146130485254,0.0064240376504733,0.0056905753980521,0.025508901897455,0.00679261927170222,1.0,0.012097868391548916,2021-10-12
2021-10-08,30917.303821120924,30935.64163364423,30893.77315238925,30911.010841699223,2870.7,0.0,0.0,30911.010841699223,30917.303821120924,30935.64163364423,30893.77315238925,-0.0017280996252328,-0.0010253328345768,-0.0007027667906559,0.0018057775929187,0.007118470013629793,1.0,0.013076007641250609,2021-10-12
2021-10-11,30911.010841699223,30911.010841699223,30911.010841699223,30911.010841699223,0.0,0.0,0.0,30911.010841699223,30911.010841699223,30911.010841699223,30911.010841699223,0.0,-6.616929226765933e-18,2.1327384303049253e-17,2.9420910152566644e-17,0.006927840474012782,1.0,0.013076007641250609,2021-10-12
2021-10-12,31238.514602919637,31585.35888993296,30800.790709528548,31315.20345566406,636862.1722999999,0.0,0.0,31315.20345566406,31238.514602919637,31585.35888993296,30800.790709528548,0.0082743860677332,0.0048785162027803,0.0033958698649529,0.0261254824981961,0.006638759869267212,1.0,0.008222532991658538,2021-10-15
2021-10-13,31384.43124388129,31635.47027259337,31025.177739250837,31217.827192285156,678750.3523,0.0,0.0,31217.827192285156,31384.43124388129,31635.47027259337,31025.177739250837,-0.0033518838093786,0.0029029041553999,-0.0062547879647786,0.0201266500927335,0.006556220928593618,1.0,0.011367432933362398,2021-10-15
2021-10-14,31217.827192285156,31217.827192285156,31217.827192285156,31217.827192285156,0.0,0.0,0.0,31217.827192285156,31217.827192285156,31217.827192285156,31217.827192285156,0.0,-1.2256862191861728e-17,2.451372438372345e-17,2.451372438372345e-17,0.006521076038638737,1.0,0.011367432933362398,2021-10-15
2021-10-15,31297.327046522296,31735.176113744536,31129.85534866631,31572.693749218757,592488.0724,0.0,0.0,31572.693749218757,31297.327046522296,31735.176113744536,31129.85534866631,0.0138349976146611,0.0041750872110421,0.009659910403619,0.0195337055965369,0.006243887791596104,0.0,-0.007699741940590976,2021-10-20
2021-10-18,31572.693749218757,31572.693749218757,31572.693749218757,31572.693749218757,0.0,0.0,0.0,31572.693749218757,31572.693749218757,31572.693749218757,31572.693749218757,0.0,1.1046719095020305e-17,3.9190872769268016e-18,2.9931612743894215e-17,0.006903627988132949,0.0,-0.007699741940590976,2021-10-20
2021-10-19,31583.777988925234,31835.39617707463,31190.687371066026,31514.007165917967,538448.0576,0.0,0.0,31514.007165917967,31583.777988925234,31835.39617707463,31190.687371066026,0.0063464460965779,0.0077694626505628,-0.0014230165539849,0.0212103792336778,0.00663973355904319,0.0,0.0017255895952799083,2021-10-26
2021-10-20,31476.143069641093,31796.20569429507,31016.12376269062,31329.592154980463,645827.7453000001,0.0,0.0,31329.592154980463,31476.143069641093,31796.20569429507,31016.12376269062,-0.0056836321261942,-0.0023738151120902,-0.0033098170141039,0.0272116966809423,0.006397890081925061,1.0,0.0070262122242124025,2021-10-22
2021-10-21,31387.012883369494,31818.231764765907,31038.06323516307,31383.26831533203,605581.2539,0.0,0.0,31383.26831533203,31387.012883369494,31818.231764765907,31038.06323516307,0.0017132621634643,0.0019756020257555,-0.0002623398622911,0.02356688657897,0.006656832711213655,1.0,0.007495474099164179,2021-10-27
2021-10-22,31473.80566396265,31835.02743877828,31138.96723507806,31549.720518359376,595726.5412,141.75,0.0,31549.720518359376,31473.80566396265,31835.02743877828,31138.96723507806,0.0057173718935191,0.0019167914218558,0.0038005804716631,0.0225568934313784,0.006335501327339189,1.0,0.020618245682672454,2021-10-28
2021-10-25,31549.720518359376,31549.720518359376,31549.720518359376,31549.720518359376,0.0,0.0,0.0,31549.720518359376,31549.720518359376,31549.720518359376,31549.720518359376,0.0,6.0063065632220956e-18,5.140332604014473e-18,2.2293278334473138e-17,0.006110805874714727,1.0,0.020618245682672454,2021-10-28
2021-10-26,31556.63707895401,31617.71364629573,31435.170146115903,31568.387408789054,71770.071,0.0,0.0,31568.387408789054,31556.63707895401,31617.71364629573,31435.170146115903,0.0009369554073707,0.000936897326871,5.808049977030703e-08,0.0070438421148399,0.005868070626689946,1.0,0.02001473785327379,2021-10-28
2021-10-27,31580.995367114243,31644.84556526332,31525.825461027795,31618.50079013672,114574.4008,0.0,0.0,31618.50079013672,31580.995367114243,31644.84556526332,31525.825461027795,0.0015905505349101,0.0006811355237285,0.0009094150111815,0.0043040438315119,0.0055994803145420985,1.0,0.01839807715586894,2021-10-28
2021-10-28,31969.220146743603,32399.048287893427,31626.90242432433,32200.22040722656,651130.2788999999,23.842591925,0.0,32200.22040722656,31969.220146743603,32399.048287893427,31626.90242432433,0.0161696831073058,0.0081192834839752,0.0080503996233305,0.0232381808648335,0.005330195019633679,1.0,0.01006092117382451,2021-11-02
2021-10-29,32203.11315947183,32421.615542128016,31755.40775303411,32117.041249609378,787304.4552999999,0.0,0.0,32117.041249609378,32203.11315947183,32421.615542128016,31755.40775303411,-0.0019334816518334,0.0003235743666795,-0.002257056018513,0.0207927620404521,0.006585852088395077,1.0,0.012676853815698719,2021-11-02
2021-11-01,32117.041249609378,32117.041249609378,32112.32363969883,32117.041249609378,14.3506,0.0,0.0,32117.041249609378,32117.041249609378,32117.041249609378,32112.32363969883,0.0,1.1113332476497816e-17,4.218847493575577e-19,0.000316267416339,0.006477814843615071,1.0,0.012676853815698719,2021-11-02
2021-11-02,32136.10932198259,32524.18428652344,31807.64656732856,32524.18428652344,606555.2690000001,0.0,0.0,32524.18428652344,32136.10932198259,32524.18428652344,31807.64656732856,0.0109322408077602,-0.0017068770812277,0.0126391178889879,0.023808992203589,0.006228424691111358,0.0,-0.010136736567446847,2021-11-03
2021-11-03,32366.62288695586,32756.689149803715,31705.05915284452,32194.495198339857,9824618.780700004,0.0,0.0,32194.495198339857,32366.62288695586,32756.689149803715,31705.05915284452,-0.0156043418845495,-0.0045021425886453,-0.0111021992959041,0.0324482326076746,0.006418451652058527,1.0,0.0073227920822747095,2021-11-04
2021-11-04,32076.39434393015,32655.987539285157,31819.9194867057,32430.24879287109,569044.2149,0.0,0.0,32430.24879287109,32076.39434393015,32655.987539285157,31819.9194867057,0.00820698522193,-0.0016637704629439,0.009870755684874,0.0246807437400759,0.008391979761034441,1.0,0.014996796397940493,2021-11-05
2021-11-05,32447.85730485624,33107.46381942731,32158.753054473524,32916.59863115234,791916.235,0.0,0.0,32916.59863115234,32447.85730485624,33107.46381942731,32158.753054473524,0.0122226268214073,0.00337176393008,0.0088508628913272,0.0299092970214679,0.008219903526391367,1.0,0.00989354531152542,2021-11-08
2021-11-08,33125.407800706205,33598.31951667226,32741.66479480447,33242.26049121094,693100.6007,0.0,0.0,33242.26049121094,33125.407800706205,33598.31951667226,32741.66479480447,0.0109638445944916,0.0066380559353845,0.0043257886591071,0.0270801207210727,0.008368884588953006,0.0,-0.00768087903666459,2021-11-15
2021-11-09,33305.64977078141,33583.71155389143,32861.877325488225,33250.04610117187,598560.9335999999,0.0,0.0,33250.04610117187,33305.64977078141,33583.71155389143,32861.877325488225,0.0014213535144135,0.0025294366979248,-0.0011080831835113,0.0225583923109253,0.00829186694044476,0.0,-0.005676210859366426,2021-11-16
2021-11-10,33210.19957268916,33512.18385261851,32799.31999881335,33210.34455,608840.2324999999,0.0,0.0,33210.34455,33210.19957268916,33512.18385261851,32799.31999881335,-0.0018122643045069,-0.0008219026381173,-0.0009903616663895,0.0213602669488132,0.007925019326798446,0.0,0.001316692883163606,2021-11-17
2021-11-11,33173.994927400534,33483.574386117805,32647.76928166201,32988.64005214843,884745.2597999998,0.0,0.0,32988.64005214843,33173.994927400534,33483.574386117805,32647.76928166201,-0.0062662961911758,-0.0016045593181161,-0.0046617368730597,0.0252504248838742,0.0077218521820938985,1.0,0.008046173523624134,2021-11-17
2021-11-12,32936.45464887049,33312.910042539304,32603.08626140196,33030.05809462891,616362.6298999999,0.0,0.0,33030.05809462891,32936.45464887049,33312.910042539304,32603.08626140196,0.0010624908700765,-0.0028797418804224,0.0039422327504989,0.0215329323577,0.007880697493844178,0.0,-0.006721501403355035,2021-11-19
2021-11-15,33176.2802474043,33482.384830844894,32690.05104725064,32986.930709472654,715598.9214,0.0,0.0,32986.930709472654,33176.2802474043,33482.384830844894,32690.05104725064,0.0001530977638865,0.0036959215836947,-0.0035428238198081,0.024547032816008,0.007505505812660224,1.0,0.008098409251729333,2021-11-17
2021-11-16,32942.89233409564,33372.21163138095,32486.81222318381,33061.311828417965,783620.2162,0.0,0.0,33061.311828417965,32942.89233409564,33372.21163138095,32486.81222318381,0.001017002199407,-0.0014760376555706,0.0024930398549777,0.0255036922985044,0.007165587710144686,0.0,-0.007660473877727614,2021-11-19
2021-11-17,33021.12300678642,33467.08931447012,32785.86381452615,33254.0723743164,727716.0974999998,0.0,0.0,33254.0723743164,33021.12300678642,33467.08931447012,32785.86381452615,0.0037232210872004,-0.0015502418207281,0.0052734629079285,0.0205898860317116,0.006822262652678534,0.0,-0.013412668875644851,2021-11-19
2021-11-18,33390.29793392815,33644.18082667407,32894.959425868255,33203.002037207014,806983.7023,0.0,0.0,33203.002037207014,33390.29793392815,33644.18082667407,32894.959425868255,0.0001862723657728,0.0045363193577959,-0.0043500469920231,0.0220694893443456,0.006512289558580722,0.0,-0.01189517514023175,2021-11-19
2021-11-19,33111.9828824084,33545.91342875639,32334.681344303997,32808.046512792964,887196.3048,0.0,0.0,32808.046512792964,33111.9828824084,33545.91342875639,32334.681344303997,-0.0112225085885242,-0.0013391422052677,-0.0098833663832565,0.0368735401032956,0.006220611892809818,0.0,-0.013483828082059501,2021-11-22
2021-11-22,32683.36551511597,33158.60839816145,31993.85632849775,32365.66845390625,753920.9188999999,0.0,0.0,32365.66845390625,32683.36551511597,33158.60839816145,31993.85632849775,-0.0155285296827915,-0.005645599539587,-0.0098829301432044,0.036002862561986,0.007115336004058746,1.0,0.013284803779109122,2021-11-23
2021-11-23,32244.73197271358,32986.39103072439,31952.88919934663,32795.6400084961,510241.8578,0.0,0.0,32795.6400084961,32244.73197271358,32986.39103072439,31952.88919934663,0.0123533230866864,-0.0059730571319521,0.0183263802186385,0.0337005114148842,0.008339428876727076,1.0,0.009625741109263064,2021-11-24
2021-11-24,32917.81719424959,33537.25941535384,32336.89951413395,33111.32234873047,720057.5653,0.0,0.0,33111.32234873047,32917.81719424959,33537.25941535384,32336.89951413395,0.0105082386863083,0.00302466668853,0.0074835719977782,0.0387670732938781,0.008878823309890385,0.0,-0.016529596633956145,2021-11-26
2021-11-25,33066.65330738558,33385.239565655014,32547.359192536704,33072.46461669922,806340.4640999999,0.0,0.0,33072.46461669922,33066.65330738558,33385.239565655014,32547.359192536704,-0.0009166260309884,-0.0029369195715225,0.002020293540534,0.0256951253311914,0.008980423623632359,0.0,-0.015374090691548381,2021-11-26
2021-11-26,32883.2432362028,33227.9862794018,32361.072258220243,32564.00554628906,614131.4369999998,0.0,0.0,32564.00554628906,32883.2432362028,33227.9862794018,32361.072258220243,-0.0116273361594523,-0.0052842535163568,-0.0063430826430955,0.0250720757915291,0.00856897809820623,0.0,-0.016659699699621,2021-12-03
2021-11-29,32088.58898377702,32981.85383497296,31772.41414315288,32555.86664599609,614802.7363999998,10.0,0.0,32555.86664599609,32088.58898377702,32981.85383497296,31772.41414315288,0.0013330366575029,-0.0148866987476077,0.0162197354051107,0.0351313501153697,0.009009763004005291,0.0,-0.016413866629187646,2021-12-03
2021-11-30,32580.550382333284,33157.02804773693,32074.285017800827,32641.373053906245,687946.3950999998,0.0,0.0,32641.373053906245,32580.550382333284,33157.02804773693,32074.285017800827,0.0037689241531548,0.0012479050049547,0.0025210191482,0.0302767729354156,0.00858074788637576,0.0,-0.018990440751724735,2021-12-03
2021-12-01,32578.36891539013,32909.61452945458,32123.53327961699,32590.58717597656,405462.9576,0.0,0.0,32590.58717597656,32578.36891539013,32909.61452945458,32123.53327961699,-0.0029603330033518,-0.0029294871376034,-3.0845865748431e-05,0.0233119845994181,0.00823870139695004,0.0,-0.01746173458098843,2021-12-03
2021-12-02,32492.126827789776,32923.93729192213,32238.214548514065,32548.138908398443,414159.23900000006,0.0,0.0,32548.138908398443,32492.126827789776,32923.93729192213,32238.214548514065,1.5894464786735812e-05,-0.0033919695135716,0.0034078639783583,0.0215626006512678,0.007901558084803419,0.0,-0.016180338820892204,2021-12-03
2021-12-03,32561.16053978099,32654.396136683376,31881.839322402084,32021.498992871093,489537.4536,17.85,0.0,32021.498992871093,32561.16053978099,32654.396136683376,31881.839322402084,-0.0159755775308647,0.001035671805648,-0.0170112493365128,0.0242749969675375,0.0075159041206154294,0.0,-0.02577286473661833,2021-12-06
2021-12-06,32015.996528790016,32244.712109949192,30982.75787252749,31196.213230664067,667014.4311999999,0.0,0.0,31196.213230664067,32015.996528790016,32244.712109949192,30982.75787252749,-0.0233271103089288,-0.0017064941125103,-0.0216206161964185,0.0374437962049641,0.00862943817315209,1.0,0.01752397204783107,2021-12-07
2021-12-07,31164.89175614029,32052.73636471035,30906.974245423564,31742.894799316404,455753.1687999999,0.0,0.0,31742.894799316404,31164.89175614029,32052.73636471035,30906.974245423564,0.0154136936662501,0.0017393461628261,0.013674347503424,0.0376023398833583,0.010524310328014866,1.0,0.011822974692988986,2021-12-13
2021-12-08,31859.528002007683,32125.90128836157,31500.502578185675,31800.912564160157,442101.0853999999,0.0,0.0,31800.912564160157,31859.528002007683,32125.90128836157,31500.502578185675,0.0008468069952972,0.0037225017327514,-0.0028756947374542,0.0201296581723777,0.011523639083041298,0.0,0.009689386267347277,2021-12-15
2021-12-09,31700.913372806197,32189.21645766672,31505.11894108982,32029.841292480472,504533.3001,0.0,0.0,32029.841292480472,31700.913372806197,32189.21645766672,31505.11894108982,0.008144512642283,-0.0032973800931772,0.0114418927354603,0.0217603012564803,0.01098869519127871,0.0,0.0003392769759948955,2021-12-16
2021-12-10,31925.23232614489,32384.81623901717,31616.090055084227,32069.55182597656,483802.0228,0.0,0.0,32069.55182597656,31925.23232614489,32384.81623901717,31616.090055084227,0.0029511326240545,-0.0019878119510974,0.004938944575152,0.0252355539787375,0.010847483652024318,0.0,-0.0013312080395291304,2021-12-17
2021-12-13,32079.396216507263,32424.31184804973,31786.03614829158,32118.19024121093,384815.3942,0.0,0.0,32118.19024121093,32079.396216507263,32424.31184804973,31786.03614829158,0.0010388321378751,-0.0003128947097271,0.0013517268476022,0.0206558014740013,0.010372397748847084,0.0,-0.010228027794011885,2021-12-20
2021-12-14,32141.519327478647,32484.110027505463,31717.075922588523,32104.84964814453,541938.3698999999,0.0,0.0,32104.84964814453,32141.519327478647,32484.110027505463,31717.075922588523,0.0005341834443826,-0.0004736232342078,0.0010078066785904,0.0240692267314827,0.00987358063130163,0.0,-0.014674332085532593,2021-12-21
2021-12-15,32097.444416885643,32369.24288400152,31755.090183235327,32109.04388964844,416282.6693,0.0,0.0,32109.04388964844,32097.444416885643,32369.24288400152,31755.090183235327,-0.0004989352887284,-0.0004632452080428,-3.569008068559363e-05,0.0196954461322463,0.00939367823314895,0.0,-0.009946088460794478,2021-12-20
2021-12-16,32140.611932344837,32488.7179890656,31759.805115363462,32040.708280175782,465806.93490000005,19.95,0.0,32040.708280175782,32140.611932344837,32488.7179890656,31759.805115363462,-0.0010460492023539,0.0005982265386328,-0.0016442757409867,0.0214307042850093,0.008936182127884225,0.0,-0.012701837105643099,2021-12-21
2021-12-17,32072.620905957778,32301.89348296107,31653.777968922284,32026.860580761724,502221.2887,0.0,0.0,32026.860580761724,32072.620905957778,32301.89348296107,31653.777968922284,-0.000996060147077,0.0007596382688958,-0.0017556984159728,0.0200483859533426,0.008504829672842232,0.0,-0.012274951424564917,2021-12-21
2021-12-20,32030.645304571743,32222.610031494645,31529.98347798175,31789.684498730465,473004.4711999999,0.0,0.0,31789.684498730465,32030.645304571743,32222.610031494645,31529.98347798175,-0.0061467467793156,0.0002457285877247,-0.0063924753670404,0.021956415136792,0.008093388731764824,0.0,-0.00817693803728925,2021-12-22
2021-12-21,31711.99798176638,31977.790755391103,31344.63486923794,31633.73242285156,537490.9521000001,0.0,0.02616,31633.73242285156,31711.99798176638,31977.790755391103,31344.63486923794,-0.0033448283714964,-0.0036818852771866,0.0003370569056901,0.020810186423835,0.007899674337035095,0.0,-0.010590094934550986,2021-12-23
2021-12-22,31717.51968912278,32001.600873588875,31339.823085519583,31529.74221835937,686707.5318,0.0,0.0,31529.74221835937,31717.51968912278,32001.600873588875,31339.823085519583,-0.0026388116003582,0.0030057435027337,-0.0056445551030919,0.0210766770515862,0.007552371870227481,0.0,0.002225392914901647,2021-12-29
2021-12-23,31474.46330723821,31715.63739228123,30751.98375903147,31298.72819335938,677631.3329,0.0,0.0,31298.72819335938,31474.46330723821,31715.63739228123,30751.98375903147,-0.0073612265532858,-0.0027634367077746,-0.0045977898455112,0.0303888075875091,0.0071993925791093375,1.0,0.008880382412777665,2021-12-27
2021-12-24,31153.017307728605,31679.23673207173,30932.96078171077,31444.850530664055,421458.3945,0.0,0.0,31444.850530664055,31153.017307728605,31679.23673207173,30932.96078171077,0.0045463530949507,-0.0043025332319372,0.0088488863268879,0.0238217998885733,0.007093885756442929,1.0,0.00952217480520634,2021-12-30
2021-12-27,31374.64967665798,31830.993115129564,31029.58655893476,31576.67286875,320275.99630000006,0.0,0.0,31576.67286875,31374.64967665798,31830.993115129564,31029.58655893476,0.004034874798689,-0.0017784936382932,0.0058133684369823,0.0254152068649697,0.0070130137505303785,0.0,0.005519406208556843,2022-01-03
2021-12-28,31572.235962887047,31867.03329673333,31190.177848091207,31667.14988105469,395325.1194000001,121.05,0.0,31667.14988105469,31572.235962887047,31867.03329673333,31190.177848091207,0.0021633795833485,-0.0009277787708726,0.0030911583542212,0.0217279377064169,0.006854105086382908,1.0,0.009333286458127477,2022-01-04
2021-12-29,31592.351816535924,32037.14208569055,31258.29645264497,31599.90828330078,314535.6566,9.72350245,0.0,31599.90828330078,31592.351816535924,32037.14208569055,31258.29645264497,-0.0030279409029731,-0.0022582009375052,-0.0007697399654679,0.0248886332134527,0.006576202453572396,1.0,0.011481051642734608,2022-01-04
2021-12-30,31600.463225258296,31965.00456036542,31222.143844578964,31744.273894140624,295132.7382,0.0,0.0,31744.273894140624,31600.463225258296,31965.00456036542,31222.143844578964,0.0048105419862164,0.0001433979427597,0.0046671440434566,0.024124481647807,0.006304179744913249,1.0,0.006881069914997484,2022-01-04
2021-12-31,31644.904653858062,32223.560339338383,31254.656075426803,31750.95735302735,402924.10750000016,0.0,0.0,31750.95735302735,31644.904653858062,32223.560339338383,31254.656075426803,-0.0017308559133923,-0.0023645523613494,0.000633696447957,0.0269216569665684,0.006219658122698551,1.0,0.006669125180236213,2022-01-04
2022-01-03,31750.95735302735,31750.95735302735,31750.95735302735,31750.95735302735,0.0,0.0,0.0,31750.95735302735,31750.95735302735,31750.95735302735,31750.95735302735,0.0,-6.8278716014447134e-18,1.3655743202889422e-17,1.3655743202889422e-17,0.0059352028282036486,1.0,0.006669125180236213,2022-01-04
2022-01-04,31733.655424756547,32249.44437247241,31427.03529309137,31962.708462207032,559451.8426999999,0.0,0.0,31962.708462207032,31733.655424756547,32249.44437247241,31427.03529309137,0.00604322462976,0.0002996159137126,0.0057436087160473,0.0263486083780443,0.005646229406134723,0.0,-0.007262170499443887,2022-01-07
2022-01-05,32014.040651397067,32301.13053213501,31668.34520555249,32016.349006347657,511187.8204,12.644628084,0.0,32016.349006347657,32014.040651397067,32301.13053213501,31668.34520555249,0.0005042584886289,0.0007352606885337,-0.0002310021999048,0.0209798323315189,0.005697457689810085,0.0,-0.006942507142102539,2022-01-06
2022-01-06,31896.45161458272,32195.515975611503,31573.38646812844,31794.07527470704,392531.1493000001,0.0,0.0,31794.07527470704,31896.45161458272,32195.515975611503,31573.38646812844,-0.0057436072681274,-0.0034025373868701,-0.0023410698812573,0.0193286776529973,0.005419618684238814,0.0,-0.013126502746197422,2022-01-10
2022-01-07,31787.40725608332,32055.97642172058,31266.9390194632,31730.58982373047,465228.6433,68.0,0.0,31730.58982373047,31787.40725608332,32055.97642172058,31266.9390194632,0.000420657812155,0.0002173502190842,0.0002033075930707,0.0247727933656539,0.005471624861390376,0.0,-0.011152000873461021,2022-01-10
2022-01-10,31722.336710163483,31915.60885277062,31090.322263494447,31376.73025830079,648373.7356,0.0,0.0,31376.73025830079,31722.336710163483,31915.60885277062,31090.322263494447,-0.010925642620546,-0.0022943367134728,-0.0086313059070732,0.0264856788783164,0.005208284242388136,0.0,-0.00887636377602885,2022-01-14
2022-01-11,31305.38920272851,31555.84124489597,30892.79116667869,31221.12964277344,554095.9035000002,0.0,0.0,31221.12964277344,31305.38920272851,31555.84124489597,30892.79116667869,-0.0051287121275319,-0.0021443258946672,-0.0029843862328646,0.0211371546671903,0.005918849566491466,0.0,-0.02717764999834904,2022-01-17
2022-01-12,31205.482836163283,31500.861473028224,30570.79420096645,31221.81010410156,482071.9221,0.0,0.0,31221.81010410156,31205.482836163283,31500.861473028224,30570.79420096645,-0.0019652532954035,-0.0010528633014366,-0.0009123899939668,0.0303874597322004,0.005753206935098725,0.0,-0.02719885209989603,2022-01-17
2022-01-13,31361.93016383981,31607.194281206717,30815.39742259246,31230.568729296872,406096.0232,4.7,0.0,31230.568729296872,31361.93016383981,31607.194281206717,30815.39742259246,-0.0008676142528784,0.0041936628273428,-0.0050612770802214,0.0247043270884806,0.005473684265648854,0.0,-0.027471674561692305,2022-01-17
2022-01-14,31050.36653263204,31396.63516373044,30722.0595076749,31098.21898642578,215732.6143,50.0,0.0,31098.21898642578,31050.36653263204,31396.63516373044,30722.0595076749,-0.0040438135010417,-0.0051106170090276,0.0010668035079858,0.0222165027095279,0.005211283238075699,0.0,-0.023332727766610772,2022-01-17
2022-01-17,31068.978567014183,31330.347760650147,30156.128105444477,30372.612708789064,471784.7276,91.65,0.0,30372.612708789064,31068.978567014183,31330.347760650147,30156.128105444477,-0.0229960331573757,-0.0002057813430649,-0.0227902518143107,0.0381108797470793,0.005014066954853653,1.0,0.006213606995817633,2022-01-19
2022-01-18,30165.64473500263,30684.18857443601,29786.519907839414,30290.092191601558,428640.7721,0.0,0.0,30290.092191601558,30165.64473500263,30684.18857443601,29786.519907839414,-0.0035666178297231,-0.0067783769208818,0.0032117590911586,0.0314109896841354,0.007974259597185718,1.0,0.00895487522059435,2022-01-19
2022-01-19,30226.18792630498,30783.598450181235,30001.314345264367,30561.33618759765,248466.0667,0.0,0.0,30561.33618759765,30226.18792630498,30783.598450181235,30001.314345264367,0.0088257756830215,-0.0013128991912232,0.0101386748742447,0.0255233942515805,0.007585351250281437,1.0,0.009999409248306002,2022-01-20
2022-01-20,30570.50629936945,31178.109545883635,30236.27444695052,30866.931495312507,331964.67639999994,0.0,0.05562,30866.931495312507,30570.50629936945,31178.109545883635,30236.27444695052,0.0091030971910227,-0.0021424565808088,0.0112455537718316,0.0326244660813132,0.008152284710395022,0.0,-0.019053028787922144,2022-01-24
2022-01-21,30863.572076653218,31070.962744676188,30338.29264617026,30659.067616113272,242487.1159000001,0.0,0.0,30659.067616113272,30863.572076653218,31070.962744676188,30338.29264617026,-0.0072751699782472,-0.0001702233072551,-0.0071049466709921,0.0235033780824332,0.008514700734841927,0.0,-0.012402355477240001,2022-01-24
2022-01-24,30690.44468944926,30832.70374845681,30071.65311077876,30278.822960937498,376148.5525,0.0,0.0,30278.822960937498,30690.44468944926,30832.70374845681,30071.65311077876,-0.0088122517950063,0.0030712858982333,-0.0118835376932396,0.0245984260004799,0.008286110694396515,1.0,0.015080949545373201,2022-01-28
2022-01-25,30012.95515974008,30646.77754174803,29785.20193148704,30337.50737666016,277624.2825,0.0,0.0,30337.50737666016,30012.95515974008,30646.77754174803,29785.20193148704,0.0005293604290631,-0.0092789221377837,0.0098082825668468,0.0260598391199684,0.008143074181427094,1.0,0.013117392299364816,2022-01-28
2022-01-26,30480.10219034599,30710.924737189463,29983.01117075304,30388.9953834961,312477.45089999994,0.0,0.0,30388.9953834961,30480.10219034599,30710.924737189463,29983.01117075304,0.0019029121533779,0.0052161749733873,-0.0033132628200094,0.0232648200876978,0.007805072735748371,1.0,0.011400869770006983,2022-01-28
2022-01-27,30396.282436606783,30664.09817643644,29874.223416177378,30350.04813515625,265949.5887,0.0,0.0,30350.04813515625,30396.282436606783,30664.09817643644,29874.223416177378,-0.0036661993938285,-0.0005651880508946,-0.0031010113429339,0.0250911453649312,0.007534270939333652,1.0,0.012698768233648794,2022-01-28
2022-01-28,30321.462956707757,30834.30958028929,30085.7352799662,30735.456362304685,354116.1989,0.0,0.0,30735.456362304685,30321.462956707757,30834.30958028929,30085.7352799662,0.0124697098425313,-0.0006006931726992,0.0130704030152306,0.0255295694351489,0.007185058900215638,0.0,0.0,2022-02-04
2022-01-31,30735.456362304685,30735.456362304685,30735.456362304685,30735.456362304685,0.0,0.0,0.0,30735.456362304685,30735.456362304685,30735.456362304685,30735.456362304685,0.0,7.183142969324759e-18,5.850875339774575e-18,2.6068036618198667e-17,0.008124442218815848,1.0,0.01798254580126102,2022-02-07
2022-02-01,30735.456362304685,30735.456362304685,30735.456362304685,30735.456362304685,0.0,0.0,0.0,30735.456362304685,30735.456362304685,30735.456362304685,30735.456362304685,0.0,7.183142969324759e-18,5.850875339774575e-18,2.6068036618198667e-17,0.007730991215746436,1.0,0.01798254580126102,2022-02-07
2022-02-02,30735.456362304685,30735.456362304685,30735.456362304685,30735.456362304685,0.0,0.0,0.0,30735.456362304685,30735.456362304685,30735.456362304685,30735.456362304685,0.0,7.183142969324759e-18,5.850875339774575e-18,2.6068036618198667e-17,0.007356310775104361,1.0,0.01798254580126102,2022-02-07
2022-02-03,30735.456362304685,30735.456362304685,30735.456362304685,30735.456362304685,0.0,0.0,0.0,30735.456362304685,30735.456362304685,30735.456362304685,30735.456362304685,0.0,7.183142969324759e-18,5.850875339774575e-18,2.6068036618198667e-17,0.006999545411483845,1.0,0.01798254580126102,2022-02-07
2022-02-04,30735.456362304685,30735.456362304685,30735.456362304685,30735.456362304685,0.0,0.0,0.0,30735.456362304685,30735.456362304685,30735.456362304685,30735.456362304685,0.0,7.183142969324759e-18,5.850875339774575e-18,2.6068036618198667e-17,0.006659872882357906,1.0,0.01798254580126102,2022-02-07
2022-02-07,31134.460579632785,31651.90556564339,30720.802674331942,31288.15811406249,266260.6101,0.0,0.0,31288.15811406249,31134.460579632785,31651.90556564339,30720.802674331942,0.0171972844720896,0.0123223388325061,0.0048749456395835,0.028372357539722,0.006336503763538129,1.0,0.010575782906975473,2022-02-08
2022-02-08,31404.78866147776,31961.55623389504,31029.95925263244,31619.05488183594,350459.6321,0.0,0.0,31619.05488183594,31404.78866147776,31961.55623389504,31029.95925263244,0.0085983269454179,0.0020735560808711,0.0065247708645467,0.0277769600004558,0.008034055158922245,1.0,0.01680702474438145,2022-02-14
2022-02-09,31673.02075130083,31933.802829974884,31328.71519860255,31684.86922666016,333305.35870000004,0.0,0.0,31684.86922666016,31673.02075130083,31933.802829974884,31328.71519860255,0.0029089847049787,0.0026748855189044,0.0002340991860743,0.0184780538370896,0.007956854357900143,1.0,0.014694960223379239,2022-02-14
2022-02-10,31728.75480496035,32008.49049663914,31167.03523271835,31663.128342968743,360069.759,0.0,0.0,31663.128342968743,31728.75480496035,32008.49049663914,31167.03523271835,-0.0010855050196773,0.0006936417949908,-0.0017791468146682,0.0239556648499394,0.007574105844199587,1.0,0.015391681181382344,2022-02-14
2022-02-11,31554.25295617526,32052.39354154856,31332.511852306983,31843.401052246096,341532.6428,0.0,0.0,31843.401052246096,31554.25295617526,32052.39354154856,31332.511852306983,0.006572458240324,-0.0025195417966191,0.0090920000369431,0.0229937245819678,0.007265334071028902,1.0,0.009643318779893661,2022-02-14
2022-02-14,31571.02199146139,32453.963614895794,31253.10170813924,32150.477119628908,430988.2058,0.0,0.0,32150.477119628908,31571.02199146139,32453.963614895794,31253.10170813924,0.0076072508043746,-0.0064628943247254,0.0140701451291001,0.0313551187449684,0.007062604329566547,1.0,0.012555813620840572,2022-02-17
2022-02-15,32150.477119628908,32150.477119628908,32150.477119628908,32150.477119628908,0.0,0.0,0.0,32150.477119628908,32150.477119628908,32150.477119628908,32150.477119628908,0.0,9.803269307440133e-18,3.2418512319054564e-18,2.6090241078691177e-17,0.006912741333600418,1.0,0.012555813620840572,2022-02-17
2022-02-16,32263.259389870946,32551.25564801277,31850.705997047007,32243.94195507813,344620.01860000007,0.0,0.0,32243.94195507813,32263.259389870946,32551.25564801277,31850.705997047007,0.0020773386194876,0.0010191546063046,0.001058184013183,0.0210849964764516,0.006625832515721724,1.0,0.009620739409533785,2022-02-17
2022-02-17,32159.98884620389,32730.11190508401,31904.101217256342,32554.152518164068,436996.4658,0.0,0.0,32554.152518164068,32159.98884620389,32730.11190508401,31904.101217256342,0.0075071623473671,-0.0035592514250817,0.0110664137724488,0.0241795782272111,0.006303439101208333,1.0,0.009818426126227964,2022-02-21
2022-02-18,32338.869848343733,32885.190051344965,32110.27528358657,32721.724043164068,495747.96030000015,56.7,0.0,32721.724043164068,32338.869848343733,32885.190051344965,32110.27528358657,0.0042942735590593,-0.005637130142276,0.0099314037013353,0.022476864883962,0.006188628799098718,1.0,0.009952664564060631,2022-02-23
2022-02-21,32657.48134046776,33139.186212871995,32418.34771824204,32873.78305976562,508531.70850000007,0.0,0.0,32873.78305976562,32657.48134046776,33139.186212871995,32418.34771824204,0.0054764578319579,-0.0007156249173703,0.0061920827493283,0.0222542260714479,0.0059014763343308435,1.0,0.0059408091884611824,2022-02-25
2022-02-22,32657.81632329541,33048.19765580303,32103.520505860917,32828.6416491211,568838.8361,0.0,0.0,32828.6416491211,32657.81632329541,33048.19765580303,32103.520505860917,-0.0037318137966099,-0.0072763996297092,0.0035445858330992,0.0247963414500972,0.0056613935109693534,1.0,0.006663411168222888,2022-02-23
2022-02-23,32876.79417981768,33351.729834679456,32635.590815898333,33047.39238652344,562957.5696000002,0.0,0.0,33047.39238652344,32876.79417981768,33351.729834679456,32635.590815898333,0.0063092357087759,0.0017718982809884,0.0045373374277875,0.0212002814959905,0.005782901799351984,0.0,-0.006883732632159911,2022-02-24
2022-02-24,32831.09288834564,33241.52978094486,32162.842637877577,32819.90297314453,590110.3539,0.0,0.0,32819.90297314453,32831.09288834564,33241.52978094486,32162.842637877577,-0.0084834019426835,-0.0048925037614233,-0.0035908981812602,0.0318723238490836,0.005612892566853552,1.0,0.007592251545835538,2022-02-25
2022-02-25,32859.72102961237,33351.27204494186,32615.741669697265,33069.07993222656,638741.2901000001,0.0,0.0,33069.07993222656,32859.72102961237,33351.27204494186,32615.741669697265,0.0078361195436876,0.0015096380433494,0.0063264815003382,0.0215564361357203,0.006353649622762343,1.0,0.012727359373641223,2022-03-03
2022-02-28,33027.35130164436,33397.136000755214,32692.485686010757,33198.64931074219,525888.7322000001,0.0,0.0,33198.64931074219,33027.35130164436,33397.136000755214,32692.485686010757,0.0040105683987454,-0.0016930369446826,0.005703605343428,0.0209218872163374,0.006305449260326528,1.0,0.008774835482334487,2022-03-03
2022-03-01,33269.160191095456,33530.4558517957,32821.24149094393,33167.90426923827,470141.2149999999,0.0,0.0,33167.90426923827,33269.160191095456,33530.4558517957,32821.24149094393,0.0002150624203152,0.0013481225934265,-0.0011330601731113,0.0209800998130631,0.006016462106764144,1.0,0.00970992091713474,2022-03-03
2022-03-02,33055.885956062455,33386.29029036192,32645.99071464126,33068.966803027346,499845.7200000001,51.00000000000001,0.0,33068.966803027346,33055.885956062455,33386.29029036192,32645.99071464126,-0.0045161916184294,-0.004042888771954,-0.0004733028464754,0.0218890085351512,0.0057670775785683736,1.0,0.012730823922015855,2022-03-03
2022-03-03,33069.72656332461,33781.984092424245,32764.155236265146,33489.961996679674,753530.5750000001,0.0,0.0,33489.961996679674,33069.72656332461,33781.984092424245,32764.155236265146,0.0123267427882444,-0.000553475109308,0.0128802178975524,0.0309627915794941,0.005863244287461881,0.0,-0.009741664970559727,2022-03-07
2022-03-04,33498.34820108811,33856.76330538676,32967.51509456696,33313.3520196289,583680.0599,0.0,0.0,33313.3520196289,33498.34820108811,33856.76330538676,32967.51509456696,-0.0009136746837517,0.0016136763103034,-0.0025273509940551,0.0248592768136638,0.006429637658363441,0.0,-0.016771702454403625,2022-03-08
2022-03-07,33071.42962127641,33597.34485996212,32621.932041234963,33163.714007031245,715716.9545999999,0.0,0.0,33163.714007031245,33071.42962127641,33597.34485996212,32621.932041234963,-0.0027186990847462,-0.0048405408342131,0.0021218417494668,0.0271086367648953,0.006212678548613009,0.0,-0.01233527750081409,2022-03-08
2022-03-08,32912.07125522539,33481.93868505063,32414.336575692934,32754.63039179688,852610.9532000001,0.0,0.0,32754.63039179688,32912.07125522539,33481.93868505063,32414.336575692934,-0.0111874990694223,-0.0069965060000763,-0.004190993069346,0.0294842259234088,0.006104884722685702,1.0,0.007744851449864587,2022-03-09
2022-03-09,32739.65675889024,33467.794202437784,32273.76624884717,33008.31013847657,721773.0901000001,0.0,0.0,33008.31013847657,32739.65675889024,33467.794202437784,32273.76624884717,0.0060718116106986,-0.0004884834441273,0.0065602950548259,0.0328405836792263,0.007015692559266076,1.0,0.007416722602755721,2022-03-10
2022-03-10,33052.25188238865,33785.33694688057,32773.09126234848,33253.12361835938,415975.9483,0.0,0.0,33253.12361835938,33052.25188238865,33785.33694688057,32773.09126234848,0.0069834740104757,0.002854253535928,0.0041292204745477,0.0280647839429925,0.006870854710344961,0.0,-0.01655043004403811,2022-03-14
2022-03-11,33198.12428741211,33645.12386056584,32783.957851599946,33141.24035644531,612380.6982,0.0,0.0,33141.24035644531,33198.12428741211,33645.12386056584,32783.957851599946,-0.0028707161573705,-0.0021633057550998,-0.0007074104022706,0.0234995512717957,0.00676694717876944,0.0,-0.013230350752157838,2022-03-14
2022-03-14,32951.72586600552,33235.375538260654,32219.995832223634,32702.77012216797,574510.4935,0.0,0.0,32702.77012216797,32951.72586600552,33235.375538260654,32219.995832223634,-0.0119966021491522,-0.0055113568556191,-0.006485245293533,0.028765877076592,0.006582962357260686,1.0,0.009463076915130264,2022-03-21
2022-03-15,32588.03778469621,33003.323411469304,32017.616342216344,32576.710038378915,518179.3531,0.0,0.0,32576.710038378915,32588.03778469621,33003.323411469304,32017.616342216344,-0.0026566013320727,-0.0023084870596779,-0.0003481142723948,0.0270996931481946,0.007428704721003265,1.0,0.008849564613829353,2022-03-16
2022-03-16,32570.430665886604,33191.16630628908,32369.987301481822,32864.99973876953,483247.7713000001,0.0,0.0,32864.99973876953,32570.430665886604,33191.16630628908,32369.987301481822,0.0070746883144343,0.0008029658564475,0.0062717224579868,0.022975755643456,0.007111652988128839,1.0,0.009347636647450308,2022-03-22
2022-03-17,32946.47091662805,33128.65164528923,32468.706442182025,32818.94841445313,374168.0741,89.829108354,0.0,32818.94841445313,32946.47091662805,33128.65164528923,32468.706442182025,-0.0009282274148313,0.0022065527440387,-0.0031347801588701,0.0193956050179424,0.007114441461065316,1.0,0.010763946359030774,2022-03-22
2022-03-18,32841.71426592805,33132.955816512425,32469.70345772635,32758.79915361329,579949.6321999999,0.0,0.0,32758.79915361329,32841.71426592805,33132.955816512425,32469.70345772635,-0.0027910340566014,-0.0017459377270727,-0.0010450963295287,0.0206455849453941,0.006779981846386696,1.0,0.007736541146399878,2022-03-21
2022-03-21,32802.14354892136,33301.312304340754,32548.191566160716,33012.23895117187,584116.1363999998,0.0,0.0,33012.23895117187,32802.14354892136,33301.312304340754,32548.191566160716,0.006120427894114,-0.0002201697909336,0.0063405976850477,0.0218804233167017,0.006516871481544788,1.0,0.016443329871269396,2022-03-23
2022-03-22,32990.62430033386,33443.98407345006,32745.27595771725,33172.2098147461,668224.1751999999,0.0,0.0,33172.2098147461,32990.62430033386,33443.98407345006,32745.27595771725,0.0023482050136885,-0.0009710764143436,0.0033192814280322,0.0195575946906941,0.0064648001705480745,1.0,0.011541596819361288,2022-03-23
2022-03-23,33182.867722783005,33839.51568105117,33026.15302856298,33555.07008603516,703945.1395,0.0,0.0,33555.07008603516,33182.867722783005,33839.51568105117,33026.15302856298,0.0087800954073985,0.0002009900675234,0.008579105339875,0.020963715223559,0.006171582731342963,1.0,0.0062589506910006865,2022-03-25
2022-03-24,33517.8450281421,33884.000713801564,33179.676746035664,33602.37907939453,733046.2579,0.0,0.0,33602.37907939453,33517.8450281421,33884.000713801564,33179.676746035664,0.0013221770001598,-0.0007736410516418,0.0020958180518017,0.0184678194002924,0.0063464250244353575,1.0,0.015243286262207834,2022-03-28
2022-03-25,33674.8547942481,34023.192140665604,33296.0555623986,33765.08961513672,713357.9288000001,0.0,0.0,33765.08961513672,33674.8547942481,34023.192140665604,33296.0555623986,0.0027633017933998,0.0024278021906815,0.0003354996027182,0.0201471003571222,0.006036994730450146,1.0,0.010350932031869098,2022-03-28
2022-03-28,33784.54898481747,34375.04709399763,33402.530534701335,34114.589762792966,935013.0312,0.0,0.0,34114.589762792966,33784.54898481747,34375.04709399763,33402.530534701335,0.005363032664018,0.000120168495207,0.0052428641688109,0.0235537792225032,0.005754625418986186,1.0,0.006678586538064968,2022-03-29
2022-03-29,34294.11929371091,34702.11242897544,33802.089033762604,34342.42700273437,1216563.8202,0.0,0.0,34342.42700273437,34294.11929371091,34702.11242897544,33802.089033762604,0.0066279452531724,0.0047006022942679,0.0019273429589044,0.0223179450859868,0.0055877847625025205,1.0,0.019607813792938522,2022-04-01
2022-03-30,34220.72330126596,34595.71800446215,33747.55095584798,34225.156494140625,864107.056,0.0,0.0,34225.156494140625,34220.72330126596,34595.71800446215,33747.55095584798,-0.0030530465053777,-0.0031597342785976,0.0001066877732198,0.0213004877605081,0.005495608949964923,1.0,0.02310144067847575,2022-04-01
2022-03-31,34285.23846228007,34860.15603540057,33906.33342671696,34356.77955644532,764096.8319000001,0.0,0.0,34356.77955644532,34285.23846228007,34860.15603540057,33906.33342671696,0.0051556604632681,0.002762652398313,0.002393008064955,0.0249911286998706,0.005482053501564746,1.0,0.01918187236011204,2022-04-01
2022-04-01,34310.37250061548,35224.619035502066,34037.76262231163,35015.80691660156,1080300.9522000002,0.0,0.0,35015.80691660156,34310.37250061548,35224.619035502066,34037.76262231163,0.0166495749639763,-0.0013766052303702,0.0180261801943466,0.031718633950489,0.005305389201233831,1.0,0.009137110776864299,2022-04-06
2022-04-04,35235.63092962506,35538.934579741384,34733.81197889106,35062.38577978515,724124.9885999999,26.9,0.0,35062.38577978515,35235.63092962506,35538.934579741384,34733.81197889106,0.0043013631213794,0.0060462214120018,-0.0017448582906224,0.022606839054558,0.006660184144495872,1.0,0.007796515766827605,2022-04-06
2022-04-05,35008.27425193103,35460.23110679792,34713.181367108016,35069.88181494141,551526.1343,0.0,0.0,35069.88181494141,35008.27425193103,35460.23110679792,34713.181367108016,-0.000733303472238,-0.0008872166848444,0.0001539132126063,0.0214925897718752,0.006338698543703492,1.0,0.007581103631925101,2022-04-06
2022-04-06,34996.23966182597,35670.75314241847,34571.6208799236,35335.75022333984,910338.2488,0.0,0.0,35335.75022333984,34996.23966182597,35670.75314241847,34571.6208799236,0.0061423990297627,-0.0007992035550535,0.0069416025848162,0.0283420955403189,0.006172757748768336,0.0,-0.007278745201039771,2022-04-07
2022-04-07,35202.10950380739,35627.47012149323,34746.856780569804,35078.55030097657,896643.6663,0.0,0.0,35078.55030097657,35202.10950380739,35627.47012149323,34746.856780569804,-0.006164551633615,-0.0024028861683319,-0.003761665465283,0.0220823275636334,0.0059361159549268724,0.0,-0.01544547698686316,2022-04-08
2022-04-08,34953.870438679034,35238.52708711117,34214.75163008402,34536.74535957031,791376.3229,0.0,0.0,34536.74535957031,34953.870438679034,35238.52708711117,34214.75163008402,-0.0131815334917712,-0.0026281859415933,-0.0105533475501778,0.025857160937678,0.006354871379959606,0.0,-0.008492076857347097,2022-04-12
2022-04-11,34536.74535957031,34536.74535957031,34536.74535957031,34536.74535957031,0.0,0.0,0.0,34536.74535957031,34536.74535957031,34536.74535957031,34536.74535957031,0.0,4.274358644806851e-18,7.73825448163734e-18,2.4025226252888385e-17,0.007688663215821915,0.0,-0.008492076857347097,2022-04-12
2022-04-12,34549.0140777483,34915.91929709288,33745.9443152536,34243.456663574216,720051.5210000001,0.0,0.0,34243.456663574216,34549.0140777483,34915.91929709288,33745.9443152536,-0.0101757451188678,-0.0014407924271195,-0.0087349526917483,0.0340478889776008,0.007320780868235181,1.0,0.016961164612476765,2022-04-13
2022-04-13,34256.70426729633,35049.4719958492,33871.0290822652,34824.26556894531,850516.6410000001,0.0,0.0,34824.26556894531,34256.70426729633,35049.4719958492,33871.0290822652,0.0116698686819448,-0.0001661708368476,0.0118360395187924,0.0344528967519865,0.007732760048297704,1.0,0.012874165478941046,2022-04-14
2022-04-14,34877.80301951449,35557.93823085904,34587.377834688785,35272.5989265625,780048.2753,0.0,0.0,35272.5989265625,34877.80301951449,35557.93823085904,34587.377834688785,0.0074169599336969,0.000141188704447,0.0072757712292498,0.0252799761190059,0.008161577951637257,1.0,0.009055679260922878,2022-04-18
2022-04-15,35138.36664580984,35918.77468598042,34900.834227816886,35523.72085712891,904955.9551,0.0,0.0,35523.72085712891,35138.36664580984,35918.77468598042,34900.834227816886,0.0069627152131808,-0.0039967522888298,0.0109594675020107,0.028078609153099,0.007996951203256967,0.0,-0.011068486273737688,2022-04-20
2022-04-18,35503.03780307515,36048.07559840214,35010.14710322492,35592.01626914062,970042.1780000002,0.0,0.0,35592.01626914062,35503.03780307515,36048.07559840214,35010.14710322492,0.0008894561555876,-0.002645756262156,0.0035352124177437,0.0277176851928121,0.007773015288142681,0.0,-0.012966088384013696,2022-04-20
2022-04-19,35721.65954740095,36353.89220636776,35094.29028807044,35628.56749980469,1004999.383,11.0243538,0.0293249999999999,35628.56749980469,35721.65954740095,36353.89220636776,35094.29028807044,0.0001262577606338,0.0022093498031395,-0.0020830920425056,0.0323948466616909,0.007403458818050073,0.0,-0.013978683240007617,2022-04-20
2022-04-20,35543.49614303824,36051.86828573878,34577.98698535855,35130.52704042969,900665.6254,0.0,0.0,35130.52704042969,35543.49614303824,36051.86828573878,34577.98698535855,-0.0144361730970488,-0.0006081744497306,-0.0138279986473182,0.039335551437621,0.007065546579768908,0.0,-0.009550314587571052,2022-04-21
2022-04-21,34604.00272065243,35351.36513743498,33992.12559777591,34795.01945556641,951648.7180000002,0.0,0.0,34795.01945556641,34604.00272065243,35351.36513743498,33992.12559777591,-0.0113289284613689,-0.0145887452194339,0.003259816758065,0.0377647393974081,0.00832094250031995,0.0,-0.018751431872300217,2022-04-22
2022-04-22,34724.51559320731,35348.58336867284,33075.64838210793,34142.56301875,1397055.2246,0.0,0.0,34142.56301875,34724.51559320731,35348.58336867284,33075.64838210793,-0.0162223104579715,-0.0028518745198238,-0.0133704359381477,0.0547398740470128,0.0086553925435598,0.0,-0.044454436343938974,2022-04-25
2022-04-25,33946.54698810019,34286.3220348205,32333.21206109291,32624.77462441405,1022011.8424,0.0,0.0,32624.77462441405,33946.54698810019,34286.3220348205,32333.21206109291,-0.0401576613689239,-0.0044521763850762,-0.0357054849838476,0.0546215395499532,0.009452011150708912,1.0,0.01709918643225916,2022-04-26
2022-04-26,31802.83091699757,33363.76062301149,31265.587241041816,33182.63172802734,1024446.6391,0.0,0.0,33182.63172802734,31802.83091699757,33363.76062301149,31265.587241041816,0.015701693136957,-0.0216155103319061,0.0373172034688632,0.057759621904273,0.014526217510689637,1.0,0.021832902028282142,2022-04-29
2022-04-27,32822.07689239378,33668.18847645891,32439.760014906427,33473.212267968745,518347.85120000015,0.0,0.0,33473.212267968745,32822.07689239378,33668.18847645891,32439.760014906427,0.0095100133665541,-0.0080731571424294,0.0175831705089836,0.0351920843464751,0.015269794064743242,0.0,0.011996685731655354,2022-05-04
2022-04-28,33346.92314316574,33912.23238553204,32987.84914564525,33545.34821943359,530109.3178000001,0.0,0.0,33545.34821943359,33346.92314316574,33912.23238553204,32987.84914564525,0.0032836060656341,-0.001724435279667,0.0050080413453011,0.0250336079770661,0.015069547450568115,0.0,0.010054411126007912,2022-05-05
2022-04-29,33444.44350004596,34254.753277289296,33083.886386431426,33907.10487558593,722557.1536000001,0.0,0.0,33907.10487558593,33444.44350004596,34254.753277289296,33083.886386431426,0.0100112322252612,-0.0041957453437723,0.0142069775690336,0.0314277008640149,0.014441478412240341,0.0,-0.013792556134746836,2022-05-06
2022-05-02,33907.10487558593,33907.10487558593,33907.10487558593,33907.10487558593,0.0,0.0,0.0,33907.10487558593,33907.10487558593,33907.10487558593,33907.10487558593,0.0,1.509903313490213e-17,-7.549516567451065e-18,1.509903313490213e-17,0.014204880144392954,0.0,-0.061211982286396016,2022-05-09
2022-05-03,33907.10487558593,33907.10487558593,33907.10487558593,33907.10487558593,0.0,0.0,0.0,33907.10487558593,33907.10487558593,33907.10487558593,33907.10487558593,0.0,1.509903313490213e-17,-7.549516567451065e-18,1.509903313490213e-17,0.013513993696976052,0.0,-0.013792556134746836,2022-05-06
2022-05-04,33854.775234764784,34282.53805268687,33452.382840786544,33874.77987597656,400177.152,0.0,0.0,33874.77987597656,33854.775234764784,34282.53805268687,33452.382840786544,-0.000931798786413,4.3844946269050444e-06,-0.0009361832810399,0.0233011244711478,0.01285648665175642,0.0,-0.06031614407233288,2022-05-09
2022-05-05,34028.88308245549,34395.274743121874,33147.619936382325,33882.62694179687,488708.1751000001,0.0,0.0,33882.62694179687,34028.88308245549,34395.274743121874,33147.619936382325,-0.0022835104653909,0.0033633884839375,-0.0056468989493284,0.0327638849586643,0.012229156512203286,0.0,-0.013080087158989007,2022-05-06
2022-05-06,33516.1335408479,34045.593577819105,33073.54588218522,33439.43922822266,583691.3986,27.0487,0.0,33439.43922822266,33516.1335408479,34045.593577819105,33073.54588218522,-0.0128732193100909,-0.0083146343968653,-0.0045585849132255,0.0268041606250562,0.011641744398012271,0.0,-0.048082608224693235,2022-05-09
2022-05-09,32976.22047861791,33300.65331566289,31674.03853835544,31831.58377255859,882957.4624,58.8,0.0,31831.58377255859,32976.22047861791,33300.65331566289,31674.03853835544,-0.044144291566419,-0.0106915100347468,-0.0334527815316721,0.0469559955963722,0.011648529410147178,1.0,0.018549784526468382,2022-05-10
2022-05-10,31181.10427905113,32542.66475655972,30939.78660926074,32422.052792675782,723750.8710999999,0.0,0.0,32422.052792675782,31181.10427905113,32542.66475655972,30939.78660926074,0.0145090871611273,-0.0199824341486291,0.0344915213097564,0.0461780390027157,0.016845118492591987,0.0,-0.02303339435985352,2022-05-12
2022-05-11,32517.71150121817,33040.81411340415,31971.91214459452,32635.69230996094,485782.6034000001,54.0,0.0,32635.69230996094,32517.71150121817,33040.81411340415,31971.91214459452,0.0086436288419349,0.0023074543328753,0.0063361745090597,0.0328789650779433,0.017175105672320876,0.0,-0.029428805618494924,2022-05-12
2022-05-12,32534.063319124176,32876.067320680806,31525.41145331113,31675.26286474609,639495.4535000002,0.0,0.0,31675.26286474609,32534.063319124176,32876.067320680806,31525.41145331113,-0.0275704138140983,-0.00216313702503,-0.0254072767890682,0.0378629085024716,0.01677955124811317,0.0,-0.03429113140773421,2022-05-13
2022-05-13,31499.305282463836,31841.75270002197,30080.365658692703,30589.08226347656,898574.5451000001,0.0,0.0,30589.08226347656,31499.305282463836,31841.75270002197,30080.365658692703,-0.0315837496775441,-0.0053946032467323,-0.0261891464308118,0.053444839393925,0.01761029981750118,1.0,0.025727825053807774,2022-05-17
2022-05-16,30784.167862755123,31427.42271411325,29928.04633647724,30309.13962236328,528387.3643,0.0,0.0,30309.13962236328,30784.167862755123,31427.42271411325,29928.04633647724,-0.0046348059109521,0.0049789335720859,-0.0096137394830381,0.0439804177087494,0.018538122524770193,1.0,0.03520169861097977,2022-05-17
2022-05-17,29896.46402541008,31583.148931841155,29606.68425231864,31376.07282050782,504262.5087,0.0,0.0293249999999999,31376.07282050782,29896.46402541008,31583.148931841155,29606.68425231864,0.0289230168550077,-0.0124694267023652,0.0413924435573729,0.0576678445761807,0.017657811368632457,0.0,0.004301681804318891,2022-05-24
2022-05-18,31583.88141553512,31981.89437049513,30969.826258239667,31556.491179199213,468863.8962,0.0,0.0,31556.491179199213,31583.88141553512,31981.89437049513,30969.826258239667,0.0064446730707111,0.0089012479434208,-0.0024565748727097,0.0315386642133626,0.020049295913206887,1.0,0.024107647139119726,2022-05-25
2022-05-19,31034.43637722241,31874.65100630981,30736.54851183104,31739.022635058594,408990.4160999999,0.0,0.0,31739.022635058594,31034.43637722241,31874.65100630981,30736.54851183104,0.0041543065921831,-0.0148402665188659,0.018994573111049,0.03321775911367,0.019326816870776836,1.0,0.02422191473378299,2022-05-26
2022-05-20,31619.201714651423,32004.759720285765,31231.136432465577,31581.12665478516,403617.43,37.93388364,0.0,31581.12665478516,31619.201714651423,32004.759720285765,31231.136432465577,-0.0027390618110931,-0.0018883392137634,-0.0008507225973296,0.0233963588885317,0.01850848800186508,1.0,0.023308771937032846,2022-05-25
2022-05-23,31638.179012214157,31958.23288655447,30984.380666700228,31386.453385449226,352399.36540000007,0.0,0.0,31386.453385449226,31638.179012214157,31958.23288655447,30984.380666700228,-0.0054386901712696,2.328883364883529e-05,-0.0054619790049184,0.0303923675741019,0.01760558616389445,1.0,0.029655805216857845,2022-05-25
2022-05-24,31240.16389552241,31680.22282793644,30905.26246198473,31511.042702050785,382395.6413000001,0.0,0.0,31511.042702050785,31240.16389552241,31680.22282793644,30905.26246198473,0.0026796064138936,-0.0056684976982298,0.0083481041121235,0.0239751578104798,0.0167722446553428,1.0,0.02558472085701058,2022-05-25
2022-05-25,31710.26427988271,32549.31733548465,31440.967602885088,32317.243933496095,688360.0056000001,0.0,0.0,32317.243933496095,31710.26427988271,32549.31733548465,31440.967602885088,0.0232037989673657,0.0064368524986089,0.0167669464687568,0.0314153873610414,0.016033667774949818,1.0,0.018779002236163134,2022-05-27
2022-05-26,32451.893660956142,32848.460962751386,31958.467272107708,32507.802535058592,436264.993,0.0,0.0,32507.802535058592,32451.893660956142,32848.460962751386,31958.467272107708,0.0069433670885402,0.0040297296932077,0.0029136373953324,0.0263982712246008,0.017052898391654053,1.0,0.01849335433213306,2022-05-30
2022-05-27,32429.814199566743,33125.712214990825,32138.633664470148,32924.129529589845,873545.164,0.0,0.0,32924.129529589845,32429.814199566743,33125.712214990825,32138.633664470148,0.009120379917912,-0.0030945969866976,0.0122149769046097,0.0273830880556614,0.01634406025631584,1.0,0.024099681657922867,2022-06-03
2022-05-30,32975.32614444166,33403.30835145704,32557.62654978732,33108.98084589844,541902.8082,0.0,0.0,33108.98084589844,32975.32614444166,33403.30835145704,32557.62654978732,0.007206850027442,0.002781072377817,0.0044257776496249,0.0250948955799258,0.015741330466212598,1.0,0.018382013238384953,2022-06-03
2022-05-31,33042.40072551873,33452.02876263562,32530.575247624623,33083.85422207031,558411.9260000001,0.0,0.0,33083.85422207031,33042.40072551873,33452.02876263562,32530.575247624623,-0.0009894194395552,-0.0024948676148963,0.001505448175341,0.0254295840288728,0.015064582439464633,1.0,0.019155457033301238,2022-06-03
2022-06-01,32924.27473769452,33599.26018208857,32693.65723061212,33340.36025732422,556798.8963,0.0,0.0,33340.36025732422,32924.27473769452,33599.26018208857,32693.65723061212,0.0033254502128463,-0.0066118792742691,0.0099373294871154,0.0249815272752935,0.014361919613519264,1.0,0.016643869144679524,2022-06-06
2022-06-02,33340.36025732422,33354.51308715147,33326.20742749697,33340.36025732422,2443.16,0.0,0.0,33340.36025732422,33340.36025732422,33354.51308715147,33326.20742749697,0.0,7.971401316808623e-18,-3.985700658404312e-18,0.0020450302410203,0.013667485833867295,1.0,0.016643869144679524,2022-06-06
2022-06-03,33574.847198185016,34041.92797201115,33220.462369495006,33717.59057011718,500192.2385999999,0.0,0.045787,33717.59057011718,33574.847198185016,34041.92797201115,33220.462369495006,0.00374162486028,0.0010362041517059,0.0027054207085741,0.0232802351982765,0.01301505244446208,1.0,0.01590200597356306,2022-06-07
2022-06-06,33814.27463599834,34406.07552885878,33464.27940118213,33895.27285068359,838629.2544,0.0,0.0,33895.27285068359,33814.27463599834,34406.07552885878,33464.27940118213,0.0072057231161924,0.0002840733054835,0.0069216498107089,0.0290275515842267,0.012392795172631336,1.0,0.019735586026672136,2022-06-08
2022-06-07,33807.52412605649,34475.973426606644,33172.858346494686,34253.76789677734,938490.4966,13.55,0.04117,34253.76789677734,33807.52412605649,34475.973426606644,33172.858346494686,0.0079982580542736,-0.0018052195244303,0.009803477578704,0.0345757857992118,0.011890274658092087,0.0,-0.04304849999259519,2022-06-13
2022-06-08,34523.72255210441,35024.2335117765,34062.47508551301,34564.21592392578,747190.1493000002,0.0,0.0,34564.21592392578,34523.72255210441,35024.2335117765,34062.47508551301,0.0113880070349377,0.0065883715156131,0.0047996355193247,0.0264071689815723,0.011429249639991932,0.0,-0.018342007353271628,2022-06-10
2022-06-09,34453.66528713113,34853.51085535999,34110.59569313576,34543.68725029297,584265.0862,216.2,0.0,34543.68725029297,34453.66528713113,34853.51085535999,34110.59569313576,0.0023960759607639,-0.0039775140067518,0.0063735899675157,0.0211559854247469,0.011157681544401213,0.0,-0.017758626187153848,2022-06-10
2022-06-10,34337.36454432624,34823.34893773729,33736.12480608456,33930.238821289066,828722.3704999998,0.0,0.0,33930.238821289066,34337.36454432624,34823.34893773729,33736.12480608456,-0.0158411881376105,-0.0053860725668427,-0.0104551155707677,0.0278194761778907,0.010622021017786575,0.0,-0.03392384762232492,2022-06-13
2022-06-13,33090.85377485301,33827.90138355563,32427.213646803,32779.19456972656,924251.9682,22.1762282,0.04452,32779.19456972656,33090.85377485301,33827.90138355563,32427.213646803,-0.0295995477606411,-0.0225399581297267,-0.0070595896309143,0.0397755568698914,0.011693485875172976,1.0,0.03137651677956055,2022-06-16
2022-06-14,32441.41065758239,33286.886702520904,32067.28700522106,32871.61399863281,641278.8306,0.0,0.0,32871.61399863281,32441.41065758239,33286.886702520904,32067.28700522106,0.0015273939599651,-0.0110721851583624,0.0125995791183275,0.0376231150566443,0.01460797863361478,1.0,0.028476773898908236,2022-06-16
2022-06-15,33132.268172224256,33475.55870935988,32252.358052922467,32922.858865820315,727568.1117999998,0.0,0.0,32922.858865820315,33132.268172224256,33475.55870935988,32252.358052922467,-0.0017987407201479,0.0041774509128298,-0.0059761916329777,0.0346591946828885,0.013918346430000205,1.0,0.026875936137561895,2022-06-16
2022-06-16,33285.402948073024,34073.666685758326,32785.88151661456,33807.691518164065,1019220.9529,0.0,0.0542,33807.691518164065,33285.402948073024,34073.666685758326,32785.88151661456,0.0215258376178928,0.0081538316571475,0.0133720059607452,0.0371156444368039,0.013241782512458439,0.0,-0.022652010845237158,2022-06-20
2022-06-17,33444.911257531625,34093.62960012318,32798.99141493899,33705.49776015626,751906.7539,0.0,0.0,33705.49776015626,33444.911257531625,34093.62960012318,32798.99141493899,-0.0037097640549919,-0.0105516659681458,0.0068419019131538,0.0354263102736217,0.014303628971298875,0.0,-0.019688729762613044,2022-06-20
2022-06-20,33654.99384635899,34024.71777682184,32830.88316755115,33041.87932324218,687417.6384,0.0,0.0,33041.87932324218,33654.99384635899,34024.71777682184,32830.88316755115,-0.016738965591694,-0.0003901928109579,-0.0163487727807361,0.0328352796658026,0.013684350303873518,0.0,-0.014919237229525595,2022-06-21
2022-06-21,33023.22805758918,33484.082152857256,32042.72669084541,32548.919687109374,882862.1765999999,0.0,0.0,32548.919687109374,33023.22805758918,33484.082152857256,32042.72669084541,-0.0138192077573186,-0.0016948047642791,-0.0121244029930395,0.0374857943049761,0.014035852856233065,0.0,-0.014908032794143544,2022-06-22
2022-06-22,32777.951505563135,33044.62807812679,31654.63144545249,32063.679325,858564.0875,0.0,0.0,32063.679325,32777.951505563135,33044.62807812679,31654.63144545249,-0.0128186675222195,0.0040292621436024,-0.0168479296658219,0.0376305539071568,0.01390090655611038,1.0,0.01561438825277306,2022-06-23
2022-06-23,31815.35179492066,32736.443724625944,31432.117481484125,32564.334062792965,567092.7906,18.9,0.0,32564.334062792965,31815.35179492066,32736.443724625944,31432.117481484125,0.0141474111111942,-0.0054875333915314,0.0196349445027257,0.0359714903943806,0.013604561394126911,1.0,0.014827627786838882,2022-06-28
2022-06-24,32711.28766451735,33123.73914038965,32235.228074747,32708.061814257813,362961.2366,12.78,0.0,32708.061814257813,32711.28766451735,33123.73914038965,32235.228074747,0.0042105982644658,0.0020571030582345,0.0021534952062312,0.0263987884840636,0.013955330692470642,0.0,-0.00510500191994212,2022-07-01
2022-06-27,32724.12761930688,33329.97240798793,32346.73115873801,32959.045050878914,436462.62280000007,0.0,0.0,32959.045050878914,32724.12761930688,33329.97240798793,32346.73115873801,0.0075820177899576,0.0003327368600444,0.0072492809299132,0.0274966914208891,0.013386965263010905,0.0,-0.016970377167254358,2022-07-04
2022-06-28,33068.233423469945,33433.165856430045,32482.39760017592,33047.18588740234,656131.2421999999,0.0,0.0,33047.18588740234,33068.233423469945,33433.165856430045,32482.39760017592,0.0023780038431116,0.0024019579413281,-2.3954098216438964e-05,0.0273308372151979,0.012993156818766248,0.0,-0.015314429289933096,2022-07-01
2022-06-29,32836.49541353481,33466.9865794486,32448.826936107733,33104.573127734366,407752.0777999999,0.0,0.0,33104.573127734366,32836.49541353481,33466.9865794486,32448.826936107733,0.0031301275582258,-0.0059772021204292,0.0091073296786551,0.0278758486639241,0.012382980060821136,0.0,-0.017021395493054925,2022-07-01
2022-06-30,33122.18291613985,33452.32482728052,32619.92414939807,32897.69474296876,447211.1894,0.0,0.0,32897.69474296876,33122.18291613985,33452.32482728052,32619.92414939807,-0.0040168046255226,0.0009500887840244,-0.004966893409547,0.024479200415162,0.011814754236912578,0.0,-0.015137143242604179,2022-07-04
2022-07-01,32656.42383226042,32989.36076298944,31940.409256304363,32541.08709589844,567836.5704999998,0.0,0.0,32541.08709589844,32656.42383226042,32989.36076298944,31940.409256304363,-0.0113616909813798,-0.0090267439021585,-0.0023349470792212,0.0305608842142837,0.01131490960918825,0.0,-0.023103280585159647,2022-07-05
2022-07-04,32697.85819210161,33044.614910592,32021.03160786769,32399.71762529297,434866.8801,0.0,0.0,32399.71762529297,32697.85819210161,33044.614910592,32021.03160786769,0.0004979984041877,0.0036182792820064,-0.0031202808778187,0.0294323375144621,0.011287827925501348,0.0,-0.01884079368150582,2022-07-05
2022-07-05,32334.51144830463,32547.02009743637,31429.610333602723,31789.28123017578,639096.9789000001,0.0,0.0,31789.28123017578,32334.51144830463,32547.02009743637,31429.610333602723,-0.0158835015795465,-0.0041996890341772,-0.0116838125453692,0.0309168922009805,0.010748169239421259,0.0,-0.014165511302317246,2022-07-06
2022-07-06,31405.417139514306,32034.338752474447,30945.57539296727,31338.969807617184,478511.92900000006,51.5,0.02616,31338.969807617184,31405.417139514306,32034.338752474447,30945.57539296727,-0.0121585134655955,-0.0106779359439339,-0.0014805775216616,0.0307547280456818,0.011165157649882502,1.0,0.011894765531219376,2022-07-08
2022-07-07,31112.202061322016,31740.34443546973,30806.774965002354,31572.17410488281,341231.78429999994,0.0,0.0,31572.17410488281,31112.202061322016,31740.34443546973,30806.774965002354,0.005356332321827,-0.0072391834920148,0.0125955158138418,0.0259008757733409,0.011019209617878873,1.0,0.01210677352631162,2022-07-14
2022-07-08,31711.12568139581,32019.40518068014,31401.818469539183,31711.73950546875,340652.99459999986,0.0,0.0,31711.73950546875,31711.12568139581,32019.40518068014,31401.818469539183,0.005505520287892,0.0053780689556829,0.0001274513322091,0.0174263753586803,0.010802959891129674,0.0,0.0033607045826946624,2022-07-15
2022-07-11,31622.734150521366,31926.43465703694,31141.11444493449,31555.375424316408,304604.8784,0.0,0.0,31555.375424316408,31622.734150521366,31926.43465703694,31141.11444493449,-0.0037470712829668,-0.0024844799952904,-0.0012625912876763,0.0243923713186185,0.010554967381420609,1.0,0.01098561378604379,2022-07-13
2022-07-12,31555.37550594215,31574.245946206287,31555.37550594215,31564.810726074214,6309.52,0.0,0.0,31564.810726074214,31555.37550594215,31574.245946206287,31555.37550594215,0.0005674733780915,4.9328338478612064e-09,0.0005674684452577,0.0011295579617621,0.010057943872233075,1.0,0.010683411614718974,2022-07-13
2022-07-13,31941.84259082964,32242.00651419872,31543.582274702705,31902.030591601564,313558.5519,0.0,0.0,31902.030591601564,31941.84259082964,32242.00651419872,31543.582274702705,0.0131509837634002,0.0131746129066776,-2.362914327740513e-05,0.0196692201075351,0.009596577482458991,1.0,0.01102442562289907,2022-07-19
2022-07-14,31781.93082192948,32151.813572584382,31504.38422021985,31954.411266503907,293833.7328,0.0,0.0,31954.411266503907,31781.93082192948,32151.813572584382,31504.38422021985,0.0012909925589275,-0.0027352030449024,0.00402619560383,0.0201890642886598,0.010164218119314158,1.0,0.022135630970160358,2022-07-20
2022-07-15,31899.09166035722,32171.3090703684,31533.729977958745,31818.31329375,410760.3828,0.0,0.0,31818.31329375,31899.09166035722,32171.3090703684,31533.729977958745,-0.0029648256570622,-0.0024598942780525,-0.0005049313790097,0.0197215544338253,0.009679669835719117,1.0,0.013684536238872669,2022-07-19
2022-07-18,31930.9138901958,32307.037098235385,31634.768573796227,31925.416560449223,327801.1095,0.0,0.0,31925.416560449223,31930.9138901958,32307.037098235385,31634.768573796227,0.0040917400364329,0.0045903481277391,-0.0004986080913062,0.0201616750931101,0.009246691270853778,1.0,0.010283831191591597,2022-07-19
2022-07-19,32051.371930338584,32435.13876184045,31705.658140874544,32253.732155078127,443121.8237999999,226.17,0.0,32253.732155078127,32051.371930338584,32435.13876184045,31705.658140874544,0.0103957039669039,0.0047553735004146,0.0056403304664893,0.0218189383165256,0.008898796267497643,1.0,0.012650014117067343,2022-07-20
2022-07-20,32490.69497184062,33056.78019989168,32181.51418890345,32661.74232216797,751619.6836,0.0,0.0,32661.74232216797,32490.69497184062,33056.78019989168,32181.51418890345,0.0096045777236085,0.0059578243498079,0.0036467533738005,0.0249573638337376,0.009022047741819172,0.0,0.001090373671893241,2022-07-27
2022-07-21,32620.470846804757,33265.55877834394,32399.068850526197,32841.49166953125,507339.7484,0.0,0.0,32841.49166953125,32620.470846804757,33265.55877834394,32399.068850526197,0.0020951695456536,-0.001088097772214,0.0031832673178677,0.0232575134594161,0.008963115616083293,1.0,0.010701509275854004,2022-07-28
2022-07-22,33004.55541923089,33476.58881324309,32415.50662897288,32836.526486328126,440040.3929,0.0,0.0,32836.526486328126,33004.55541923089,33476.58881324309,32415.50662897288,-0.0002608048156979,0.0062614757968851,-0.006522280612583,0.0291472842536609,0.008525989128324675,1.0,0.010854336590256919,2022-07-28
2022-07-25,32806.08823610538,33125.989830340885,32388.433821644496,32784.05015605469,482818.3759,0.0,0.0,32784.05015605469,32806.08823610538,33125.989830340885,32388.433821644496,0.000299797894845,-0.0013588407490458,0.0016586386438908,0.0211054574197079,0.008134899025262874,1.0,0.012472377246391275,2022-07-28
2022-07-26,32638.57112083705,32961.87916271649,32262.429201462648,32586.775488476564,362968.2049,0.0,0.0,32586.775488476564,32638.57112083705,32961.87916271649,32262.429201462648,-0.0068907774284441,-0.0031901035268649,-0.0037006739015791,0.020908509861039,0.00774860791993077,1.0,0.01860170881293266,2022-07-28
2022-07-27,32490.233468971725,32935.235160428645,32194.38124757607,32697.35582607422,273843.92889999994,0.0,0.0,32697.35582607422,32490.233468971725,32935.235160428645,32194.38124757607,0.0041055658003598,-0.0013416382909289,0.0054472040912888,0.0213045670286726,0.007794220196298331,1.0,0.015156863870814608,2022-07-28
2022-07-28,32922.71265517012,33485.24963085866,32684.87969907205,33192.94519726562,575068.3303,0.0,0.0,33192.94519726562,32922.71265517012,33485.24963085866,32684.87969907205,0.0141005899051859,0.0058901149156729,0.008210474989513,0.0226133198118096,0.0074833514512398875,1.0,0.018820048738494632,2022-08-01
2022-07-29,33321.192985612186,33822.06495441566,32857.91348647837,33233.29822070313,654812.9931999999,0.0,0.0,33233.29822070313,33321.192985612186,33822.06495441566,32857.91348647837,-0.0002105802885418,0.002007039337797,-0.0022176196263388,0.0252507270126793,0.00813154541170893,1.0,0.017582962096286403,2022-08-01
2022-08-01,33464.07083041405,34059.88564515411,33094.62089800507,33817.63804365234,627779.8784999999,0.0,0.0,33817.63804365234,33464.07083041405,34059.88564515411,33094.62089800507,0.0158222626032479,0.006658392922951,0.0091638696802968,0.0262437973424904,0.007771231589550842,0.0,0.006898118317900215,2022-08-08
2022-08-02,33755.39207572405,34216.8701231913,33339.20206683224,33900.69867167969,515502.1679,0.0,0.0,33900.69867167969,33755.39207572405,34216.8701231913,33339.20206683224,0.0018294032885905,-0.0016875938228585,0.0035169971114491,0.0238079052151673,0.008475786422250779,0.0,0.006686346821458189,2022-08-09
2022-08-03,33742.38106294056,34319.96060084845,33520.56626385567,34032.712974121096,571421.4733999999,0.0,0.0,34032.712974121096,33742.38106294056,34319.96060084845,33520.56626385567,0.0018565562196954,-0.0040520220427748,0.0059085782624702,0.0206455802024827,0.00807531172947245,1.0,0.010644309128639229,2022-08-10
2022-08-04,34043.16421520783,34437.88085695294,33541.04943850643,33983.87392919922,672959.2333000001,0.0,0.0,33983.87392919922,34043.16421520783,34437.88085695294,33541.04943850643,7.892372945035326e-06,0.0007241029553958,-0.0007162105824508,0.0224039140647677,0.007692082119840559,1.0,0.012096730442242576,2022-08-10
2022-08-05,33819.99415471361,34325.905457714725,33499.01112023955,33915.74233955079,451848.43239999993,0.0,0.0,33915.74233955079,33819.99415471361,34325.905457714725,33499.01112023955,-0.0007411149627718,-0.0033626090405405,0.0026214940777687,0.0229657539936332,0.007375196847872963,1.0,0.014129879486502128,2022-08-10
2022-08-08,33961.974309321544,34398.42143283345,33570.42489860355,34050.91611210938,475611.3673,0.0,0.0,34050.91611210938,33961.974309321544,34398.42143283345,33570.42489860355,0.0045672207611094,0.0005306916105082,0.0040365291506012,0.0210000266831487,0.007095568077477191,1.0,0.010104032979957323,2022-08-10
2022-08-09,34108.78234438995,34493.95286825103,33776.37997017566,34127.37050048829,615464.0774,0.0,0.0,34127.37050048829,34108.78234438995,34493.95286825103,33776.37997017566,0.0016129338082024,0.000963736254382,0.0006491975538203,0.0203256089866921,0.006779063549648069,1.0,0.007841131241323795,2022-08-10
2022-08-10,34172.66121220272,34654.30629754266,33916.09547265402,34394.967691503894,408428.8211,0.0,0.0,34394.967691503894,34172.66121220272,34654.30629754266,33916.09547265402,0.0074910612464513,0.0002508308140415,0.0072402304324097,0.0204229250512025,0.006455863433730301,1.0,0.010477938462254865,2022-08-16
2022-08-11,34525.32271165136,34754.0779728638,33854.6831741503,34176.97687900391,541352.6804,0.0,0.0,34176.97687900391,34525.32271165136,34754.0779728638,33854.6831741503,-0.0048373212746551,0.0028876791414421,-0.0077250004160972,0.025253821904096,0.00631783699896076,1.0,0.011372674447382103,2022-08-15
2022-08-12,34201.90468025246,34543.70841562972,33758.427691999445,34287.38470332031,417881.4501000001,0.0,0.0,34287.38470332031,34201.90468025246,34543.70841562972,33758.427691999445,0.0031160563263868,0.0005824631171464,0.0025335932092403,0.0222803152683294,0.006459568427683084,1.0,0.00811598229879773,2022-08-15
2022-08-15,34381.23306569784,34855.855213809125,34033.822180836134,34565.66051064453,815492.6844000001,15.0,0.0,34565.66051064453,34381.23306569784,34855.855213809125,34033.822180836134,0.0060600239101638,0.00195333488846,0.0041066890217038,0.0215843768254565,0.006149436117667779,0.0,0.004645626134943903,2022-08-22
2022-08-16,34648.05591199704,35042.393274324524,34381.14580697012,34755.35604638672,566093.6367999999,0.0,0.0,34755.35604638672,34648.05591199704,35042.393274324524,34381.14580697012,0.0040307441433492,0.0015452044949109,0.0024855396484382,0.0184259790847065,0.005954516060176883,0.0,0.001061489407155225,2022-08-23
2022-08-17,34748.7632695029,34952.92683937116,34289.18387974056,34576.61028173828,529914.5739999999,0.0,0.0,34576.61028173828,34748.7632695029,34952.92683937116,34289.18387974056,-0.0053008089373214,-0.0004678380625049,-0.0048329708748165,0.0182100790305031,0.0056777869895238775,1.0,0.006236534037793673,2022-08-23
2022-08-18,34580.45109875632,35115.71372915939,34283.106499139656,34696.06787705078,646750.4306,0.0,0.0,34696.06787705078,34580.45109875632,35115.71372915939,34283.106499139656,0.0008291955926707,-0.0001818346314266,0.0010110302240974,0.0194591091463188,0.005930797021394425,1.0,0.006377837989850255,2022-08-24
2022-08-19,34653.282479632304,35033.84950003424,34280.02540367155,34639.04027939453,534260.2315000001,0.0,0.0,34639.04027939453,34653.282479632304,35033.84950003424,34280.02540367155,-0.0010523829945506,-0.0004288460666231,-0.0006235369279275,0.018919959862937,0.005653524672452274,1.0,0.008034676919917105,2022-08-24
2022-08-22,34578.38471070794,34949.79042424134,34335.208559856015,34726.23964648438,549648.2677,0.0,0.0,34726.23964648438,34578.38471070794,34949.79042424134,34335.208559856015,0.0021561812206131,-0.0027368551191547,0.0048930363397678,0.0167028199689817,0.005452811617854797,1.0,0.005503450195490256,2022-08-24
2022-08-23,34568.17465151479,34990.443415571746,34396.81132509675,34792.24848867187,532873.0004000001,17.85,0.0,34792.24848867187,34568.17465151479,34990.443415571746,34396.81132509675,0.0034738310983758,-0.0053169118291786,0.0087907429275545,0.0156444925071016,0.005188815535665662,1.0,0.007314022696752298,2022-08-25
2022-08-24,34802.47895917663,35268.21478006651,34535.490029569395,34917.35377685546,570262.5017,22.1762282,0.0,34917.35377685546,34802.47895917663,35268.21478006651,34535.490029569395,0.0037191213890383,-8.831965964670738e-05,0.003807441048685,0.0180257115072124,0.005,1.0,0.010399731369528098,2022-08-31
2022-08-25,34953.04269840496,35434.83060315598,34695.044600187204,35046.719783789056,654972.2084,0.0,0.0,35046.719783789056,34953.04269840496,35434.83060315598,34695.044600187204,0.0019901038929529,0.0006192666853498,0.001370837207603,0.0185136724779987,0.005,1.0,0.006670099054137513,2022-08-31
2022-08-26,35073.02946350444,35413.75432827792,34615.954196732804,35030.17754296875,750657.6984,0.0,0.0,35030.17754296875,35073.02946350444,35413.75432827792,34615.954196732804,-0.0025290913858151,0.0007233619614502,-0.0032524533472653,0.0203435638050541,0.005,1.0,0.0071454771530561345,2022-08-31
2022-08-29,34639.14249260927,35229.574586301445,34226.060966568526,34990.48333300781,865779.8740000002,205.38,0.0,34990.48333300781,34639.14249260927,35229.574586301445,34226.060966568526,-0.0023128734426106,-0.0088329967709453,0.0065201233283347,0.0248016514164262,0.005,1.0,0.008288011928893724,2022-08-31
2022-08-30,35069.84165794555,35429.05582168599,34664.39482159311,35049.65597685546,559748.7158000002,0.0,0.0,35049.65597685546,35069.84165794555,35429.05582168599,34664.39482159311,0.0023639615395587,0.0019892619436555,0.0003746995959032,0.0214391162234372,0.005,1.0,0.006585767905011641,2022-08-31
2022-08-31,35030.98612889584,35592.65977779045,34660.60767552697,35280.48487626953,671740.0020000001,0.0,0.0,35280.48487626953,35030.98612889584,35592.65977779045,34660.60767552697,0.0081070152403936,-0.0004160564928172,0.0085230717332108,0.0289708194421109,0.005,0.0,-0.019597832518852942,2022-09-07
2022-09-01,35280.48487626953,35280.48487626953,35280.48487626953,35280.48487626953,0.0,0.0,0.0,35280.48487626953,35280.48487626953,35280.48487626953,35280.48487626953,0.0,0.0,0.0,0.0,0.005,0.0,-0.019597832518852942,2022-09-07
2022-09-02,35280.48487626953,35280.48487626953,35280.48487626953,35280.48487626953,0.0,0.0,0.0,35280.48487626953,35280.48487626953,35280.48487626953,35280.48487626953,0.0,0.0,0.0,0.0,0.005,0.0,-0.019597832518852942,2022-09-07
2022-09-05,35226.73462322278,35615.49705175876,34848.00171596323,35248.98246357421,438655.4279,0.0,0.0,35248.98246357421,35226.73462322278,35615.49705175876,34848.00171596323,-0.0017715287277155,-0.0013603739616407,-0.0004111547660747,0.0229408194969623,0.005,0.0,-0.018721636057882907,2022-09-07
2022-09-06,35309.35843587984,35582.74504695147,34992.35916510699,35152.89554160156,558190.0379,0.0,0.0,35152.89554160156,35309.35843587984,35582.74504695147,34992.35916510699,-0.002552791806555,0.0013984708821075,-0.0039512626886626,0.0158551194726779,0.005,0.0,-0.016039409853274122,2022-09-07
2022-09-07,35150.09232132015,35390.98520908553,34401.235629159826,34589.06384248048,782154.0022000001,0.0,0.0,34589.06384248048,35150.09232132015,35390.98520908553,34401.235629159826,-0.0123328473044361,0.0005660078119079,-0.012898855116344,0.0256636610233254,0.005,1.0,0.01643811373217119,2022-09-09
2022-09-08,34698.087805126415,35087.39639160927,34274.09161964937,34683.86114121094,525280.5618,0.0,0.0,34683.86114121094,34698.087805126415,35087.39639160927,34274.09161964937,0.0009532057181155,0.0014336465515597,-0.0004804408334441,0.0232502078836008,0.00556208544665868,1.0,0.013660003558214617,2022-09-09
2022-09-09,34761.832837858245,35347.35465626984,34465.99557962523,35157.6428078125,590110.6134,0.0,0.0,35157.6428078125,34761.832837858245,35347.35465626984,34465.99557962523,0.0142896182154476,0.002312435326913,0.0119771828885345,0.0264909888810067,0.005304645188141312,1.0,0.005522258143362491,2022-09-12
2022-09-12,35295.94271792835,35774.078289276724,35067.203375622375,35351.79238710937,538623.3803000002,0.0,0.0,35351.79238710937,35295.94271792835,35774.078289276724,35067.203375622375,0.0051294472426733,0.0041661063319611,0.0009633409107121,0.0187652171631427,0.006672138501302644,0.0,-0.009374185524184342,2022-09-14
2022-09-13,35360.53166513979,35638.976382243265,34909.085159690025,35275.71844277343,412721.8596999999,0.0,0.0,35275.71844277343,35360.53166513979,35638.976382243265,34909.085159690025,-0.0032129136461372,-0.0002692260405909,-0.0029436876055463,0.0202102143072756,0.0064572615112576765,0.0,-0.007237848791867063,2022-09-14
2022-09-14,34870.88241279525,35377.58727326112,34580.01748764228,35020.39812666016,577144.3395,0.0,0.0,35020.39812666016,34870.88241279525,35377.58727326112,34580.01748764228,-0.0037220605719838,-0.0110294534521445,0.0073073928801607,0.0235808137818488,0.006307455605824564,0.0,-0.019948251790349758,2022-09-19
2022-09-15,35086.789664543896,35469.06326591405,34834.58438161543,35162.47000830078,466998.4832,0.0,0.0,35162.47000830078,35086.789664543896,35469.06326591405,34834.58438161543,0.0037216416908562,0.0001524435498698,0.0035691981409864,0.0174598094892561,0.006172685383215077,0.0,-0.009048329627171281,2022-09-16
2022-09-16,35104.97053589695,35507.32339481548,34523.25694186825,34844.30838916015,686621.1140000001,0.0,0.0,34844.30838916015,35104.97053589695,35507.32339481548,34523.25694186825,-0.0085544351409591,-0.0044461108353204,-0.0041083243056386,0.0274231469807551,0.005944358914254001,0.0,-0.014995447069669599,2022-09-19
2022-09-19,34663.944899931674,34984.39705541533,34077.82133079789,34321.80240703125,668165.9101,25.56,0.0,34321.80240703125,34663.944899931674,34984.39705541533,34077.82133079789,-0.0160398509899565,-0.0058508038128821,-0.0101890471770743,0.0271434201870359,0.00633507285211265,1.0,0.007570634695797773,2022-09-20
2022-09-20,34516.04315335868,34926.073017016985,33890.44432771058,34581.64023515624,445250.418,141.75,0.0,34581.64023515624,34516.04315335868,34926.073017016985,33890.44432771058,0.006464429104385,0.0041498880074529,0.0023145410969321,0.0297882967739271,0.007728549242835475,0.0,-0.029242096868637213,2022-09-26
2022-09-21,34405.19557540875,34802.47400121454,34164.26487315105,34563.187340625,316843.47980000003,0.0,0.0,34563.187340625,34405.19557540875,34802.47400121454,34164.26487315105,0.0009778176112418,-0.0049500891427949,0.0059279067540367,0.019149910994182,0.007732892370864425,0.0,-0.028723820211299045,2022-09-26
2022-09-22,34238.63516934765,34768.38194343948,33947.91935541494,34585.86381386719,525235.4892999999,0.0,0.0,34585.86381386719,34238.63516934765,34768.38194343948,33947.91935541494,0.001514417201274,-0.0114486770297151,0.0129630942309891,0.0238845582523711,0.007373681350252736,0.0,-0.029360644505186495,2022-09-26
2022-09-23,34555.84697972705,34776.681064404685,34126.59913087649,34419.23936757813,364452.1169,0.0,0.0,34419.23936757813,34555.84697972705,34776.681064404685,34126.59913087649,-0.0043962281254943,-0.0020388242858674,-0.0023574038396269,0.01961154818646,0.0070420507626178675,0.0,-0.02466175376479318,2022-09-26
2022-09-26,33938.70322899496,34177.65225990851,33181.39303268977,33570.40056152344,745204.3677000001,0.0,0.0,33570.40056152344,33938.70322899496,34177.65225990851,33181.39303268977,-0.0237308035622312,-0.0125127738947746,-0.0112180296674565,0.029033068050261,0.006806678435231139,0.0,-0.01495449287231243,2022-09-28
2022-09-27,33488.09902103836,34006.56484446831,33015.81505010764,33525.54548017579,430070.2079,0.0,0.0,33525.54548017579,33488.09902103836,34006.56484446831,33015.81505010764,0.0029173017467801,-0.0032274333013547,0.0061447350481348,0.0312105547866884,0.009474671737905341,0.0,-0.013636563641914679,2022-09-28
2022-09-28,33381.55008645475,33641.29679727753,32557.490764421596,33068.37224560547,518674.6158999999,0.0,0.0,33068.37224560547,33381.55008645475,33641.29679727753,32557.490764421596,-0.0117243733894664,-0.0042404383892663,-0.0074839350002,0.0308061543452139,0.009183793484374616,0.0,-0.00984435343028589,2022-09-29
2022-09-29,33383.234578763564,33550.71532604889,32499.38844184843,32742.835501855472,512522.0372000001,0.0,0.0,32742.835501855472,33383.234578763564,33550.71532604889,32499.38844184843,-0.0089472415313567,0.0066664387134198,-0.0156136802447765,0.0315705735070392,0.009176651301578902,1.0,0.011505016016516212,2022-09-30
2022-09-30,32260.44249760521,33293.569884817065,31653.12804940636,33119.54234873047,691146.0536,0.0,0.0,33119.54234873047,32260.44249760521,33293.569884817065,31653.12804940636,0.0101204506617553,-0.0146133587770293,0.0247338094387846,0.0490248176465314,0.00889405374423088,0.0,-0.029907427243268003,2022-10-03
2022-10-03,32804.18207664016,33134.695038957296,31829.76655911953,32129.02204560548,468719.2364,0.0,0.0,32129.02204560548,32804.18207664016,33134.695038957296,31829.76655911953,-0.028834639038334,-0.0090931118853141,-0.0197415271530198,0.0394130904062644,0.009444376091248178,1.0,0.013872330066644567,2022-10-05
2022-10-04,32124.21340131729,32660.06566997242,31555.244023652634,32086.83176660156,577673.7458999997,0.0,0.0,32086.83176660156,32124.21340131729,32660.06566997242,31555.244023652634,-0.007520880010374,-0.0023903179636128,-0.0051305620467611,0.0350388132922687,0.01198513713706504,1.0,0.015205448798684351,2022-10-05
2022-10-05,32304.61500203744,32808.29257248434,32004.09412620336,32574.72644414062,426980.1813,0.0,0.0,32574.72644414062,32304.61500203744,32808.29257248434,32004.09412620336,0.0161749010930839,0.0056701348442037,0.0105047662488802,0.0252554714838131,0.01142537632956619,0.0,-0.018014157495545358,2022-10-06
2022-10-06,32497.482443326808,32801.71296601635,31559.205607078587,31987.920191601563,460296.1435999999,8.040000000000001,0.0,31987.920191601563,32497.482443326808,32801.71296601635,31559.205607078587,-0.0136213790276402,-0.0001654540557036,-0.0134559249719365,0.0390339144905834,0.01263749054596107,0.0,-0.01551203237170462,2022-10-07
2022-10-07,31600.559077023616,32069.266432540902,30824.83283242092,31491.722538085935,699560.6699,17.485,0.0,31491.722538085935,31600.559077023616,32069.266432540902,30824.83283242092,-0.0168573626471079,-0.0105139741229229,-0.0063433885241849,0.0416870804599483,0.012423550099700316,0.0,-0.013538283436524634,2022-10-11
2022-10-10,31076.46106538654,32061.718489815197,30808.6847726073,31723.09025898437,508405.4931999999,0.0,0.0,31723.09025898437,31076.46106538654,32061.718489815197,30808.6847726073,0.0081190520867661,-0.0146610830823273,0.0227801351690934,0.0399268293055998,0.012417376191775138,0.0,-0.020732897745898704,2022-10-11
2022-10-11,31528.00680669167,31954.011133950185,30689.77836151612,31065.378672460934,450053.2666,0.0,0.0,31065.378672460934,31528.00680669167,31954.011133950185,30689.77836151612,-0.0212829847566647,-0.0083048052063712,-0.0129781795502935,0.0424551875151813,0.012493312018397321,1.0,0.016963487191926863,2022-10-12
2022-10-12,31235.89727908886,32004.12553640752,30777.915294407685,31592.355825683582,461473.9356,0.0,0.0,31592.355825683582,31235.89727908886,32004.12553640752,30777.915294407685,0.0170822193230888,0.0042378325834822,0.0128443867396065,0.0395902313192913,0.012959952911084054,1.0,0.01770820655435923,2022-10-14
2022-10-13,31698.02337915032,32191.708244267964,31344.903526371752,31961.9401211914,328740.655,51.5,0.0,31961.9401211914,31698.02337915032,32191.708244267964,31344.903526371752,0.0091566759838797,0.0039510396953948,0.0052056362884848,0.0253737457666641,0.01411517350953894,1.0,0.016591909085516,2022-10-18
2022-10-14,32163.93431831285,32469.428539967703,31663.425611240917,32151.7997881836,531935.6285999999,0.0,0.0,32151.7997881836,32163.93431831285,32469.428539967703,31663.425611240917,0.004185781428211,0.0023516741941945,0.0018341072340165,0.0229926887360495,0.013962862251062707,0.0,-0.007587049894150932,2022-10-21
2022-10-17,32099.0763173958,32655.611049001574,31537.638062489223,32255.012771582027,396253.90930000006,0.0,0.0,32255.012771582027,32099.0763173958,32655.611049001574,31537.638062489223,0.0045391636781873,-0.0013640730015309,0.0059032366797182,0.0320947103690144,0.01342688159235142,0.0,-0.03545442763305351,2022-10-24
2022-10-18,32621.68097959993,32889.3622021615,32083.41938733684,32492.24972587891,435431.1372,0.0,0.0,32492.24972587891,32621.68097959993,32889.3622021615,32083.41938733684,0.0054339722597391,0.0094273623564292,-0.0039933900966901,0.0248930777849505,0.012910644660739014,0.0,-0.017985435043901155,2022-10-21
2022-10-19,32523.166201009863,32812.271889348,32264.840657779983,32593.718691796872,317953.95910000004,0.0,0.0,32593.718691796872,32523.166201009863,32812.271889348,32264.840657779983,0.0013041349518099,0.0010785262371922,0.0002256087146177,0.0164320357852439,0.012439029480619779,0.0,-0.021042588582124044,2022-10-21
2022-10-20,32582.699398982502,32946.90274057035,32240.10769921576,32600.725271875,503649.2754,0.0,0.0,32600.725271875,32582.699398982502,32946.90274057035,32240.10769921576,-0.0006135410000534,0.0016040564538161,-0.0022175974538696,0.0222943108737477,0.011844534438128088,0.0,-0.021252987075991103,2022-10-21
2022-10-21,32448.6692467108,32727.18415509049,31490.810013836788,31907.862479003903,634490.4968,0.0,0.0,31907.862479003903,32448.6692467108,32727.18415509049,31490.810013836788,-0.0224120312088737,-0.0056960207879764,-0.0167160104208972,0.0379802449502927,0.011266699762618923,0.0,-0.02496039100266334,2022-10-24
2022-10-24,31989.37839038267,32480.226215160783,30740.427127101517,31111.429755468755,551778.7510999999,0.0,0.0,31111.429755468755,31989.37839038267,32480.226215160783,30740.427127101517,-0.0193777504165658,0.0015032118399014,-0.0208809622564673,0.0474105158506287,0.012606803052863933,1.0,0.028278716314435792,2022-10-27
2022-10-25,31052.088255480267,32001.090353857504,30621.67197135009,31367.05109765625,601139.7139,0.0,0.0,31367.05109765625,31052.088255480267,32001.090353857504,30621.67197135009,0.0026618485584145,-0.0055726973384391,0.0082345458968536,0.039803348281779,0.01302830682427743,1.0,0.019898904492508862,2022-10-27
2022-10-26,31573.92291385158,31930.515878879345,30974.32398175163,31313.668434765623,345740.57950000005,124.0,0.0,31313.668434765623,31573.92291385158,31930.515878879345,30974.32398175163,-0.0016362814124447,0.0049305042558518,-0.0065667856682966,0.0308053287255118,0.012557466797702295,1.0,0.0216375995136453,2022-10-27
2022-10-27,31266.63963762121,32127.386180121,30941.385226537142,31991.221051660155,490542.77660000016,0.0,0.0,31991.221051660155,31266.63963762121,32127.386180121,30941.385226537142,0.0217217962609471,-0.0018932864098226,0.0236150826707697,0.0368825375050252,0.011956810079993567,0.0,-0.015135417391983652,2022-11-03
2022-10-28,32254.676852185075,32666.95574637752,31771.93676106148,32053.53535205077,401670.41080000007,0.0,0.0,32053.53535205077,32254.676852185075,32666.95574637752,31771.93676106148,0.0036582423281537,0.00590426423686,-0.0022460219087062,0.0273962556313374,0.01363718152231904,0.0,-0.017050062586988268,2022-11-03
2022-10-31,32120.97120675214,32362.12352486743,31313.417362685334,31847.859913281256,497773.9997000001,0.0,0.0,31847.859913281256,32120.97120675214,32362.12352486743,31313.417362685334,-0.0055202121504119,0.0010531376963645,-0.0065733498467764,0.0320496864786102,0.013043482972631493,0.0,-0.028458043187812754,2022-11-04
2022-11-01,32136.53894311391,32489.31326439939,31526.219605705555,31931.361717968757,335966.7036,0.0,0.0,31931.361717968757,32136.53894311391,32489.31326439939,31526.219605705555,0.003563977280558,0.0088603850569739,-0.0052964077764159,0.0295339811737291,0.01250038937362567,0.0,-0.013289165477897602,2022-11-03
2022-11-02,31907.81355227356,32181.075534113068,31294.176847509865,31657.6021131836,466379.77200000006,0.0,0.0,31657.6021131836,31907.81355227356,32181.075534113068,31294.176847509865,-0.0075079779149014,-0.0008861972207845,-0.0066217806941168,0.0273911351241062,0.011967167141783367,0.0,-0.02261921070944628,2022-11-04
2022-11-03,31520.070542653728,31921.621925374333,31215.6885131444,31507.020568164065,358347.1023,0.0,0.0,31507.020568164065,31520.070542653728,31921.621925374333,31215.6885131444,-0.0055039637188095,-0.0058735712886649,0.0003696075698553,0.0220235523995423,0.011576742769049745,0.0,-0.017948013412152575,2022-11-04
2022-11-04,31352.956028265584,31621.03176729086,30522.877766819685,30941.53214042969,706093.4208000002,0.0,0.0,30941.53214042969,31352.956028265584,31621.03176729086,30522.877766819685,-0.0196001576706675,-0.0050929462497507,-0.0145072114209167,0.0359297314011502,0.011088673186248557,0.0,-0.0207655623681976,2022-11-07
2022-11-07,30872.0882341056,31174.271292677564,29952.60201290036,30299.013825000005,552785.6879000001,0.0,0.0,30299.013825000005,30872.0882341056,31174.271292677564,29952.60201290036,-0.023687076468755,-0.0027680024644967,-0.0209190740042582,0.0401936559130194,0.011861072639302944,0.0,-0.018864871543750383,2022-11-10
2022-11-08,30011.289285155766,30683.537054811124,29544.88546104838,30229.960629101563,475796.3831999999,0.0,0.0,30229.960629101563,30011.289285155766,30683.537054811124,29544.88546104838,9.646372236954106e-05,-0.0144463828223039,0.0145428465446735,0.0415385705090058,0.012844545024593415,0.0,-0.016623700373884165,2022-11-10
2022-11-09,30352.53390671778,31000.126745112,29984.42478064244,30539.8758546875,295966.3229,0.0,0.0,30539.8758546875,30352.53390671778,31000.126745112,29984.42478064244,0.0082308769445008,0.0036288400373494,0.0046020369071513,0.0347985383638812,0.012322950328691134,0.0,-0.026602892469640982,2022-11-10
2022-11-10,30144.25407158193,30459.34419439952,29297.4238050622,29727.426821289064,531763.6858,0.0,0.0,29727.426821289064,30144.25407158193,30459.34419439952,29297.4238050622,-0.0278212580080006,-0.0161097194973833,-0.0117115385106173,0.038873912079084,0.012354703397803755,0.0,-0.048085217377039524,2022-11-15
2022-11-11,30086.969777123977,30417.239937723727,29244.66586083459,29806.45688935547,475167.9673,0.0,0.0,29806.45688935547,30086.969777123977,30417.239937723727,29244.66586083459,0.0001627221612474,0.0093522760564683,-0.0091895538952209,0.0383734829097255,0.013847674428022245,0.0,-0.05060916345836586,2022-11-15
2022-11-14,29532.17683189348,29957.361609727395,28557.824036233367,29395.137578125,471727.69250000006,0.0,0.0,29395.137578125,29532.17683189348,29957.361609727395,28557.824036233367,-0.0209082839538438,-0.0106883823645362,-0.0102199015893075,0.0443216444236314,0.01329425301171984,0.0,-0.0373245586853157,2022-11-15
2022-11-15,29031.030785584928,29305.16662283824,27790.27620701197,28297.977040527345,550392.3406000001,246.7,0.0,28297.977040527345,29031.030785584928,29305.16662283824,27790.27620701197,-0.040356257302198,-0.0163981323183908,-0.0239581249838071,0.0530076778608147,0.01349646135437095,1.0,0.03194525907339041,2022-11-17
2022-11-16,27313.13835596996,28977.02970828923,26941.576666074317,28561.52054150391,1064462.7545,0.0,0.0,28561.52054150391,27313.13835596996,28977.02970828923,26941.576666074317,0.0129630498743606,-0.0384909833945255,0.0514540332688861,0.0815966857268418,0.016349880926531803,1.0,0.022423270704557963,2022-11-17
2022-11-17,28977.39434101466,29747.106021880438,28417.63118530504,29201.96324833984,440658.9536,19.0,0.0,29201.96324833984,28977.39434101466,29747.106021880438,28417.63118530504,0.0250236200306293,0.0134558714803634,0.0115677485502658,0.0428995137845696,0.017012826749302996,0.0,-0.004972445408260695,2022-11-24
2022-11-18,29155.409596150545,29544.240742285183,28384.04369537541,29157.462322753912,587799.4463,26.6,0.0,29157.462322753912,29155.409596150545,29544.240742285183,28384.04369537541,0.0038144364239758,-0.0022233672931666,0.0060378037171424,0.0404986303800729,0.018956419631729293,0.0,0.008424794476965314,2022-11-25
2022-11-21,29131.690613056395,29547.83794518374,28745.20175711608,29175.11031796876,411239.13480000006,0.0,0.0,29175.11031796876,29131.690613056395,29547.83794518374,28745.20175711608,0.0017927196619695,-0.0008504500582411,0.0026431697202107,0.0276486061694408,0.018209887086787505,1.0,0.027464200470292965,2022-11-28
2022-11-22,29073.93923128472,29643.537251466903,28758.222230709565,29184.03651494141,679247.5673,0.0,0.0,29184.03651494141,29073.93923128472,29643.537251466903,28758.222230709565,0.0010577341625343,-0.0030996507567326,0.004157384919267,0.0328693435804156,0.017403680980830387,1.0,0.027149941411884537,2022-11-28
2022-11-23,29069.796673076587,29597.88514004852,28798.52640257052,29275.271084375,275125.3391,0.0,0.0,29275.271084375,29069.796673076587,29597.88514004852,28798.52640257052,0.0029983989477461,-0.0052945623546254,0.0082929613023715,0.0307918009084219,0.016606046193594792,1.0,0.023948892226776763,2022-11-28
2022-11-24,29124.74838525757,29392.98452500125,28681.538731227796,29056.758080273437,529941.5120000001,0.0,0.0,29056.758080273437,29124.74838525757,29392.98452500125,28681.538731227796,-0.0080960309151762,-0.0082433669001214,0.0001473359849452,0.0285719360487811,0.01589444630436527,1.0,0.03164920579475328,2022-11-28
2022-11-25,29156.080868282275,29663.694282428285,28879.7723042507,29403.10795029297,486687.4262000001,0.0,0.0,29403.10795029297,29156.080868282275,29663.694282428285,28879.7723042507,0.0143086249441821,0.0042783014517367,0.0100303234924454,0.0274378921871535,0.015218339922882348,1.0,0.019497035726989687,2022-11-28
2022-11-28,29290.19042084187,30304.45054968893,29100.97962024813,29976.38139648437,564279.0771000001,0.0,0.0,29976.38139648437,29290.19042084187,30304.45054968893,29100.97962024813,0.0218878447093865,0.0008205289519377,0.0210673157574488,0.0370696416261429,0.015372431882454178,1.0,0.03363442591882637,2022-11-30
2022-11-29,30058.71261606934,30603.828863950388,29505.53700246513,30244.546851367188,643073.1115999998,0.0,0.0,30244.546851367188,30058.71261606934,30603.828863950388,29505.53700246513,0.0096310881853105,0.0019561216554742,0.0076749665298363,0.0359077906514418,0.016195733391890416,1.0,0.024469631770272837,2022-11-30
2022-11-30,30400.304060142134,31221.714881472937,29896.671978240596,30984.619775878906,605211.2050000001,0.0,0.0,30984.619775878906,30400.304060142134,31221.714881472937,29896.671978240596,0.0216536346782918,0.0039112318327192,0.0177424028455726,0.0428246007455442,0.0156246344042179,0.0,-0.005706836200789489,2022-12-07
2022-12-01,31042.895202791024,31354.641397670053,30235.962086475352,30592.70193564453,701412.8305,0.0,0.0,30592.70193564453,31042.895202791024,31354.641397670053,30235.962086475352,-0.0085378214560772,0.0018631476003176,-0.0104009690563948,0.0341939578102178,0.016020572473029748,1.0,0.016047336005753587,2022-12-05
2022-12-02,30539.785130906865,31151.659979041437,30032.18502472804,30827.43104707032,760928.9933999999,0.0,0.0,30827.43104707032,30539.785130906865,31151.659979041437,30032.18502472804,0.005457506013662,-0.003197902502459,0.0086554085161211,0.0357157594979564,0.015676837494855447,0.0,0.011764582951229396,2022-12-09
2022-12-05,30996.35372905902,31488.98451832473,30573.44680841774,31083.633302929687,519408.0506,0.0,0.0,31083.633302929687,30996.35372905902,31488.98451832473,30573.44680841774,0.0079400110600785,0.0051235276394433,0.0028164834206353,0.0302885802742741,0.014937869868835241,0.0,0.0035259657077260087,2022-12-12
2022-12-06,30913.0890182574,31438.12118259504,30326.32906626572,30821.39795273437,698303.075,0.0,0.0,30821.39795273437,30913.0890182574,31438.12118259504,30326.32906626572,-0.0046699727069647,-0.0061097169084405,0.0014397442014758,0.0380343107177065,0.014292837951147514,1.0,0.018926847868835805,2022-12-13
2022-12-07,30695.80205330824,31090.61691769184,30316.25398968633,30807.79562607422,410081.7575,0.0,0.0,30807.79562607422,30695.80205330824,31090.61691769184,30316.25398968633,-0.0006853192862214,-0.002824255916018,0.0021389366297966,0.0259055121577502,0.013804903668849592,1.0,0.01937672672403634,2022-12-13
2022-12-08,31014.98005539322,31430.43471291068,30468.316466773817,31046.872615527343,498582.5653,0.0,0.0,31046.872615527343,31014.98005539322,31430.43471291068,30468.316466773817,0.0066336539936176,0.0065765028147635,5.715117885414422e-05,0.0320271069131057,0.013166766161504848,1.0,0.014400174256445464,2022-12-14
2022-12-09,31010.41669510617,31390.15223683899,30634.332528865165,31190.10291679688,401935.4906000001,0.0,0.0,31190.10291679688,31010.41669510617,31390.15223683899,30634.332528865165,0.0047235184779356,-0.0014339445015887,0.0061574629795243,0.0264327154520073,0.012594282259091346,1.0,0.016145607089553593,2022-12-15
2022-12-12,31405.271172725377,31823.35928502324,30825.524766262668,31193.233128027347,546333.2254000001,0.0,0.0,31193.233128027347,31405.271172725377,31823.35928502324,30825.524766262668,0.0016737034297066,0.0070707897442032,-0.0053970863144965,0.0334501092267087,0.011995900306470618,1.0,0.016043637845838177,2022-12-15
2022-12-13,31169.052859700856,31734.850580097343,30707.285595633155,31404.74986289062,404549.8094,0.0,0.0,31404.74986289062,31169.052859700856,31734.850580097343,30707.285595633155,0.0062408087161386,-0.0017716305081177,0.0080124392242563,0.0337857180675946,0.011415807489461324,1.0,0.011495428410821074,2022-12-16
2022-12-14,31686.24198360748,31863.11950520048,31125.47838978313,31493.9529913086,435333.69450000016,96.8,0.0,31493.9529913086,31686.24198360748,31863.11950520048,31125.47838978313,0.0025701510959851,0.0071295519248312,-0.004559400828846,0.0234062200925664,0.01090991639831519,0.0,-0.005355838826489268,2022-12-21
2022-12-15,31408.87063753872,31901.51712991124,31139.891310545387,31693.68606357422,401684.4887000001,14.2,0.0,31693.68606357422,31408.87063753872,31901.51712991124,31139.891310545387,0.0060987467654198,-0.0034960574481866,0.0095948042136064,0.0247500542414479,0.010378473188818979,0.0,-0.011049702568341258,2022-12-20
2022-12-16,31556.37309342245,31989.256379961604,31223.21427120452,31765.760916699222,470301.6259,0.0,0.0,31765.760916699222,31556.37309342245,31989.256379961604,31223.21427120452,0.0033936837748197,-0.0039090333929646,0.0073027171677844,0.0238361284755758,0.00991539096436962,0.0,-0.013293579163088376,2022-12-20
2022-12-19,31728.726876873847,32084.107966633488,31260.52436127065,31557.783106738287,532513.0431,63.3,0.0,31557.783106738287,31728.726876873847,32084.107966633488,31260.52436127065,-0.0048916993083487,-0.0014836974786765,-0.0034080018296722,0.0260713087926417,0.009431450317195887,0.0,-0.013024205296939484,2022-12-23
2022-12-20,31422.031116708324,31810.78432224979,30680.55090775344,31343.48025927734,518449.8553,85.0,0.0,31343.48025927734,31422.031116708324,31810.78432224979,30680.55090775344,-0.0063124914215892,-0.0063525622739198,4.007085233058698e-05,0.0379267225549517,0.009305712136927522,0.0,-0.025831907787496777,2022-12-26
2022-12-21,31465.149430191235,31677.223213532063,30814.10650383282,31325.27645507812,287888.80130000005,0.0,0.0,31325.27645507812,31465.149430191235,31677.223213532063,30814.10650383282,-0.0027007290848221,0.0034921975046114,-0.0061929265894336,0.02835377894502,0.009244088796775077,0.0,-0.025265797373971943,2022-12-26
2022-12-22,31494.7021038839,31721.4769317109,30883.45179603871,31284.925594238284,227377.3657,0.0,0.0,31284.925594238284,31494.7021038839,31721.4769317109,30883.45179603871,-0.0021998901059698,0.0050786313753343,-0.0072785214813041,0.0281606933582736,0.008891970568099811,0.0,-0.024008598789704405,2022-12-26
2022-12-23,31248.764068616256,31525.65718056565,30858.502745026075,31146.768060839837,296100.7756,10.0,0.0,31146.768060839837,31248.764068616256,31525.65718056565,30858.502745026075,-0.0058607108323171,-0.0026366268885943,-0.0032240839437227,0.0246561453929935,0.008522490641654565,0.0,-0.01967939954996556,2022-12-26
2022-12-26,31118.328082947504,31318.10211298665,30226.312480331915,30533.818367480464,338330.5809,0.0,0.0,30533.818367480464,31118.328082947504,31318.10211298665,30226.312480331915,-0.0193872008296983,-0.0004037876768312,-0.018983413152867,0.0365016244829013,0.008361616743593127,1.0,0.015896741237161116,2022-12-28
2022-12-27,30228.992846391608,31067.51145586308,29933.26897949492,30716.958392871093,274752.87100000004,0.0,0.0,30716.958392871093,30228.992846391608,31067.51145586308,29933.26897949492,0.005460326349098,-0.0101111612369774,0.0155714875860755,0.0368115161476193,0.009919774413817419,1.0,0.1508174496710588,2023-11-09
2022-12-28,30756.685422915707,31087.03798259261,30379.231558085456,31019.20657705078,235041.3118,0.0,0.0,31019.20657705078,30756.685422915707,31087.03798259261,30379.231558085456,0.0091100997945068,0.0018737848237471,0.0072363149707597,0.0213736366884355,0.009670744720548895,1.0,0.13960399443256422,2023-11-09
2022-12-29,30896.94902100056,31237.42560457696,30631.70557964325,30934.831836328125,183052.9249,37.93388364,0.0,30934.831836328125,30896.94902100056,31237.42560457696,30631.70557964325,-0.0009639465002773,-0.0031905296446968,0.0022265831444194,0.0210031323450854,0.009680835523488876,1.0,0.1427122638443874,2023-11-09
2022-12-30,30964.15185366064,31475.66490067065,30460.38462160596,30978.01255957031,215367.4543,0.0,0.0,30978.01255957031,30964.15185366064,31475.66490067065,30460.38462160596,0.003170272564862,-0.0006542359093976,0.0038245084742596,0.0303499504561523,0.009213339009543797,1.0,0.14111941982588783,2023-11-09
2023-11-09,35420.52525313267,35807.01099198869,35105.67152332464,35349.61171933594,756535.6302,0.0,0.0,35349.61171933594,35420.52525313267,35807.01099198869,35105.67152332464,,,-0.0009550054583471,0.0208667780198596,0.008817124814481186,0.0,0.006976393705521389,2023-11-16
2023-11-10,35273.51961828884,35728.39442989927,34900.59183156394,35340.71579199218,748727.2299000002,0.0,0.0,35340.71579199218,35273.51961828884,35728.39442989927,34900.59183156394,0.0026353332902706,-0.0019185033240408,0.0045538366143115,0.0242676383584919,0.008817124814481186,0.0,0.0012090342452606428,2023-11-17
2023-11-13,35378.1058880515,35678.56407019095,35040.251821261605,35325.12054882812,519923.5653,0.0,0.0,35325.12054882812,35378.1058880515,35678.56407019095,35040.251821261605,-0.0015565922739322,0.0024737540009409,-0.0040303462748731,0.0188838553445634,0.008382609309835825,0.0,-2.7161691853905268e-05,2023-11-20
2023-11-14,35505.891986008406,35779.51678486512,35116.049154259235,35409.45500273437,754393.3433,0.0,0.0,35409.45500273437,35505.891986008406,35779.51678486512,35116.049154259235,0.0019000287741769,0.0048061804669522,-0.0029061516927753,0.0183519787202097,0.0079668291114462,0.0,0.007239341770719054,2023-11-21
2023-11-15,35656.120197409735,35901.72530970314,35309.41472351601,35570.29299570313,689264.7553,0.0,0.0,35570.29299570313,35656.120197409735,35901.72530970314,35309.41472351601,0.0042961845898464,0.0073567816321721,-0.0030605970423256,0.0165017562897499,0.007566044602275692,0.0,0.0032545950500237897,2023-11-22
2023-11-16,35572.48103633636,35793.63849845711,35245.700922775184,35596.22452802734,608281.2,0.0,0.0,35596.22452802734,35572.48103633636,35793.63849845711,35245.700922775184,-0.0001037099263749,-0.0014987360672374,0.0013950261408625,0.0150126111567089,0.0072703865705785594,0.0,-0.007643042846413706,2023-11-20
2023-11-17,35676.04829453585,35879.590928713995,35132.363903726924,35383.44392763672,781692.7046999999,0.0,0.0,35383.44392763672,35676.04829453585,35879.590928713995,35132.363903726924,-0.0065154486968579,0.001572758952585,-0.0080882076494429,0.0192035153383719,0.006900040470570673,1.0,0.007979783492946257,2023-11-21
2023-11-20,35284.28700400213,35716.30479619115,34957.03842004568,35324.16105878907,493152.0054,260.0,0.0,35324.16105878907,35284.28700400213,35716.30479619115,34957.03842004568,-0.001515433314332,-0.0022546225944321,0.0007391892801,0.0222755581918259,0.00691861848202568,1.0,0.009671428291146755,2023-11-21
2023-11-21,35537.47450413113,35821.626499630154,35232.44744369266,35665.79614941406,434323.7005,107.7,0.0,35665.79614941406,35537.47450413113,35821.626499630154,35232.44744369266,0.0075707712708639,0.0054507222008674,0.0021200490699964,0.0155500395944455,0.006580757727793233,0.0,-0.016183491290903795,2023-11-23
2023-11-22,35606.85213955752,35945.455640816384,35361.66287972381,35686.05989521484,815946.9198000001,0.0,0.0,35686.05989521484,35606.85213955752,35945.455640816384,35361.66287972381,0.0003435641788791,-0.0030220769654402,0.0033656411443194,0.0161776509504232,0.006678870234405078,0.0,-0.016742135414285042,2023-11-23
2023-11-23,35725.54292956905,35973.50299978917,34962.25146448064,35088.59904804687,643003.5502,0.0,0.0,35088.59904804687,35725.54292956905,35973.50299978917,34962.25146448064,-0.012048362556,0.0004642188730886,-0.0125125814290887,0.0241465810317997,0.006339740532879508,1.0,0.007270548732555726,2023-11-28
2023-11-24,35138.0820404941,35517.70762308909,34618.17755830234,35225.54807001953,689201.902,0.0,0.0,35225.54807001953,35138.0820404941,35517.70762308909,34618.17755830234,0.0006141632464396,0.0013536081908394,-0.0007394449443998,0.0246361073942848,0.007158965917124329,1.0,0.01153413146436022,2023-11-29
2023-11-27,35281.17359455278,35557.875980578705,34941.36192291024,35293.73240029297,407366.7101,0.0,0.0,35293.73240029297,35281.17359455278,35557.875980578705,34941.36192291024,0.001409810954327,0.0015713823580175,-0.0001615714036904,0.0160134462563514,0.006808243170997461,1.0,0.00957993811013047,2023-11-29
2023-11-28,35353.05318890399,35534.166653975495,34800.644514757805,35343.712417382805,392728.768,0.0,0.0,35343.712417382805,35353.05318890399,35534.166653975495,34800.644514757805,0.0020658399976758,0.0008987901832929,0.0011670498143828,0.0203843775369585,0.00649223588404032,1.0,0.008152277598285407,2023-11-29
2023-11-29,35436.422724163065,35793.255286759435,35155.62425055719,35631.84417236328,455200.7900999999,0.0,0.0,35631.84417236328,35436.422724163065,35793.255286759435,35155.62425055719,0.0050515988728137,0.0013985203932992,0.0036530784795144,0.0169635110113165,0.0062094407764482,1.0,0.010517388415384188,2023-12-04
2023-11-30,35650.49342907373,35937.064534658275,35398.68710426463,35595.68753857422,384776.5493,0.0,0.0,35595.68753857422,35650.49342907373,35937.064534658275,35398.68710426463,0.0019379785834089,0.0022360394292878,-0.0002980608458788,0.0154986345296922,0.006103449114292769,1.0,0.011543830371613328,2023-12-04
2023-12-01,35767.99328669951,35881.08481389435,35367.756539584014,35673.96662236329,317514.8644000001,0.0,0.0,35673.96662236329,35767.99328669951,35881.08481389435,35367.756539584014,0.0027826952568436,0.0051291032909112,-0.0023464080340676,0.0142188179987685,0.005817229463523833,1.0,0.009324208284386959,2023-12-04
2023-12-04,35760.850718144335,36232.12144639077,35528.471060309115,36006.59811748047,755745.1675999999,0.0,0.0,36006.59811748047,35760.850718144335,36232.12144639077,35528.471060309115,0.0083593674550481,0.0018062744842689,0.0065530929707791,0.017928422905364,0.005568568070366339,1.0,0.008192449860010775,2023-12-06
2023-12-05,36186.81930188697,36458.853073094346,35787.95489392565,36132.89183144532,644053.2827000002,0.0,0.0,36132.89183144532,36186.81930188697,36458.853073094346,35787.95489392565,0.0036141612022055,0.0038476766790257,-0.0002335154768202,0.0190185680005261,0.005771783705458402,1.0,0.006315395085576991,2023-12-08
2023-12-06,36157.965938285546,36477.34603949987,35821.06321629869,36301.58036718749,526114.4694999999,0.0,0.0,36301.58036718749,36157.965938285546,36477.34603949987,35821.06321629869,0.0034559541389831,0.0014199547963048,0.0020359993426782,0.0181038265616901,0.005522287747542801,0.0,-0.004583023650329698,2023-12-13
2023-12-07,36330.71562670324,36552.69878137879,35767.85486616989,36254.61372460938,804521.3300000001,0.0,0.0,36254.61372460938,36330.71562670324,36552.69878137879,35767.85486616989,1.2111323976165102e-07,0.0014239461731709,-0.0014238250599312,0.0215608360139228,0.00527508353952015,0.0,-0.005667744536682395,2023-12-14
2023-12-08,36254.449309806165,36520.98301992551,35990.52225526431,36361.08531894531,786801.3202999999,0.0,0.0,36361.08531894531,36254.449309806165,36520.98301992551,35990.52225526431,0.0021631902009034,2.874034344209017e-05,0.0021344498574613,0.0141594933361233,0.0050461309961412895,0.0,-0.006212024507621039,2023-12-13
2023-12-11,36362.87358365449,36540.07441845944,36091.67920815847,36363.30999453124,392139.1513,0.0,0.0,36363.30999453124,36362.87358365449,36540.07441845944,36091.67920815847,-0.0010164360670864,-0.0017469232301144,0.0007304871630279,0.0125391638087251,0.005,0.0,-0.006272823589085319,2023-12-13
2023-12-12,36396.94918701557,36633.55477230545,36103.85163020504,36358.21474160156,578710.6351,0.0,0.0,36358.21474160156,36396.94918701557,36633.55477230545,36103.85163020504,0.0007963218390291,0.0007198494513697,7.647238765942231e-05,0.0152123081852586,0.005,0.0,-0.006133562315040475,2023-12-13
2023-12-13,36451.33734156709,36714.55872033829,35976.43834037937,36135.20936582032,632393.2024,0.0,0.0,36135.20936582032,36451.33734156709,36714.55872033829,35976.43834037937,-0.0049116705010743,0.0027454944285708,-0.0076571649296451,0.0193191410370205,0.005,0.0,-0.005433381507013668,2023-12-15
2023-12-14,36264.97493174369,36517.72028307234,35827.5447844652,36049.13183574219,462647.3921,28.6,0.0,36049.13183574219,36264.97493174369,36517.72028307234,35827.5447844652,-0.0036152783061625,0.0014056409579588,-0.0050209192641213,0.0183622877755373,0.005,0.0,-0.010384444740200505,2023-12-18
2023-12-15,36088.38622732698,36244.62890570905,35778.37745334575,35938.872987500006,557509.9228000001,0.0,0.0,35938.872987500006,36088.38622732698,36244.62890570905,35778.37745334575,-0.0018351205472589,0.0015051994444503,-0.0033403199917092,0.0138068937710283,0.005,0.0,-0.007348348662189141,2023-12-18
2023-12-18,35951.97907545699,36199.078662373206,35479.117365429585,35674.781618261724,523397.2622,152.75,0.0,35674.781618261724,35951.97907545699,36199.078662373206,35479.117365429585,-0.0063754402793282,0.0002981680656554,-0.0066736083449837,0.0187037739664291,0.005,1.0,0.005202063534746726,2023-12-19
2023-12-19,35681.65675203636,36034.10719135834,35435.29893620304,35860.36409882813,388555.0235,87.10000000000001,0.0,35860.36409882813,35681.65675203636,36034.10719135834,35435.29893620304,0.0035417176040676,-0.0008906107479117,0.0044323283519794,0.0170557566390355,0.005,1.0,0.007673195136233879,2023-12-20
2023-12-20,35845.48752440384,36337.059967747744,35645.696480274004,36135.52767021484,575600.9829999999,0.0,0.0,36135.52767021484,35845.48752440384,36337.059967747744,35645.696480274004,0.0057470650629914,-0.0014820136734564,0.0072290787364479,0.0168822482013819,0.005,1.0,0.01086326164327156,2023-12-22
2023-12-21,36091.90972654887,36343.90549322501,35868.70935090608,36267.22673984376,501439.5198,0.0,0.0,36267.22673984376,36091.90972654887,36343.90549322501,35868.70935090608,0.0030389196161908,-0.0017234553150123,0.0047623749312032,0.0140033519412467,0.005,1.0,0.007192461225157043,2023-12-22
2023-12-22,36145.96923617106,36726.63129269127,35892.123868319264,36528.07736191407,467996.4023000001,0.0,0.0,36528.07736191407,36145.96923617106,36726.63129269127,35892.123868319264,0.0022341897264853,-0.0028092675628806,0.0050434572893659,0.0197804744093822,0.005,1.0,0.01319151952157993,2023-12-25
2023-12-25,36435.86620846961,37229.267538132764,36259.78875298536,37009.93820751954,559174.5689999998,0.0,0.0,37009.93820751954,36435.86620846961,37229.267538132764,36259.78875298536,0.0097911266837106,-0.0021439160474636,0.0119350427311742,0.0223454107939817,0.005,1.0,0.00680534083934603,2023-12-26
2023-12-26,37145.168360231226,37557.14636206614,36688.35523755358,37261.803451464846,659263.314,52.70833249,0.0,37261.803451464846,37145.168360231226,37557.14636206614,36688.35523755358,0.0057596491075179,0.0016322729939216,0.0041273761135962,0.0213907552045011,0.005,0.0,-0.13370014496308624,2024-01-01
2023-12-27,37148.92056196916,37507.18077064752,36816.7899338568,37233.10045234375,529031.7725999999,0.0,0.0,37233.10045234375,37148.92056196916,37507.18077064752,36816.7899338568,-0.001270251686891,-0.0015613561217019,0.0002911044348109,0.0167263550896544,0.005,0.0,-0.13303231435871432,2024-01-01
2023-12-28,37199.31282981287,37648.17304817034,36939.52808006755,37246.63192617188,526782.8162,193.68,0.0,37246.63192617188,37199.31282981287,37648.17304817034,36939.52808006755,0.0008630449576104,-0.0011033210446185,0.001966366002229,0.0173126116694532,0.005,0.0,-0.13334727842234684,2024-01-01
2023-12-29,37386.56831355157,37584.03796962059,36923.561222561846,37304.28133261719,524362.2929,6.3,0.0,37304.28133261719,37386.56831355157,37584.03796962059,36923.561222561846,0.0034375687820587,0.0039499985213448,-0.000512429739286,0.0176161092767145,0.005,0.0,-0.1346865889038351,2024-01-01
2024-01-01,32279.89492841797,32279.89492841797,32279.89492841797,32279.89492841797,0.0,0.0,0.0,32279.89492841797,32279.89492841797,32279.89492841797,32279.89492841797,0.0,6.3060667798708895e-18,-3.153033389935445e-18,6.3060667798708895e-18,0.005,0.0,-0.00012534601068725504,2024-01-08
2024-01-02,32295.21291214629,32560.01590213272,31832.63306976656,32178.84950488281,463290.2768999999,0.0,0.0,32178.84950488281,32295.21291214629,32560.01590213272,31832.63306976656,-0.0034807699231658,0.0011712398865955,-0.0046520098097613,0.016192132343542,0.005,0.0,0.0022498237463433046,2024-01-09
2024-01-03,32291.53157281652,32572.3134192578,32046.12149158273,32315.98372978516,415827.42499999993,117.8,0.0,32315.98372978516,32291.53157281652,32572.3134192578,32046.12149158273,0.0057603775515127,0.0041740413295517,0.0015863362219609,0.0140207624292677,0.005,0.0,-0.007507522567689162,2024-01-10
2024-01-04,32406.419461834503,32789.063640721426,31971.025645560552,32325.61971826172,661168.6034999999,0.0,0.0,32325.61971826172,32406.419461834503,32789.063640721426,31971.025645560552,0.0019780866366253,0.0027173435125225,-0.0007392568758971,0.0186875131085528,0.005,0.0,-0.0078033760164076815,2024-01-10
2024-01-05,32338.029178291225,32468.38341249569,31922.81667984386,32255.98049365234,438411.37229999993,0.0,0.0,32255.98049365234,32338.029178291225,32468.38341249569,31922.81667984386,-0.0004974644079044,0.0003366775683213,-0.0008341419762257,0.0146886509387826,0.005,0.0,-0.00566126771596831,2024-01-10
2024-01-08,32196.31575726717,32592.00711092128,31957.197673319803,32275.84877236329,467034.8037,0.0,0.0,32275.84877236329,32196.31575726717,32592.00711092128,31957.197673319803,0.001754341653069,-0.0017944318101235,0.0035487734631925,0.0166415684237454,0.005,0.0,-0.0062733600332128825,2024-01-10
2024-01-09,32273.228004311917,32428.35163079396,32013.157410648444,32251.246244628903,510631.5335,0.0,0.0,32251.246244628903,32273.228004311917,32428.35163079396,32013.157410648444,-0.0006456016119094,-4.861620376127231e-05,-0.0005969854081481,0.0102647671047138,0.005,0.0,-0.005515306002223275,2024-01-10
2024-01-10,32194.77056446422,32420.88741805577,31936.776044051265,32073.37075263672,622451.4053000001,0.0,0.0,32073.37075263672,32194.77056446422,32420.88741805577,31936.776044051265,-0.0043336659777912,-0.0016786135088225,-0.0026550524689687,0.0122136102367189,0.005,0.0,0.0033372006654446285,2024-01-17
2024-01-11,32110.01095845311,32317.38792771661,31956.875558008996,32135.79916953125,366137.0660000001,0.0,0.0,32135.79916953125,32110.01095845311,32317.38792771661,31956.875558008996,0.0001341892274519,0.0007999553942844,-0.0006657661668325,0.0092200622398097,0.005,0.0,0.004430398595679286,2024-01-18
2024-01-12,31960.154129807088,32212.919774508293,31751.43297294365,31998.76651689453,538565.7194000001,0.0,0.0,31998.76651689453,31960.154129807088,32212.919774508293,31751.43297294365,-0.0030703620306421,-0.0039345820514046,0.0008642200207625,0.0120707722639451,0.005,1.0,0.005122918984705516,2024-01-16
2024-01-15,32083.58625592296,32426.90064711491,31853.64788498772,32097.020240429687,435439.2113999999,0.0,0.0,32097.020240429687,32083.58625592296,32426.90064711491,31853.64788498772,0.0014650355652112,0.0025034805765165,-0.0010384450113053,0.0145760901405921,0.005,1.0,0.005643929787136459,2024-01-18
2024-01-16,32070.90564690933,32286.146834321906,31873.72310344349,32162.69360537109,641761.1598999999,0.0,0.0,32162.69360537109,32070.90564690933,32286.146834321906,31873.72310344349,0.0021895904577709,-0.0010235679839252,0.0032131584416962,0.0108786712629599,0.005,1.0,0.005742755513621356,2024-01-19
2024-01-17,32237.727136603768,32439.70273626348,31976.260794134912,32180.406026855475,532950.4284999998,0.0,0.0,32180.406026855475,32237.727136603768,32439.70273626348,31976.260794134912,0.0002437741788518,0.002856358904052,-0.0026125847252002,0.0130178804495012,0.005,1.0,0.005189184512197187,2024-01-19
2024-01-18,32215.98406848034,32487.578555926677,32041.82155592375,32278.17356904297,464167.6635999999,0.0,0.0,32278.17356904297,32215.98406848034,32487.578555926677,32041.82155592375,0.00267517281625,0.0010913409128648,0.0015838319033851,0.0127085322218506,0.005,1.0,0.0065392479509289725,2024-01-22
2024-01-19,32241.03043035144,32518.22206378101,32134.430105652827,32347.396091406248,485338.506,0.0,0.0,32347.396091406248,32241.03043035144,32518.22206378101,32134.430105652827,0.0018705109148875,-0.0005939799379921,0.0024644908528796,0.0095888099125785,0.005,0.0,0.0010018809112268823,2024-01-26
2024-01-22,32354.854646963337,32673.293558945832,32082.82142696017,32489.248549414064,414689.3133000001,0.0,0.0,32489.248549414064,32354.854646963337,32673.293558945832,32082.82142696017,0.0027095213324401,-0.0004742264326027,0.0031837477650428,0.0141698733427423,0.005,0.0,-0.006605388597636042,2024-01-24
2024-01-23,32473.244549253457,32634.341899907435,32128.194378779008,32404.776212109384,402821.57960000006,0.0,0.0,32404.776212109384,32473.244549253457,32634.341899907435,32128.194378779008,-0.0012889365913074,-0.0006696148673294,-0.0006193217239779,0.012914227565412,0.005,1.0,0.005041311838238638,2024-01-30
2024-01-24,32340.29458857691,32536.08826964909,32105.785057688947,32274.6444375,472861.0386,0.0,0.0,32274.6444375,32340.29458857691,32536.08826964909,32105.785057688947,-0.0021382166539289,-0.001697255315119,-0.0004409613388098,0.0106480304084187,0.005,1.0,0.007028359695658848,2024-01-29
2024-01-25,32274.6444375,32274.6444375,32274.6444375,32274.6444375,0.0,0.0,0.0,32274.6444375,32274.6444375,32274.6444375,32274.6444375,0.0,0.0,0.0,0.0,0.005,1.0,0.007028359695658848,2024-01-29
2024-01-26,32289.149515738427,32574.952732044847,32062.16898568053,32379.804330078125,279438.4348,0.0,0.0,32379.804330078125,32289.149515738427,32574.952732044847,32062.16898568053,0.0029829725384451,0.0005334762235941,0.002449496314851,0.0119063254361314,0.005,1.0,0.005816417605398971,2024-01-30
2024-01-29,32401.835363323407,32788.2077679157,32129.191760648588,32501.482247656248,359477.3512,0.0,0.0,32501.482247656248,32401.835363323407,32788.2077679157,32129.191760648588,0.004035998424318,0.0010700168534012,0.0029659815709168,0.017779751756196,0.005,1.0,0.016633464725599456,2024-02-01
2024-01-30,32552.14736879683,32764.513346969405,32276.941334247047,32568.138794042963,395805.2434,0.0,0.0,32568.138794042963,32552.14736879683,32764.513346969405,32276.941334247047,0.0022675935251709,0.0003191316497635,0.0019484618754073,0.0126768915899308,0.005,1.0,0.014552741718113271,2024-02-01
2024-01-31,32610.672193190465,32936.74032811387,32271.61936918807,32620.15253798828,545566.8859,0.0,0.0,32620.15253798828,32610.672193190465,32936.74032811387,32271.61936918807,-0.0007991803120601,0.0007967639605977,-0.0015959442726579,0.0166522663159002,0.005,1.0,0.012935009046100454,2024-02-01
2024-02-01,32638.44294277756,33172.42174625879,32411.87392341088,33042.09450615234,880009.5840000003,0.0,0.0,33042.09450615234,32638.44294277756,33172.42174625879,32411.87392341088,0.0074613298397058,-0.0008545820651221,0.0083159119048279,0.0183784732345913,0.005,1.0,0.0051444507992839394,2024-02-06
2024-02-02,33042.09450615234,33042.09450615234,33042.09450615234,33042.09450615234,0.0,0.0,0.0,33042.09450615234,33042.09450615234,33042.09450615234,33042.09450615234,0.0,0.0,0.0,0.0,0.005,1.0,0.0051444507992839394,2024-02-06
2024-02-05,33035.81435118261,33360.8776262442,32808.063302432325,33137.339891699216,520204.8126000001,0.0,0.0,33137.339891699216,33035.81435118261,33360.8776262442,32808.063302432325,0.0019599461012099,0.0002760392262829,0.0016839068749269,0.0146258856688088,0.005,1.0,0.00605951838821106,2024-02-07
2024-02-06,33252.636410530606,33602.93588327048,32887.39199693018,33212.07793564453,467469.6022999999,0.0,0.0,33212.07793564453,33252.636410530606,33602.93588327048,32887.39199693018,0.0007914543941879,0.0037480966971962,-0.0029566423030083,0.0173253266220175,0.005,0.0,0.00462587641358847,2024-02-16
2024-02-07,33334.53298441686,33559.12705178941,33107.56359878352,33338.13621210937,449197.7287000001,0.0,0.0,33338.13621210937,33334.53298441686,33559.12705178941,33107.56359878352,0.0040457504075363,0.0036894380163627,0.0003563123911736,0.0126146047354348,0.005,0.0,0.003316504621285743,2024-02-19
2024-02-08,33338.13621210937,33338.13621210937,33338.13621210937,33338.13621210937,0.0,0.0,0.0,33338.13621210937,33338.13621210937,33338.13621210937,33338.13621210937,0.0,-2.775557561562892e-19,5.551115123125782e-19,5.551115123125782e-19,0.005,1.0,0.005088333803377809,2024-02-20
2024-02-09,33338.13621210937,33338.13621210937,33338.13621210937,33338.13621210937,0.0,0.0,0.0,33338.13621210937,33338.13621210937,33338.13621210937,33338.13621210937,0.0,-2.775557561562892e-19,5.551115123125782e-19,5.551115123125782e-19,0.005,1.0,0.005088333803377809,2024-02-20
2024-02-15,33504.32835574118,33766.43604718214,32997.23772450427,33327.70837255859,577568.0211000002,0.0,0.0,33327.70837255859,33504.32835574118,33766.43604718214,32997.23772450427,0.0017991168889777,0.0034109151427236,-0.0016117982537458,0.0200752378630473,0.005,1.0,0.005402813867896539,2024-02-20
2024-02-16,33334.982889947925,33627.232725874375,33149.689229894655,33365.71290361329,446268.4456,0.0,0.0,33365.71290361329,33334.982889947925,33627.232725874375,33149.689229894655,0.0008601922226644,0.0002521651392316,0.0006080270834327,0.0118732038538597,0.005,1.0,0.014337267267118037,2024-02-21
2024-02-19,33449.00827248899,33778.39715982002,33185.9566730332,33448.70229492188,579309.9332,0.0,0.0,33448.70229492188,33449.00827248899,33778.39715982002,33185.9566730332,0.0031754063800248,0.001663582484681,0.0015118238953438,0.0140437189407275,0.005,1.0,0.011820600651776703,2024-02-21
2024-02-20,33489.810361653464,33658.306984624025,33178.254469467334,33507.77177753906,557621.5477999998,0.0,0.0,33507.77177753906,33489.810361653464,33658.306984624025,33178.254469467334,0.0015256292931362,0.0002808110388878,0.0012448182542484,0.012238592766746,0.005,1.0,0.010036903431361432,2024-02-21
2024-02-21,33509.5066474171,34017.72030122685,33276.500477718306,33844.08604707032,666804.2613,0.0,0.0,33844.08604707032,33509.5066474171,34017.72030122685,33276.500477718306,0.006381230730022,-0.0005807739818576,0.0069620047118797,0.0174161026840786,0.005,1.0,0.014053245273743409,2024-02-26
2024-02-22,33874.914013203765,34263.900350519616,33603.04862029547,33945.779728613285,606356.1057,0.0,0.0,33945.779728613285,33874.914013203765,34263.900350519616,33603.04862029547,0.0015767655230101,-0.0001702076974343,0.0017469732204445,0.0152400260891169,0.005,1.0,0.011015376984462089,2024-02-26
2024-02-23,34063.05885224004,34384.10548720076,33591.20404326203,33860.29152451172,984224.9252,0.0,0.0,33860.29152451172,34063.05885224004,34384.10548720076,33591.20404326203,-0.0042891835487166,0.0027141114793223,-0.0070032950280389,0.018052286625565,0.005,1.0,0.01356792113001104,2024-02-26
2024-02-26,33848.7882893537,34497.81351925607,33666.78910333235,34319.70528935547,911543.8821,0.0,0.0,34319.70528935547,33848.7882893537,34497.81351925607,33666.78910333235,0.0080247767194158,-0.0006843977652659,0.0087091744846818,0.0174716494843985,0.005,1.0,0.008862096147477017,2024-02-29
2024-02-27,34502.22048159057,34710.39378646574,34084.72343438486,34475.85348154297,635684.3919,0.0,0.0,34475.85348154297,34502.22048159057,34710.39378646574,34084.72343438486,0.0047727597400593,0.0038370674312041,0.0009356923088552,0.0140730313870038,0.005,1.0,0.011444456590609997,2024-03-01
2024-02-28,34476.83615076651,34754.25399486272,34140.34564330261,34479.067857617185,787808.5904,0.0,0.0,34479.067857617185,34476.83615076651,34754.25399486272,34140.34564330261,0.0015396892337212,-0.0003035090308602,0.0018431982645815,0.0141867728504719,0.005,1.0,0.011350162775153771,2024-03-01
2024-02-29,34582.52357188011,34927.95756301746,34275.291228322625,34623.84981738281,728816.5177999999,0.0,0.0,34623.84981738281,34582.52357188011,34927.95756301746,34275.291228322625,0.0018439350913434,0.0026214311633656,-0.0007774960720221,0.0139827072829044,0.005,1.0,0.0071211339598094,2024-03-01
2024-03-01,34698.70680251338,35104.14846884958,34424.15576278357,34870.410890136714,987219.5619,0.0,0.0,34870.410890136714,34698.70680251338,35104.14846884958,34424.15576278357,0.0067028662834843,0.0015004746152434,0.0052023916682408,0.0164617355907476,0.005,1.0,0.005865696353180905,2024-03-04
2024-03-04,34943.27603498541,35414.57900897105,34662.07606570523,35074.950132128906,1050519.0405,0.0,0.0,35074.950132128906,34943.27603498541,35414.57900897105,34662.07606570523,0.0057674012615703,0.0025790397500193,0.003188361511551,0.0177943635746542,0.005,1.0,0.011207323575558314,2024-03-07
2024-03-05,35068.75153405259,35525.28496182756,34701.076803970034,35208.14372851562,1061983.9086000002,0.0,0.0,35208.14372851562,35068.75153405259,35525.28496182756,34701.076803970034,0.0014164223979556,7.798681751867391e-05,0.0013384355804369,0.0191863536032454,0.005,1.0,0.007381892131113066,2024-03-07
2024-03-06,35215.396396884404,35420.49340256618,34764.70331537084,35043.10221503906,833964.1026,0.0,0.0,35043.10221503906,35215.396396884404,35420.49340256618,34764.70331537084,-0.003125263897785,0.0012303429401381,-0.0043556068379232,0.0146062836550327,0.005,1.0,0.012126330312012712,2024-03-07
2024-03-07,35095.33605209074,35682.51891641144,34841.92996257486,35468.04644765625,810135.8178,0.0,0.0,35468.04644765625,35095.33605209074,35682.51891641144,34841.92996257486,0.0077143102951127,0.001619461772616,0.0060948485224967,0.0170076071066445,0.005,0.0,-0.005041470995739594,2024-03-11
2024-03-08,35493.63647736093,35797.486150901816,34996.92572120905,35328.8997084961,1047981.7245,0.0,0.0,35328.8997084961,35493.63647736093,35797.486150901816,34996.92572120905,-0.0032606970439212,9.073064300195505e-05,-0.0033514276869232,0.0165050349386931,0.005,1.0,0.006944908345140055,2024-03-12
2024-03-11,35317.38747494082,35779.14678263441,35025.234968842415,35289.235320214844,863094.5057000002,15.3,0.0,35289.235320214844,35317.38747494082,35779.14678263441,35025.234968842415,-0.0011684568021078,-0.000295926310522,-0.0008725304915857,0.0168642315827387,0.005,1.0,0.008076694099634851,2024-03-12
2024-03-12,35339.60956803912,35811.4718954834,35140.03866204207,35574.25567890625,896208.0729999999,0.0,0.0,35574.25567890625,35339.60956803912,35811.4718954834,35140.03866204207,0.0060169979410783,0.0016957126886603,0.004321285252418,0.0151846581792854,0.005,1.0,0.01282473209701851,2024-03-13
2024-03-13,35722.207992643016,36275.17376991485,35391.863572188195,36030.485977539065,975218.5959000002,0.0,0.0,36030.485977539065,35722.207992643016,36275.17376991485,35391.863572188195,0.008887064137145,0.003229150665994,0.005657913471151,0.0189762658123792,0.005,0.0,-0.020837438653449225,2024-03-18
2024-03-14,36143.3872854203,36684.50897648258,35817.48619892553,36167.16195761719,1024179.3629999998,127.36,0.0,36167.16195761719,36143.3872854203,36684.50897648258,35817.48619892553,0.0048503799019739,0.0010798894087603,0.0037704904932136,0.0200768740941597,0.005,0.0,-0.024537701419011793,2024-03-18
2024-03-15,36168.77191054216,36413.99077255179,35662.89398958456,36033.70548271485,832432.9602999999,0.0,0.0,36033.70548271485,36168.77191054216,36413.99077255179,35662.89398958456,-0.0013305626025439,-0.0008147908775363,-0.0005157717250075,0.0169908902272684,0.005,0.0,-0.020924923936796125,2024-03-18
2024-03-18,36097.24425597604,36247.18571192869,34775.12353088458,35279.70293632813,1364268.3724000002,0.0,0.0,35279.70293632813,36097.24425597604,36247.18571192869,34775.12353088458,-0.0149907345439642,0.0015655444081146,-0.0165562789520788,0.031492760770918,0.005,1.0,0.005914409695184197,2024-03-19
2024-03-19,35448.690409499664,35905.522321413075,35047.10717805802,35488.36155341797,643068.1157999997,83.55,0.0,35488.36155341797,35448.690409499664,35905.522321413075,35047.10717805802,0.0041964273793216,0.0028122930041611,0.0013841343751604,0.0203716121503153,0.006568607540662884,1.0,0.010347936295595828,2024-03-21
2024-03-20,35517.18919928758,35921.82235029405,35096.46217894519,35680.06430683594,925163.3993,0.0,0.0,35680.06430683594,35517.18919928758,35921.82235029405,35096.46217894519,0.0030136068634999,0.0007857571922378,0.0022278496712621,0.0186048191516236,0.006323663128758422,1.0,0.007664828112670774,2024-03-22
2024-03-21,35883.599371359145,36100.158061564434,35502.00790463155,35855.59285800781,737687.0525000001,0.0,0.0,35855.59285800781,35883.599371359145,36100.158061564434,35502.00790463155,0.0033531196040308,0.0034653811367971,-0.0001122615327662,0.0130803483238859,0.0060379768109997825,1.0,0.008511621053138185,2024-03-28
2024-03-22,35928.920388781495,36224.96615155932,35617.446620318675,35953.54586679688,735916.3379,0.0,0.0,35953.54586679688,35928.920388781495,36224.96615155932,35617.446620318675,0.0017342907764396,0.0008642942944942,0.0008699964819454,0.0135011403843559,0.005772308433228144,0.0,-0.006920693755574248,2024-03-25
2024-03-25,35903.79706788326,36238.92050832271,35434.33450171785,35704.72238642578,664394.6729999998,0.0,0.0,35704.72238642578,35903.79706788326,36238.92050832271,35434.33450171785,-0.0037744041850013,-0.0021447395310054,-0.0016296646539959,0.0190950275331585,0.005490674169431698,1.0,0.007487896271077599,2024-03-27
2024-03-26,35443.93262305019,35968.05135727582,35196.700673727275,35734.41882587891,488536.2140000001,0.0,0.0,35734.41882587891,35443.93262305019,35968.05135727582,35196.700673727275,0.0010040632328418,-0.0052439383044081,0.0062480015372499,0.0173086051882183,0.00547014260490761,1.0,0.006650641761436482,2024-03-27
2024-03-27,35742.8843300632,36131.23085752202,35553.58448193097,35972.07564404296,677941.3755000001,0.0,0.0,35972.07564404296,35742.8843300632,36131.23085752202,35553.58448193097,0.0044161829708657,-0.0008125315563991,0.0052287145272648,0.0127864391749595,0.005203243755086644,1.0,0.0052459144942076374,2024-03-28
2024-03-28,36215.14831374777,36480.314211750585,35855.168464374765,36160.78207705078,641602.4938,0.0,0.0,36160.78207705078,36215.14831374777,36480.314211750585,35855.168464374765,0.002888363528818,0.0049015747902593,-0.0020132112614413,0.0139517472405232,0.005048906932649654,1.0,0.0071403191057752835,2024-04-02
2024-03-29,36098.01246637627,36496.82112066524,35855.1501897973,36157.07478691406,610183.2649,0.0,0.0,36157.07478691406,36098.01246637627,36496.82112066524,35855.1501897973,0.0007726132016121,-0.0015691534072735,0.0023417666088857,0.0133457201334921,0.005,1.0,0.007243584134633885,2024-04-02
2024-04-01,36084.628129534925,36447.76177530473,35713.97173501767,36115.75886240234,700496.8719000001,0.0,0.0,36115.75886240234,36084.628129534925,36447.76177530473,35713.97173501767,-0.0015424732775675,-0.0014397018843669,-0.0001027713932005,0.0150493084908982,0.005,1.0,0.008395856749078279,2024-04-02
2024-04-02,36030.19185381739,36550.45304898992,35771.965677822234,36418.98160019532,719547.8654,0.0,0.0,36418.98160019532,36030.19185381739,36550.45304898992,35771.965677822234,0.0061100667372198,-0.0019998473865797,0.0081099141237996,0.017254903966816,0.005,0.0,-0.006909301570268589,2024-04-03
2024-04-03,36424.144378000055,36734.74718108777,35942.194680792054,36167.35187343751,899919.2202,0.0,0.0,36167.35187343751,36424.144378000055,36734.74718108777,35942.194680792054,-0.0048389717224083,0.0003499133774257,-0.0051888850998341,0.0166888820608662,0.005,1.0,0.00587132335584073,2024-04-04
2024-04-04,36173.38342051534,36627.91482921809,35756.577559147496,36379.70209121094,768515.9590999999,0.0,0.0,36379.70209121094,36173.38342051534,36627.91482921809,35756.577559147496,0.0018724832806055,-0.0001740597270712,0.0020465430076768,0.018587886571222,0.005,0.0,-0.008517360634333615,2024-04-05
2024-04-05,36137.91341578538,36636.37995141459,35697.443068994544,36069.84304873047,641685.1977000001,0.0,0.0,36069.84304873047,36137.91341578538,36636.37995141459,35697.443068994544,-0.0058060710776659,-0.0042986908575642,-0.0015073802201016,0.0195251229460051,0.005,0.0,-0.006065137514115637,2024-04-08
2024-04-08,36085.53830727017,36326.04079472785,35651.87376266806,35851.07449052735,479354.9564,0.0,0.0,35851.07449052735,36085.53830727017,36326.04079472785,35651.87376266806,-0.0045852063275664,0.0001340752811284,-0.0047192816086949,0.0142696667380627,0.005,1.0,0.0050971535426627135,2024-04-09
2024-04-09,36039.857242165686,36314.18805321813,35673.66221450707,36033.81292187501,738955.0869999998,0.0,0.0,36033.81292187501,36039.857242165686,36314.18805321813,35673.66221450707,0.0036108195397443,0.0040218434609253,-0.000411023921181,0.0137626610318608,0.005,1.0,0.015964596162265865,2024-04-12
2024-04-10,36141.17346535247,36429.4757471681,35898.33662830737,36142.26941152344,507534.0691,0.0,0.0,36142.26941152344,36141.17346535247,36429.4757471681,35898.33662830737,0.0019881564838593,0.0022537912752337,-0.0002656347913743,0.0112563165765001,0.005,1.0,0.012915868024798272,2024-04-12
2024-04-11,35985.13476869568,36321.91431626626,35784.36615984411,36140.06243476562,425315.81630000006,0.0,0.0,36140.06243476562,35985.13476869568,36321.91431626626,35784.36615984411,-0.000307551646489,-0.00306038240969,0.0027528307632009,0.0108626521740604,0.005,1.0,0.012977724082252395,2024-04-12
2024-04-12,36233.37466206183,36736.85273373596,36022.38017849252,36609.07819335938,485907.9556,17.950193352000003,0.0,36609.07819335938,36233.37466206183,36736.85273373596,36022.38017849252,0.0080477070735448,0.0015090612070903,0.0065386458664544,0.0137061428077691,0.005,0.0,-0.027719561249100133,2024-04-15
2024-04-15,36766.90079906023,37009.18708009067,35452.59017976592,35594.29060810546,960715.8368,0.0,0.0,35594.29060810546,36766.90079906023,37009.18708009067,35452.59017976592,-0.0221635821046139,0.0028127804393421,-0.024976362543956,0.0318937329228284,0.005,0.0,-0.010073331756963344,2024-04-17
2024-04-16,35518.618242088705,35997.71898487868,34750.47686140488,35458.96362695312,823182.1366,0.0,0.0,35458.96362695312,35518.618242088705,35997.71898487868,34750.47686140488,-0.0035635389309124,-0.0030764265833546,-0.0004871123475578,0.0275761798139358,0.008295868091370218,0.0,-0.028369206277393255,2024-04-19
2024-04-17,35503.03686794497,35773.06431520088,35000.341725123326,35235.73751015625,469107.4578,0.0,0.0,35235.73751015625,35503.03686794497,35773.06431520088,35000.341725123326,-0.0050706593758422,6.105775552430999e-05,-0.0051317171313665,0.0169470832326129,0.007926269516599957,0.0,-0.02221371232809133,2024-04-19
2024-04-19,34748.57839610697,35226.848573130555,34032.40994091954,34453.0209734375,854731.6774999999,0.0,0.0,34453.0209734375,34748.57839610697,35226.848573130555,34032.40994091954,-0.016000368332094,-0.0114777594461507,-0.0045226088859433,0.027290256854724,0.007623627866683604,1.0,0.010074794773224927,2024-04-23
2024-04-22,34520.881498048366,34981.78361037519,34202.29868214507,34635.23841748047,603529.9805000001,0.0,0.0,34635.23841748047,34520.881498048366,34981.78361037519,34202.29868214507,0.0048302407427861,0.0025174189040172,0.0023128218387689,0.0188666153065288,0.00843785207079104,1.0,0.025466096451722597,2024-04-24
2024-04-23,34782.13231497198,35093.555389420246,34393.50241515903,34800.1280890625,817050.1751000001,0.0,0.0,34800.1280890625,34782.13231497198,35093.555389420246,34393.50241515903,0.0017937321880765,0.002938529464293,-0.0011447972762165,0.0154652040740172,0.008368650756103862,1.0,0.0206072416960823,2024-04-24
2024-04-24,34914.82970916267,35660.81665336311,34718.35625004473,35517.26273964843,1054332.9255999995,0.0,0.0,35517.26273964843,34914.82970916267,35660.81665336311,34718.35625004473,0.0139743364317845,0.00254130114573,0.0114330352860544,0.0196014675023507,0.008054632233208441,1.0,0.008452610495173207,2024-04-26
2024-04-25,35577.49953066589,36100.44689956774,35204.06606276999,35720.63366152344,910982.8302,0.0,0.0,35720.63366152344,35577.49953066589,36100.44689956774,35204.06606276999,0.0027735985166564,0.0013810761892294,0.0013925223274269,0.0181353853027364,0.009030967880260483,1.0,0.01552678079799974,2024-05-02
2024-04-26,35477.858875162674,36154.36465439181,35205.104425734404,35817.47632744141,691182.2692000001,0.0,0.0,35817.47632744141,35477.858875162674,36154.36465439181,35205.104425734404,0.0016949526518295,-0.0043367838124317,0.0060317364642612,0.0195567724007118,0.008642814926285967,1.0,0.012781017253284954,2024-05-02
2024-04-29,35817.47632744141,35817.47632744141,35817.47632744141,35817.47632744141,0.0,0.0,0.0,35817.47632744141,35817.47632744141,35817.47632744141,35817.47632744141,0.0,0.0,0.0,0.0,0.008238474515028153,1.0,0.012781017253284954,2024-05-02
2024-04-30,35817.47632744141,35817.47632744141,35817.47632744141,35817.47632744141,0.0,0.0,0.0,35817.47632744141,35817.47632744141,35817.47632744141,35817.47632744141,0.0,0.0,0.0,0.0,0.0078363907660397,1.0,0.012781017253284954,2024-05-02
2024-05-02,35932.684397520505,36550.140691502136,35590.21341970291,36275.26011035156,982512.906,0.0,0.0,36275.26011035156,35932.684397520505,36550.140691502136,35590.21341970291,0.0072681079325219,0.0021273726238606,0.0051407353086612,0.0201924062674273,0.007453927478893747,1.0,0.014198282885315328,2024-05-06
2024-05-03,36376.22590762115,36786.23420871965,35970.81979083876,36354.060187988296,1190616.3139,15.659999999999998,0.0,36354.060187988296,36376.22590762115,36786.23420871965,35970.81979083876,0.001653197367776,0.0027105941775016,-0.0010573968097256,0.0173458090978501,0.007414380661234642,1.0,0.01199993411719591,2024-05-06
2024-05-06,36463.65705049056,37019.02243014373,36235.35847690842,36790.30651513673,658348.8826000002,0.0,0.0,36790.30651513673,36463.65705049056,37019.02243014373,36235.35847690842,0.0095503010466917,0.0017672046344519,0.0077830964122398,0.0178573335942968,0.007057694102613141,1.0,0.007704086687288392,2024-05-07
2024-05-07,36902.1962966444,37471.12401700176,36576.49094963982,37073.74222578125,646027.0270000001,0.0,0.0,37073.74222578125,36902.1962966444,37471.12401700176,36576.49094963982,0.0051515650964124,0.0023716052795204,0.0027799598168919,0.0169085881043246,0.007207705247217104,1.0,0.007907968567028467,2024-05-10
2024-05-08,36978.57780814682,37349.31263990024,36717.94973224021,37155.11814130859,714397.0637,13.666666120000002,0.0,37155.11814130859,36978.57780814682,37349.31263990024,36717.94973224021,0.0028272366751203,-0.0014973476523326,0.004324584327453,0.0146198508792178,0.0069356939404086075,1.0,0.01721209538003543,2024-05-15
2024-05-09,37099.65274584947,37769.4260692349,36880.713734772,37223.61958701172,716867.569,0.0,0.0,37223.61958701172,37099.65274584947,37769.4260692349,36880.713734772,0.001695192996901,-0.0015434986108562,0.0032386916077572,0.0184589695065884,0.006601863550807307,1.0,0.015340152245720828,2024-05-15
2024-05-10,37281.09524009382,37654.15104684205,36939.80987905592,37366.92021396484,669953.8317999998,0.0,0.0,37366.92021396484,37281.09524009382,37654.15104684205,36939.80987905592,0.0036154582441173,0.0011276906475769,0.0024877675965404,0.0161033578246143,0.006280687159807415,1.0,0.01144636384800557,2024-05-15
2024-05-13,37471.748762147705,37717.42110736554,36864.23357674488,37280.953021875,529510.7547,0.0,0.0,37280.953021875,37471.748762147705,37717.42110736554,36864.23357674488,-0.0015564950678567,0.0017744418732708,-0.0033309369411275,0.0182540979657682,0.005992884313378997,1.0,0.0137786863022753,2024-05-15
2024-05-14,37361.48501132436,37705.64328160095,37064.33053440785,37393.99076552735,679814.6973,0.0,0.0,37393.99076552735,37361.48501132436,37705.64328160095,37064.33053440785,0.0030245692703141,0.0008131534629471,0.002211415807367,0.0142646765649325,0.005811088472220672,1.0,0.010714149650357108,2024-05-15
2024-05-15,37526.86135737547,37985.269714698654,37337.62745914712,37794.63557861328,762205.5663000001,0.0,0.0,37794.63557861328,37526.86135737547,37985.269714698654,37337.62745914712,0.0080807003457323,0.0020289042271994,0.0060517961185328,0.0136776409535544,0.005539044635909935,1.0,0.00701750417818614,2024-05-21
2024-05-16,37936.66453639471,38198.15988277165,37533.073925772944,37843.17046904297,750910.5772000002,0.0,0.0,37843.17046904297,37936.66453639471,38198.15988277165,37533.073925772944,0.001464300093886,0.0027614694299849,-0.0012971693360988,0.0137042683230691,0.005583007017128194,1.0,0.005725976972080327,2024-05-21
2024-05-17,37924.91266457608,38279.18416439398,37619.86215862734,37885.87684648437,837996.0443000001,202.455,0.0,37885.87684648437,37924.91266457608,38279.18416439398,37619.86215862734,0.0040686424795768,0.0022148026537552,0.0018538398258216,0.0165233456893797,0.005320232317610998,1.0,0.007527770532019584,2024-05-22
2024-05-20,37934.164264945466,38358.88507112673,37612.96848100452,37765.78055361329,888561.2971000001,0.0,0.0,37765.78055361329,37934.164264945466,38358.88507112673,37612.96848100452,-0.0006644670058214,0.0007176650465603,-0.0013821320523818,0.0155458299241945,0.005084537786576813,1.0,0.007786918045251223,2024-05-21
2024-05-21,37899.15585197045,38359.90254142192,37607.55345041257,38059.85959169922,734781.9559000002,0.0,0.031395,38059.85959169922,37899.15585197045,38359.90254142192,37607.55345041257,0.0062838648416278,0.0034577741307536,0.0028260907108741,0.0146455142219707,0.005,1.0,0.00817925766876404,2024-05-23
2024-05-22,38111.36555518748,38592.87253119897,37759.11162582121,38171.073033789056,961312.5720000002,0.0,0.0,38171.073033789056,38111.36555518748,38592.87253119897,37759.11162582121,0.0025360563991781,-0.0002658849865027,0.0028019413856808,0.0194109779500724,0.005,1.0,0.005241874027762883,2024-05-23
2024-05-23,38268.819807532935,38649.57193366432,37805.64023255474,38371.16099013671,959069.5146999998,42.6,0.0,38371.16099013671,38268.819807532935,38649.57193366432,37805.64023255474,0.0039298901649751,0.002839449550686,0.001090440614289,0.0177056028882771,0.005,0.0,0.0015573554227328312,2024-05-30
2024-05-24,38158.91267943283,38749.01170606508,37595.060074392,38180.20408593749,1813327.6276,0.0,0.0,38180.20408593749,38158.91267943283,38749.01170606508,37595.060074392,-0.0040226467633745,-0.0063782779047227,0.0023556311413482,0.0243854628030873,0.005,1.0,0.009975732151558558,2024-05-28
2024-05-27,38196.10193848112,38655.04945909497,37849.572118059375,38292.28303476563,772645.8295,9.12,0.0,38292.28303476563,38196.10193848112,38655.04945909497,37849.572118059375,0.0034185543224008,0.0008761505317213,0.0025424037906794,0.0172861870774867,0.005,1.0,0.007019600800009185,2024-05-28
2024-05-28,38451.064069254986,38988.61409608387,38125.48227205488,38561.07957539064,1021479.4037,0.0,0.0,38561.07957539064,38451.064069254986,38988.61409608387,38125.48227205488,0.0057210702221338,0.0027475337323147,0.0029735364898191,0.0183710802675254,0.005,1.0,0.007286133528896066,2024-06-04
2024-05-29,38686.32110845105,38989.54174203074,38279.55387432334,38472.983943945306,1068825.4159,0.0,0.0,38472.983943945306,38686.32110845105,38989.54174203074,38279.55387432334,-0.0005542236550679,0.0030411574455879,-0.0035953811006559,0.0154471680898281,0.005,1.0,0.009592622365546921,2024-06-04
2024-05-30,38373.881485995735,38670.25956684178,37913.706313842806,38430.91852578126,1346874.2423999996,0.0,0.0,38430.91852578126,38373.881485995735,38670.25956684178,37913.706313842806,0.0003320800962197,-0.0014394152140189,0.0017714953102386,0.0160932582496706,0.005,1.0,0.01069769446541513,2024-06-04
2024-05-31,38486.89522928472,38854.99529884082,38168.69571490689,38537.50022802735,738044.4408000001,0.0,0.0,38537.50022802735,38486.89522928472,38854.99529884082,38168.69571490689,0.0021870395413083,0.0005378399244075,0.0016491996169007,0.0146143338293483,0.005,1.0,0.007902446198274404,2024-06-04
2024-06-03,38537.50022802735,38537.50022802735,38537.50022802735,38537.50022802735,0.0,0.0,0.0,38537.50022802735,38537.50022802735,38537.50022802735,38537.50022802735,0.0,1.1368683772161602e-17,-5.6843418860808025e-18,1.1368683772161602e-17,0.005,1.0,0.007902446198274404,2024-06-04
2024-06-04,39026.39901537178,39263.20452329137,38570.23365469594,38842.04075019532,905114.9737000002,16.94,0.0,38842.04075019532,39026.39901537178,39263.20452329137,38570.23365469594,0.0048791393752722,0.0094308986777513,-0.004551759302479,0.0154421719143566,0.005,1.0,0.00961877286974322,2024-06-10
2024-06-05,38888.32389041111,39300.60533053044,38607.643451886135,38822.7017696289,1162918.2731,0.0,0.0,38822.7017696289,38888.32389041111,39300.60533053044,38607.643451886135,-2.274248266166597e-05,0.0012008605896034,-0.0012236030722651,0.0148346667036776,0.005,1.0,0.010121700201897621,2024-06-10
2024-06-06,39027.36969635103,39370.78754816415,38646.58791419308,38910.35979414063,898430.1558,0.0,0.0,38910.35979414063,39027.36969635103,39370.78754816415,38646.58791419308,0.0031408058306607,0.0038820076011773,-0.0007412017705165,0.0143185794624623,0.005,1.0,0.00784607815099414,2024-06-10
2024-06-07,38957.806797635385,39269.436989232,38666.93993885946,39003.4720522461,637756.1445,0.0,0.0,39003.4720522461,38957.806797635385,39269.436989232,38666.93993885946,0.0025469725640824,0.0007365309123296,0.0018104416517529,0.0131481418708363,0.005,1.0,0.005440066090486528,2024-06-10
2024-06-10,39071.80498519592,39669.04299631642,38791.78585005753,39215.65351796876,784749.0813000001,204.806059954,0.0,39215.65351796876,39071.80498519592,39669.04299631642,38791.78585005753,0.0061095237785189,0.0010105865697495,0.0050989372087694,0.0203232221517929,0.005,0.0,-0.007725011796535841,2024-06-13
2024-06-11,39468.66964795004,39710.61451999199,38834.49138378779,39094.810693945314,928986.885,0.0,0.0,39094.810693945314,39468.66964795004,39710.61451999199,38834.49138378779,-0.0025981694615301,0.0060361936066812,-0.0086343630682113,0.0180715225296275,0.005,1.0,0.00672669621290134,2024-06-12
2024-06-12,39207.77707793914,39626.10701092846,38852.20886654919,39357.78960898437,999143.9031,28.853755525,0.0419749999999999,39357.78960898437,39207.77707793914,39626.10701092846,38852.20886654919,0.0032153513299999,0.0020392305611022,0.0011761207688977,0.016952911860219,0.005,0.0,-0.011308497796054584,2024-06-13
2024-06-13,39039.03488317806,39361.24641357918,38637.18484570145,38912.71213193359,938646.4084000002,0.0,0.0,38912.71213193359,39039.03488317806,39361.24641357918,38637.18484570145,-0.0098351477608391,-0.0082389660086532,-0.0015961817521858,0.0151556380082121,0.005,1.0,0.01007245453868344,2024-06-18
2024-06-14,39278.69811272189,39553.40059709878,38829.874116767984,38988.83607304687,1307541.9686999996,0.0,0.0,38988.83607304687,39278.69811272189,39553.40059709878,38829.874116767984,0.001788552364475,0.0071667140217801,-0.005378161657305,0.0160194440570006,0.005,1.0,0.00810033370118557,2024-06-18
2024-06-17,39106.085410274856,39317.61559023128,38682.7624272277,38877.95477607421,802736.5515,0.0,0.0,38877.95477607421,39106.085410274856,39317.61559023128,38682.7624272277,-0.001293263224894,0.002644107967416,-0.0039373711923101,0.0135673583697893,0.005,1.0,0.010975471375560986,2024-06-18
2024-06-18,38980.14414642767,39648.13164235957,38757.45224504228,39304.65865585937,1094687.2252000002,0.0,0.0,39304.65865585937,38980.14414642767,39648.13164235957,38757.45224504228,0.0071393463306346,0.002110082045372,0.0050292642852625,0.0185361243539377,0.005,0.0,-0.005221440919364051,2024-06-19
2024-06-19,39085.4436620038,39450.83682342368,38661.23403537591,39099.43170283203,1020807.4666,119.0912,0.0,39099.43170283203,39085.4436620038,39450.83682342368,38661.23403537591,-0.0054521835158483,-0.0045031003199587,-0.0009490831958895,0.0159924313909282,0.005,0.0,-0.018028999536177204,2024-06-20
2024-06-20,38379.45847333235,38754.25384331072,38005.64846914693,38394.50806679688,1122180.4020999998,11.6,0.0,38394.50806679688,38379.45847333235,38754.25384331072,38005.64846914693,-0.0181707725330254,-0.0177363334420615,-0.0004344390909639,0.0167526799259989,0.005,1.0,0.010072661692973606,2024-06-21
2024-06-21,38524.168397139954,39158.27976654167,38178.91503989307,38781.24295742187,1004091.7228,0.0,0.0,38781.24295742187,38524.168397139954,39158.27976654167,38178.91503989307,0.0055880402965195,0.003072411372974,0.0025156289235454,0.0192911000816608,0.007342293409855948,0.0,-0.011224313442920408,2024-06-24
2024-06-24,38864.63645054859,39176.20133308551,38093.82444716357,38345.95013076172,1481559.9946,8.760330568,0.02332,38345.95013076172,38864.63645054859,39176.20133308551,38093.82444716357,-0.0107032359771625,0.0014314825713916,-0.0121347185485541,0.0232994178668926,0.0072616815445120785,0.0,-0.014595384093938457,2024-06-28
2024-06-25,38316.27984619955,38725.49507082052,37962.197369981135,38283.98224492188,1080877.3256,0.0,0.0,38283.98224492188,38316.27984619955,38725.49507082052,37962.197369981135,0.0002880771322258,-0.0007569473166256,0.0010450244488515,0.0151556694047097,0.007573725418809115,0.0,-0.013000371319304205,2024-06-28
2024-06-26,38371.49793487552,38624.79728895315,37797.32330817035,38326.373043359374,870382.4163,0.0,0.0232,38326.373043359374,38371.49793487552,38624.79728895315,37797.32330817035,0.0013359585211129,0.0020377846341616,-0.0007018261130486,0.0189361623351631,0.007221342282237534,0.0,-0.014092040031862929,2024-06-28
2024-06-27,38398.66008675957,38663.37670422591,37955.91939396516,38199.73097939453,735227.9509999999,273.386363107,0.0,38199.73097939453,38398.66008675957,38663.37670422591,37955.91939396516,-0.0013863293954071,0.0014882584316706,-0.0028745878270777,0.0149519765521087,0.006911609324039372,0.0,-0.010823498193254566,2024-06-28
2024-06-28,38213.47815738582,38538.32561256332,37568.31417037398,37786.27626015624,868408.2429000001,12.35,0.0,37786.27626015624,38213.47815738582,38538.32561256332,37568.31417037398,-0.0066183708247272,0.0002062579106804,-0.0068246287354077,0.0213006469026449,0.00657544937022192,1.0,0.015523135306139357,2024-07-03
2024-07-01,37901.77213164149,38221.25289191777,37453.29595116449,37898.93175966796,1129342.0790999995,53.25,0.05125,37898.93175966796,37901.77213164149,38221.25289191777,37453.29595116449,0.0046248030783917,0.0035629403144374,0.0010618627639543,0.0160313143350952,0.006478610654916005,1.0,0.012504468004403746,2024-07-03
2024-07-02,37987.38957475247,38321.74564065601,37699.45184093087,37965.82800390625,712326.2832000001,0.0,0.0,37965.82800390625,37987.38957475247,38321.74564065601,37699.45184093087,0.0008074752459746,0.002055039646991,-0.0012475644010164,0.0122029471066551,0.006436312916922694,1.0,0.010720422989581202,2024-07-03
2024-07-03,38027.8341531717,38583.69028621081,37884.5695837009,38372.83773925781,804228.6442000001,0.0,0.0,38372.83773925781,38027.8341531717,38583.69028621081,37884.5695837009,0.0081383822298793,0.0009640751444193,0.00717430708546,0.0143977834704007,0.006145150444250858,1.0,0.017012781546094313,2024-07-08
2024-07-04,38472.50197339839,38822.43061241538,38194.25199617401,38593.7743439453,797278.0673999999,0.0,0.0,38593.7743439453,38472.50197339839,38822.43061241538,38194.25199617401,0.0042856187667369,0.0015744388574475,0.0027111799092893,0.013226278701186,0.0064338040486294715,1.0,0.011190719446749098,2024-07-08
2024-07-05,38782.31386574843,38994.79227758536,38347.98758743443,38601.589067187495,868940.6896999999,0.0,0.0,38601.589067187495,38782.31386574843,38994.79227758536,38347.98758743443,0.0007441538290761,0.0039140760932613,-0.0031699222641851,0.0129479743764033,0.006250567130235456,1.0,0.010986008298619954,2024-07-08
2024-07-08,38738.283544297694,39222.395179805855,38531.22337234995,39025.66644501953,1082978.7308999996,0.0,0.0,39025.66644501953,38738.283544297694,39222.395179805855,38531.22337234995,0.0098158353420021,0.0025865261230307,0.0072293092189714,0.0156781630212268,0.005946072749731373,0.0,-0.0017831740568751142,2024-07-15
2024-07-09,39250.00908792279,39485.96931842405,38822.65695528231,39136.17340429688,1057223.2997,56.49999999999999,0.0,39136.17340429688,39250.00908792279,39485.96931842405,38822.65695528231,0.0045988282637987,0.0041484556599684,0.0004503726038302,0.0137297607787672,0.00631470794083148,0.0,-0.007219351428069065,2024-07-11
2024-07-10,39150.04853575621,39476.06402499597,38679.18899952379,38908.299578417966,1188782.4154,0.0,0.0,38908.299578417966,39150.04853575621,39476.06402499597,38679.18899952379,-0.0023989412666443,0.000642608250859,-0.0030415495175034,0.0171228011694476,0.006084258477216256,1.0,0.006686653209443172,2024-07-16
2024-07-11,39041.04392055438,39252.3140820233,38588.20118991941,38853.63561494141,852234.5432,0.0,0.0,38853.63561494141,39041.04392055438,39252.3140820233,38588.20118991941,-0.0014001330898322,0.0019096568132594,-0.0033097899030916,0.0138265315635742,0.005916582340085975,1.0,0.00810298096288009,2024-07-16
2024-07-12,38847.2650602786,39161.22742713134,38514.08857917612,38883.90277207032,734274.6274,0.0,0.0,38883.90277207032,38847.2650602786,39161.22742713134,38514.08857917612,0.0014181244931511,0.0002687203083721,0.0011494041847789,0.0151748781431436,0.005686096978988823,1.0,0.007318275489620829,2024-07-16
2024-07-15,39018.25013479186,39338.50735360341,38594.57162334932,38956.07688906251,586839.4928000001,0.0,0.0,38956.07688906251,39018.25013479186,39338.50735360341,38594.57162334932,0.0035600677484436,0.0031269742348012,0.0004330935136424,0.0174662753317411,0.0054097569711891195,1.0,0.0054520119212797535,2024-07-16
2024-07-16,38984.46901932125,39485.25507516335,38733.89782680004,39168.46588466797,710953.4857,0.0,0.0,39168.46588466797,38984.46901932125,39485.25507516335,38733.89782680004,0.0057063149146624,-2.8762464932883663e-05,0.0057350773795952,0.0191795225971916,0.0051998118058825815,0.0,-0.009772876006334474,2024-07-17
2024-07-17,39349.17893588297,39634.30943752319,38419.13348889435,38785.67732421876,1393649.0022000002,0.0,0.0,38785.67732421876,39349.17893588297,39634.30943752319,38419.13348889435,-0.0101572446339507,0.0025938930103576,-0.0127511376443083,0.0274589262111615,0.005119972193085775,0.0,-0.007802943058355605,2024-07-19
2024-07-18,38807.72880796683,39043.21209606808,38293.50527146712,38737.711680468754,1065740.1575000004,0.0,0.0,38737.711680468754,38807.72880796683,39043.21209606808,38293.50527146712,-0.0004870336272675,-0.000799878483237,0.0003128448559694,0.0173930554246828,0.006044535154358965,0.0,-0.0065743890602353305,2024-07-19
2024-07-19,38755.00233133631,39040.7205306195,38288.90496429004,38483.03489257813,881341.2548000001,0.0,0.0,38483.03489257813,38755.00233133631,39040.7205306195,38288.90496429004,-0.0030804162116329,-0.0001008917622384,-0.0029795244493944,0.0162278628740195,0.005758790637240937,0.0,-0.016585707335277422,2024-07-22
2024-07-22,38454.38723314198,38612.858049124974,37416.77695769454,37844.76653847656,1027928.2293,0.0,0.0,37844.76653847656,38454.38723314198,38612.858049124974,37416.77695769454,-0.0127496352449163,-0.0004632924200689,-0.0122863428248473,0.0261487288024619,0.00558255560535404,0.0,-0.014712154386810394,2024-07-23
2024-07-23,37937.40634494997,38255.16959228191,37128.27756776745,37287.98849042969,976147.0774,0.0,0.0,37287.98849042969,37937.40634494997,38255.16959228191,37128.27756776745,-0.0114400822876143,0.0028999428195393,-0.0143400251071536,0.0232550329651218,0.0065803483599796205,1.0,0.008643945785900442,2024-07-25
2024-07-24,37180.776847574925,37719.16150008328,36705.27102606815,37498.6281734375,953393.1521,0.0,0.0,37498.6281734375,37180.776847574925,37719.16150008328,36705.27102606815,0.003077321223022,-0.0029765435794045,0.0060538648024266,0.0221498396922894,0.006994510716735735,1.0,0.012922115204336171,2024-07-26
2024-07-25,37410.60457273854,37926.143100926085,37145.79037207562,37610.30384140625,479817.6705,0.0,0.0,37610.30384140625,37410.60457273854,37926.143100926085,37145.79037207562,0.0029153214061274,-0.0008109722423138,0.0037262936484413,0.0182454080967352,0.006830741515530969,1.0,0.009914461921534778,2024-07-26
2024-07-26,37705.75977450341,38139.71577545704,37408.52995517417,37983.18976669922,537942.4135999999,0.0,0.0,37983.18976669922,37705.75977450341,38139.71577545704,37408.52995517417,0.0078932468809027,0.0018293745447988,0.0060638723361039,0.0167547034193201,0.006636396236651227,0.0,-0.016503023628948177,2024-08-01
2024-07-29,38198.135785766346,38487.47586472864,37746.79211102324,38165.89519580079,571304.4182000001,0.0,0.0,38165.89519580079,38198.135785766346,38487.47586472864,37746.79211102324,0.002855879887852,0.0028922159590815,-3.633607122944251e-05,0.0149096007117305,0.006874321732280662,0.0,-0.02121115994190792,2024-08-01
2024-07-30,38196.778029164125,38397.51200139032,37755.00261195596,38174.42798037109,508759.3364,0.0,0.0,38174.42798037109,38196.778029164125,38397.51200139032,37755.00261195596,0.0005448078332779,0.0003516780790463,0.0001931297542316,0.0139308828440564,0.006606805964213276,0.0,-0.021429939757451555,2024-08-01
2024-07-31,38147.41871932255,38372.18784658081,37748.54408750787,38075.03264091796,643315.8932999998,0.0,0.0,38075.03264091796,38147.41871932255,38372.18784658081,37748.54408750787,-0.0032004759118919,-0.0008911901016812,-0.0023092858102106,0.0148679084017045,0.0062863505657799156,0.0,-0.018875370619355847,2024-08-01
2024-08-01,38001.30595789907,38132.06302333987,37014.25677823479,37356.35228847656,1013281.5916,0.0,0.0,37356.35228847656,38001.30595789907,38132.06302333987,37014.25677823479,-0.0145889056473295,-0.0019759560253266,-0.0126129496220028,0.0246417215482794,0.006059875082868823,0.0,-0.023431326013343967,2024-08-05
2024-08-02,36865.41271495818,37760.89523716248,36592.45500314756,37491.11453164063,930946.6048,0.0,0.0,37491.11453164063,36865.41271495818,37760.89523716248,36592.45500314756,0.0026664139717148,-0.0101367553844395,0.0128031693561543,0.0241780522570412,0.007203149140694712,0.0,-0.02694161336420775,2024-08-05
2024-08-05,37083.35752525405,37442.01957453559,36228.60029659222,36481.04341933594,1160444.2379,2.97,0.0,36481.04341933594,37083.35752525405,37442.01957453559,36228.60029659222,-0.0221395928428299,-0.0090034399028603,-0.0131361529399696,0.0266724943926761,0.006971645372648021,1.0,0.010612281354589914,2024-08-06
2024-08-06,36602.368287614605,37077.71831180721,36232.87656535808,36868.19051621094,770244.2892000001,0.0,0.0,36868.19051621094,36602.368287614605,37077.71831180721,36232.87656535808,0.0072423193554731,0.0013883383386415,0.0058539810168316,0.0206295800316649,0.009150381400379073,1.0,0.019410513948463493,2024-08-09
2024-08-07,36936.79032061534,37183.11696303947,36636.13934018404,36982.00917490234,436096.9284,0.0,0.0,36982.00917490234,36936.79032061534,37183.11696303947,36636.13934018404,0.0028688089890221,0.0012418646130168,0.0016269443760053,0.0129723597295407,0.009254287281195778,1.0,0.016273098217350013,2024-08-09
2024-08-08,36992.03665401123,37317.86803314965,36695.99663864385,37013.87286748047,504640.8151,0.0,0.0,37013.87286748047,36992.03665401123,37317.86803314965,36695.99663864385,0.0007604928941394,0.0003308258065679,0.0004296670875714,0.0156968794758638,0.00893416178795324,1.0,0.015398231280486563,2024-08-09
2024-08-09,37180.05678959832,37756.68436539024,36926.084858283975,37583.821042480464,891555.7141999998,0.0,0.0,37583.821042480464,37180.05678959832,37756.68436539024,36926.084858283975,0.0101836906279656,0.0031804667552726,0.0070032238726929,0.0175880602564921,0.00853087037035906,1.0,0.009014535815716096,2024-08-12
2024-08-12,37634.41162550301,38120.91120878246,37396.70318180511,37922.62174335937,866391.8501,0.0,0.0,37922.62174335937,37634.41162550301,38120.91120878246,37396.70318180511,0.006286931573892,0.0014965160836946,0.0047904154901973,0.0151246809175987,0.008842689143905116,1.0,0.009261682149102946,2024-08-19
2024-08-13,37949.12874656514,38204.98542872259,37501.4783127159,37889.97613027344,654052.2803,0.0,0.0,37889.97613027344,37949.12874656514,38204.98542872259,37501.4783127159,-0.0010622369506091,0.0002714792223799,-0.001333716172989,0.0149245042549847,0.008646926201915548,1.0,0.00894710964795875,2024-08-16
2024-08-14,38012.57226075545,38251.66995540611,37637.71928022112,37848.86616572266,494930.0328,0.0,0.0,37848.86616572266,38012.57226075545,38251.66995540611,37637.71928022112,-0.0009522253541486,0.0028868599655736,-0.0038390853197222,0.0137030652493785,0.008234519980734184,1.0,0.010042988708896194,2024-08-16
2024-08-15,37742.70784247586,37920.64677227847,37405.0278809885,37634.78941357422,554757.9419999998,0.0,0.0,37634.78941357422,37742.70784247586,37920.64677227847,37405.0278809885,-0.0052540581921894,-0.002564443192399,-0.0026896149997904,0.0118512622661375,0.007839434588763447,1.0,0.0157883834865038,2024-08-16
2024-08-16,37656.44037961717,38359.99471656005,37545.68599576178,38228.98190126954,1283301.4413,0.0,0.0,38228.98190126954,37656.44037961717,38359.99471656005,37545.68599576178,0.0117565762789041,0.0004329821195041,0.0113235941593999,0.0170052319597335,0.007624816085827002,1.0,0.00809859335793539,2024-08-21
2024-08-19,38363.87958267186,38574.5446719031,38063.95559872605,38273.84901220703,548675.2059999999,0.0,0.0,38273.84901220703,38363.87958267186,38574.5446719031,38063.95559872605,0.001947004739453,0.0025514765063237,-0.0006044717668707,0.0113940114219243,0.00813412005092976,1.0,0.008994220293401911,2024-08-22
2024-08-20,38297.15733021258,38630.67903015035,38086.36221601029,38356.06838388672,758556.9453000003,0.0,0.0,38356.06838388672,38297.15733021258,38630.67903015035,38086.36221601029,0.001858376425229,0.0010052447637819,0.0008531316614471,0.011915895362704,0.0077463058268083,0.0,0.0006262880956153793,2024-08-27
2024-08-21,38336.024816196,38878.58555234138,38104.58238006687,38538.58288017579,833602.4045,0.0,0.0,38538.58288017579,38336.024816196,38878.58555234138,38104.58238006687,0.0035698061542892,-9.59256654702478e-05,0.0036657318197594,0.0165828913299812,0.00737493899238963,0.0,-0.0031777111537480973,2024-08-28
2024-08-22,38632.57462693697,38899.156232087946,38273.7923911728,38618.09244169922,577303.8084999998,0.0,0.0,38618.09244169922,38632.57462693697,38899.156232087946,38273.7923911728,7.295008174153185e-05,0.002185963361924,-0.0021130132801824,0.0139398170889201,0.007060489632157458,0.0,-0.005272983980757595,2024-08-29
2024-08-23,38614.23855126731,38754.41325870935,38223.59054839041,38495.57574160156,499917.1721,0.0,0.0,38495.57574160156,38614.23855126731,38754.41325870935,38223.59054839041,-0.0023852462304107,-0.0008600210884924,-0.0015252251419182,0.0113094594819453,0.006723914368290474,0.0,0.0024079926001279173,2024-08-30
2024-08-26,38663.49635967623,38833.72573042703,38260.86083319246,38368.87989960937,553097.3796,0.0,0.0,38368.87989960937,38663.49635967623,38833.72573042703,38260.86083319246,-0.0013093715218399,0.0041555229213717,-0.0054648944432116,0.0125200670537429,0.0064793887226496216,0.0,0.0015138662248981305,2024-09-04
2024-08-27,38296.6184395023,38526.94527770307,38028.12428029183,38380.09033291016,728116.5148999998,0.0,0.0,38380.09033291016,38296.6184395023,38526.94527770307,38028.12428029183,-0.0002233239623778,-0.0016913623399603,0.0014680383775825,0.0107571370483541,0.006193740947599177,0.0,-0.005883692717997158,2024-09-05
2024-08-28,38424.55232047743,38610.2983930537,38186.622254904025,38416.11839550781,544139.9880000001,0.0,0.0,38416.11839550781,38424.55232047743,38610.2983930537,38186.622254904025,0.0018140178227931,0.0011158605572938,0.0006981572654993,0.0098045234164259,0.005895886689113979,0.0,-0.006816011912231357,2024-09-05
2024-08-29,38380.39662104796,38601.37710405024,38110.631969971626,38414.45985888672,332462.0631,17.4,0.0,38414.45985888672,38380.39662104796,38601.37710405024,38110.631969971626,-0.0004392736433932,-0.001296617821472,0.0008573441780787,0.0108274310479162,0.0056227872272647675,0.0,-0.006773131392193488,2024-09-05
2024-08-30,38394.49492156272,38771.414286127874,38177.18701929143,38588.272803125,501449.1414,0.0,0.0,38588.272803125,38394.49492156272,38771.414286127874,38177.18701929143,0.0026546724078516,-0.0011455856230823,0.0038002580309338,0.0122396854370055,0.005357386347643242,0.0,-0.01124691769535524,2024-09-05
2024-09-04,38388.42963649273,38711.26431289405,38009.23643582398,38426.96525097656,614967.9021,125.46188424000002,0.0,38426.96525097656,38388.42963649273,38711.26431289405,38009.23643582398,-0.0027160281822176,-0.003850404117342,0.0011343759351243,0.0157923417942262,0.005137203523283075,0.0,-0.0070963599205193795,2024-09-05
2024-09-05,38352.45135613733,38543.55139712787,37957.68392476034,38154.27367490234,829387.7286000001,0.0,0.0,38154.27367490234,38352.45135613733,38543.55139712787,37957.68392476034,-0.0045090940322817,-0.0017439056162282,-0.0027651884160534,0.0133335036436667,0.005,0.0,0.0025958895922777447,2024-09-12
2024-09-06,38056.9041934791,38372.523487442384,37878.5694614247,38237.00530498047,662822.7009,0.0,0.0,38237.00530498047,38056.9041934791,38372.523487442384,37878.5694614247,0.0014293720762157,-0.0020332870624516,0.0034626591386673,0.0101877887731086,0.005,0.0,-0.006846638872643029,2024-09-10
2024-09-09,38182.02182167882,38296.951076880905,37912.03504670328,38088.60811923828,472068.7183,0.0,0.0,38088.60811923828,38182.02182167882,38296.951076880905,37912.03504670328,-0.0026240937137121,-0.0003911250493586,-0.0022329686643535,0.0092366152843142,0.005,1.0,0.007490505556636995,2024-09-13
2024-09-10,38103.6862559618,38373.85374924778,37728.79928551889,37975.21033808593,617492.7055,0.0,0.0,37975.21033808593,38103.6862559618,38373.85374924778,37728.79928551889,-0.0039128135385825,0.0003152112928676,-0.0042280248314501,0.0133685934097799,0.005,1.0,0.007323399035161771,2024-09-12
2024-09-11,37983.94024330791,38233.8221209967,37700.08215608305,38056.67158212891,568090.8211,0.0,0.0,38056.67158212891,37983.94024330791,38233.8221209967,37700.08215608305,0.001234646360937,0.0002652663456402,0.0009693800152968,0.0117812120922575,0.005,1.0,0.005167198457769695,2024-09-12
2024-09-12,38065.09148030565,38648.87705498306,37936.618872405365,38253.317956835934,516803.1548,4.5,0.0,38253.317956835934,38065.09148030565,38648.87705498306,37936.618872405365,0.0031772890179975,0.0004447308436142,0.0027325581743833,0.0131838292654044,0.005,1.0,0.005011063367347246,2024-09-17
2024-09-13,38228.915829864745,38525.52578576234,38057.69056233769,38373.91105,459518.2642,0.0,0.0,38373.91105,38228.915829864745,38525.52578576234,38057.69056233769,0.0011046234931043,-0.0004614323065535,0.0015660557996578,0.009724244865592,0.005,1.0,0.005314591839387761,2024-09-18
2024-09-16,38475.312225056376,38717.58644700064,38137.97509717152,38298.8788881836,442556.44360000006,1.75,0.0,38298.8788881836,38475.312225056376,38717.58644700064,38137.97509717152,-0.0017548118792001,0.0030795312754032,-0.0048343431546034,0.0123630860834523,0.005,1.0,0.007284125395487617,2024-09-18
2024-09-17,38280.10624867347,38589.3701078568,38015.776581836064,38445.00775712892,563986.3296,56.8,0.0,38445.00775712892,38280.10624867347,38589.3701078568,38015.776581836064,0.0015649363243952,-4.248189797952321e-05,0.0016074182223747,0.0125602566935753,0.005,1.0,0.01009904864041311,2024-09-19
2024-09-18,38500.88823366146,38763.81500787485,38319.007111249965,38577.85272451172,742410.7252000001,0.0,0.0,38577.85272451172,38500.88823366146,38763.81500787485,38319.007111249965,0.00265500814952,0.0009668078813912,0.0016882002681287,0.0087439971529269,0.005,1.0,0.006620716755840084,2024-09-19
2024-09-19,38617.85032121008,38998.01929591977,38314.60121670128,38833.26576044923,599566.2445,0.0,0.0,38833.26576044923,38617.85032121008,38998.01929591977,38314.60121670128,0.0025870700680269,-0.0006394859648632,0.0032265560328901,0.0129046739019353,0.005,1.0,0.0063709764385408985,2024-09-25
2024-09-20,39081.976168006,39327.279196067655,38772.454288500645,38917.86220322266,651267.5488999999,0.0,0.0,38917.86220322266,39081.976168006,39327.279196067655,38772.454288500645,0.0015050892306434,0.0052598369174847,-0.0037547476868413,0.012198238088871,0.005,0.0,-0.0021857556828884794,2024-09-27
2024-09-23,38912.46895642044,39271.85020519103,38422.49965346249,38995.20851640625,412415.7684,0.0,0.0,38995.20851640625,38912.46895642044,39271.85020519103,38422.49965346249,0.000544426412903,0.0001034418550113,0.0004409845578917,0.015556527399183,0.005,0.0,-0.007104598551808561,2024-09-30
2024-09-24,39000.63632042836,39245.34194095777,38813.02965664795,39027.3532725586,442869.8634,0.0,0.0,39027.3532725586,39000.63632042836,39245.34194095777,38813.02965664795,0.0015449185610598,7.731342117176773e-05,0.001467605139888,0.0082807833608392,0.005,0.0,-0.007922393710538378,2024-09-30
2024-09-25,39022.79925775505,39281.39525047867,38793.60280780152,39080.67158164064,746977.0314,0.0,0.0,39080.67158164064,39022.79925775505,39281.39525047867,38793.60280780152,0.0013773404043526,-0.0006919634669689,0.0020693038713215,0.0111110987857247,0.005,0.0,-0.006342631967742096,2024-09-27
2024-09-26,39055.75344941986,39361.57787597252,38711.51128004253,38988.15096367188,579171.1701000001,0.0,0.0,38988.15096367188,39055.75344941986,39361.57787597252,38711.51128004253,-0.0023385819531549,-0.0005704482682534,-0.0017681336849014,0.0123821975258934,0.005,0.0,-0.006924866723490575,2024-09-30
2024-09-27,38974.23520579759,39114.44885821336,38606.17626947472,38832.7972647461,780695.3477999999,0.0,0.0,38832.7972647461,38974.23520579759,39114.44885821336,38606.17626947472,-0.0024593946094447,-0.0004038487535255,-0.0020555458559192,0.0108032972303826,0.005,0.0,-0.00658740033570826,2024-10-02
2024-09-30,38796.38352428274,38983.415109778914,38444.07423823607,38718.16321445312,563994.3566000002,0.0,0.0,38718.16321445312,38796.38352428274,38983.415109778914,38444.07423823607,-0.0013891410842684,-0.0004382258138624,-0.0009509152704059,0.0110009310188785,0.005,0.0,-0.009242338148934048,2024-10-03
2024-10-01,38681.72699308206,39072.10117783064,38569.248752151696,38756.99216103515,757008.18,0.0,0.0,38756.99216103515,38681.72699308206,39072.10117783064,38569.248752151696,0.0009878926823648,-0.0005826220074674,0.0015705146898322,0.0101829265185879,0.005,0.0,-0.010234935205173934,2024-10-03
2024-10-02,38592.034899223305,38882.01688490233,38374.47404835317,38576.99008300782,495813.8934,0.0,0.0,38576.99008300782,38592.034899223305,38882.01688490233,38374.47404835317,-0.0032630891089229,-0.0034389529411449,0.0001758638322219,0.0123045866527004,0.005,0.0,-0.005616644145177485,2024-10-03
2024-10-03,38665.13291072928,38995.50539300285,38222.18466016355,38360.31685751952,774194.9077999999,0.0,0.0,38360.31685751952,38665.13291072928,38995.50539300285,38222.18466016355,-0.0038653015750243,0.0011393332979343,-0.0050046348729586,0.0154414953144927,0.005,1.0,0.005027351061874796,2024-10-09
2024-10-04,38346.32634105585,38484.06144378437,38107.729840895874,38204.12727451172,397051.1974,0.0,0.0,38204.12727451172,38346.32634105585,38484.06144378437,38107.729840895874,-0.0028469524180408,-0.000237774348145,-0.0026091780698957,0.0082587599862331,0.005,1.0,0.0063145830741215825,2024-10-08
2024-10-07,38295.36324058254,38577.95544275769,37992.73078822648,38198.42334541016,346902.3169000001,0.0,0.0,38198.42334541016,38295.36324058254,38577.95544275769,37992.73078822648,8.353571605339174e-05,0.0017023361688654,-0.001618800452812,0.0119356088082964,0.005,1.0,0.006464849669782113,2024-10-08
2024-10-08,38271.69377082999,38701.9140255565,38042.21897099544,38445.37040996093,568183.6748999999,0.0,0.0,38445.37040996093,38271.69377082999,38701.9140255565,38042.21897099544,0.0029085209855283,0.0008383332130064,0.0020701877725218,0.0117139269951648,0.005,1.0,0.005355235669467495,2024-10-10
2024-10-09,38496.54555386598,38726.03684946231,38255.24448651532,38553.16763720703,811949.3354000002,0.0,0.0,38553.16763720703,38496.54555386598,38726.03684946231,38255.24448651532,0.0014213147790386,0.0011045711385307,0.0003167436405079,0.0091639604453705,0.005,0.0,0.0014690700220798547,2024-10-16
2024-10-10,38620.23782718969,38968.40022545239,38304.40697415685,38651.25442890624,918682.5319000002,0.0,0.0,38651.25442890624,38620.23782718969,38968.40022545239,38304.40697415685,0.001679560165727,0.0017600102906932,-8.04501249661553e-05,0.0120816626620432,0.005,1.0,0.005421492086497892,2024-10-17
2024-10-11,38589.17476551039,38941.465520195205,38375.94296181541,38705.84730800781,595236.2612000001,30.6,0.0,38705.84730800781,38589.17476551039,38941.465520195205,38375.94296181541,0.0005944876663192,-0.0013498298554197,0.001944317521739,0.0106048325903309,0.005,0.0,0.0035461284582765096,2024-10-18
2024-10-14,38831.75365513816,39083.61622323733,38432.52645635956,38595.092116992186,651108.4397999998,0.0,0.0,38595.092116992186,38831.75365513816,39083.61622323733,38432.52645635956,-0.0016061638627864,0.0022161626901048,-0.0038223265528913,0.0129909505179495,0.005,1.0,0.006884548458341522,2024-10-17
2024-10-15,38641.97118825603,38859.79180670333,38389.83262428463,38599.71874023438,640024.9955999998,0.0,0.0,38599.71874023438,38641.97118825603,38859.79180670333,38389.83262428463,-0.0005183670051087,0.0008809651658212,-0.00139933217093,0.0096286036283459,0.005,1.0,0.00676386168636145,2024-10-17
2024-10-16,38626.43023673821,38930.99117506849,38340.71317157114,38609.80494003907,638315.6137999999,0.0,0.0,38609.80494003907,38626.43023673821,38930.99117506849,38340.71317157114,-0.0001464620641374,0.0003702783039519,-0.0005167403680893,0.0118955212650121,0.005,1.0,0.006500860578718459,2024-10-17
2024-10-17,38690.8428792045,38999.510012473314,38292.79321542378,38860.801898925776,507214.8848,0.0,0.0,38860.801898925776,38690.8428792045,38999.510012473314,38292.79321542378,0.0035749607679798,0.0012074130908134,0.0023675476771663,0.0139428998547155,0.005,0.0,-0.006092836680367308,2024-10-22
2024-10-18,38995.74300760089,39128.93901239755,38637.282724116805,38843.10321464844,402418.5746999999,0.0,0.0,38843.10321464844,38995.74300760089,39128.93901239755,38637.282724116805,-3.965802408587254e-06,0.0022754105081814,-0.0022793763105899,0.0097344054526647,0.005,0.0,-0.005639967377228383,2024-10-22
2024-10-21,38849.40231184918,39228.45596586759,38386.87328540142,38804.37640517578,500691.2983,40.35,0.0,38804.37640517578,38849.40231184918,39228.45596586759,38386.87328540142,-0.0022702603252976,-0.0002373270960914,-0.0020329332292062,0.0170950129695498,0.005,0.0,-0.00656198728845081,2024-10-25
2024-10-22,38805.53881364455,39175.573920715695,38344.11853261178,38624.02937968751,845047.1142999999,0.0,0.0,38624.02937968751,38805.53881364455,39175.573920715695,38344.11853261178,-0.002249108050762,-0.0005835089364991,-0.0016655991142628,0.0159211912591314,0.005,1.0,0.007522079548675009,2024-10-23
2024-10-23,38714.00801943032,39055.39544519904,38425.84748739487,38914.56240117188,488275.5196000001,0.0,0.0,38914.56240117188,38714.00801943032,39055.39544519904,38425.84748739487,0.005085731566934,0.0023617430839408,0.0027239884829931,0.0118664977517168,0.005,0.0,-0.00937489202479469,2024-10-25
2024-10-24,38960.01877231272,39088.3183380043,38570.97631073229,38742.805209375,428460.6496,0.0,0.0,38742.805209375,38960.01877231272,39088.3183380043,38570.97631073229,-0.004358673166938,0.0005605353696103,-0.0049192085365484,0.0116669717945285,0.005,1.0,0.005382466588645052,2024-10-31
2024-10-25,38761.19015665341,38906.35283988748,38321.67227146829,38549.74258046876,410712.1155,0.0,0.0,38549.74258046876,38761.19015665341,38906.35283988748,38321.67227146829,-0.0016441809375705,0.0011486490446488,-0.0027928299822193,0.0130181781425354,0.005,1.0,0.005657968383361522,2024-10-29
2024-10-28,38609.76421415,38848.479985184655,38262.46551173701,38648.75213867187,300144.4358999999,0.0,0.0,38648.75213867187,38609.76421415,38848.479985184655,38262.46551173701,0.0004519724976335,0.0009860949719838,-0.0005341224743502,0.0124550074761832,0.005,1.0,0.005729850252667035,2024-10-30
2024-10-29,38685.42339383285,38971.78578665657,38322.61618034632,38767.85580517578,589218.353,0.0,0.0,38767.85580517578,38685.42339383285,38971.78578665657,38322.61618034632,0.0023838246314421,0.0001405716602736,0.0022432529711685,0.0137852452404279,0.005,0.0,-0.0027453001332309324,2024-11-05
2024-10-30,38843.97618402346,39061.66097838167,38595.27165485581,38870.203700878905,472257.4877,0.0,0.0,38870.203700878905,38843.97618402346,39061.66097838167,38595.27165485581,0.0018540782583709,0.0018116118528055,4.246640556540549e-05,0.0103812059663613,0.005,0.0,-0.0053981946882282195,2024-11-04
2024-10-31,38951.44476072715,39191.42121277061,38649.54466817692,38951.33706396485,353186.96559999994,0.0,0.0,38951.33706396485,38951.44476072715,39191.42121277061,38649.54466817692,0.0021117090078895,0.0017454673369881,0.0003662416709013,0.0111723412531151,0.005,0.0,-0.007469892233906261,2024-11-04
2024-11-01,38838.3757885933,39125.53042705077,38500.39826855724,38870.41568710937,1054642.2452999998,0.0,0.0,38870.41568710937,38838.3757885933,39125.53042705077,38500.39826855724,-0.0012962399656417,-0.0026474945761226,0.0013512546104809,0.0127281330125228,0.005,0.0,-0.005403618913408126,2024-11-04
2024-11-04,38816.846795452046,39063.77854139285,38307.12838784307,38660.37477373047,616151.6890999998,0.0,0.0,38660.37477373047,38816.846795452046,39063.77854139285,38307.12838784307,-0.0024769681660677,-0.0004016842343491,-0.0020752839317186,0.015176489674348,0.005,1.0,0.006987926276235346,2024-11-06
2024-11-05,38649.39695073701,39005.254983332605,38450.61428237095,38661.42640546875,390618.5234,0.0,0.0,38661.42640546875,38649.39695073701,39005.254983332605,38450.61428237095,0.0019795387979213,-0.0001842125600589,0.0021637513579802,0.012095047528944,0.005,1.0,0.006960535138302859,2024-11-06
2024-11-06,38864.15258245136,39159.18040128926,38587.898387263725,38930.53062246093,401289.8088,0.0,0.0,38930.53062246093,38864.15258245136,39159.18040128926,38587.898387263725,0.0048438634912567,0.0026967682982488,0.0021470951930078,0.0127848856908612,0.005,1.0,0.006310123760986386,2024-11-11
2024-11-07,38968.556337348855,39364.71166882392,38662.82601693257,39073.12684511719,565137.2049,0.0,0.0,39073.12684511719,38968.556337348855,39364.71166882392,38662.82601693257,0.0027524964443305,8.073411757765448e-05,0.0026717623267528,0.0132550772159022,0.005,0.0,-0.004472669989996403,2024-11-14
2024-11-08,39128.56483612363,39324.983017150735,38826.853196553886,39108.47126972656,436510.4747999999,0.0,0.0,39108.47126972656,39128.56483612363,39324.983017150735,38826.853196553886,-0.0008650373881453,-0.0005682224643746,-0.0002968149237706,0.0121795873868229,0.005,0.0,-0.005372381472437793,2024-11-14
2024-11-11,39085.42344980828,39431.69486407568,38735.72079766917,39176.18708876953,845111.7512999999,0.0,0.0,39176.18708876953,39085.42344980828,39431.69486407568,38735.72079766917,0.0004036680671895,-0.0012462412850777,0.0016499093522672,0.0143577679934207,0.005,0.0,-0.0070915897169446795,2024-11-14
2024-11-12,39168.14490251746,39393.57747945645,38842.82169683482,39093.24275458984,652407.382,0.0,0.0,39093.24275458984,39168.14490251746,39393.57747945645,38842.82169683482,-0.0025613014383368,-0.0007942736115996,-0.0017670278267372,0.011048135905886,0.005,0.0,-0.018101152665068843,2024-11-15
2024-11-13,39093.78434013683,39329.00566035751,38700.7013050546,39101.15642851561,750309.0843999999,188.272,0.0,39101.15642851561,39093.78434013683,39329.00566035751,38700.7013050546,0.0020373802086531,-4.982316729503589e-05,0.0020872033759481,0.0136197865494455,0.005,0.0,-0.00518631170473538,2024-11-14
2024-11-14,39023.417997988414,39289.8252333211,38681.26511282247,38898.36564326171,600660.2077,0.0,0.0,38898.36564326171,39023.417997988414,39289.8252333211,38681.26511282247,-0.0044300857817346,-0.0021167558645665,-0.0023133299171681,0.0121402106851841,0.005,0.0,-0.01318193285157021,2024-11-15
2024-11-15,38783.31568308639,38939.75717080137,38085.80819357266,38385.60999931641,836234.8127,0.0,0.0,38385.60999931641,38783.31568308639,38939.75717080137,38085.80819357266,-0.0089169707799082,-0.0023951119746033,-0.0065218588053049,0.0187950576520353,0.005,0.0,-0.014295942768688175,2024-11-19
2024-11-18,38456.0341432022,38611.6433902259,37803.79104148106,38266.93577734375,726041.9617999999,0.0,0.0,38266.93577734375,38456.0341432022,38611.6433902259,37803.79104148106,-0.0022893589598847,0.0016782385404054,-0.0039675975002901,0.0166483380392039,0.005,0.0,-0.01123905672043346,2024-11-19
2024-11-19,38268.72654550893,38532.13672675248,37746.06387881179,37836.851515625,671502.3957999998,162.0,0.0,37836.851515625,38268.72654550893,38532.13672675248,37746.06387881179,-0.0067640572006873,-0.0006818670175486,-0.0060821901831387,0.0157284676768581,0.005,1.0,0.006809042901163576,2024-11-20
2024-11-20,37832.95219783724,38325.19398959878,37407.78533788479,38094.48426083985,945919.0749999998,0.0,0.0,38094.48426083985,37832.95219783724,38325.19398959878,37407.78533788479,0.0027477353906801,-0.0009659164423794,0.0037136518330596,0.0178712239602187,0.005,1.0,0.005013747817056657,2024-11-25
2024-11-21,38182.92044853314,38387.96058007671,37949.52969088113,38271.95097089844,509062.0341000001,0.0,0.0,38271.95097089844,38182.92044853314,38387.96058007671,37949.52969088113,0.0029754733142128,0.0015460616828702,0.0014294116313427,0.0100065492366548,0.005,1.0,0.008572593433645803,2024-11-28
2024-11-22,38357.12947163501,38537.02778235741,38082.13902597981,38260.23657880859,458643.2441,0.0,0.0,38260.23657880859,38357.12947163501,38537.02778235741,38082.13902597981,1.7169946078916446e-05,0.0011556293086311,-0.0011384593625522,0.0094149302449152,0.005,1.0,0.005131859350310686,2024-11-27
2024-11-25,38277.04092378841,38470.36211814072,38051.66485278666,38285.48039814453,598865.0535,0.0,0.0,38285.48039814453,38277.04092378841,38470.36211814072,38051.66485278666,0.0016619207706693,0.0001109027812769,0.0015510179893924,0.0103588362171103,0.005,1.0,0.008216181306036185,2024-11-28
2024-11-26,38249.92776329963,38585.134289270274,38130.772543101535,38415.87310908204,490050.8592,0.0,0.0,38415.87310908204,38249.92776329963,38585.134289270274,38130.772543101535,0.0019183807373795,-0.0010201854158191,0.0029385661531987,0.0100092771435657,0.005,1.0,0.013019005281037721,2024-11-29
2024-11-27,38412.300447948815,38685.76506265967,38226.46381547424,38456.58273164064,805981.4957999999,0.0,0.0,38456.58273164064,38412.300447948815,38685.76506265967,38226.46381547424,-0.0001165667069832,-0.0004044626740857,0.0002878959671024,0.0093762066935389,0.005,1.0,0.011946636952383294,2024-11-29
2024-11-28,38519.35302832669,38772.13401631516,38321.90477532777,38600.04084648438,510148.8457,8.7,0.0,38600.04084648438,38519.35302832669,38772.13401631516,38321.90477532777,0.0011719712997211,0.0011991696751613,-2.719837544012542e-05,0.0080433917009159,0.005,1.0,0.008185709407332098,2024-11-29
2024-11-29,38619.35665755776,39067.15140989552,38471.671776982446,38916.00956396485,901593.0418000002,0.0,0.0,38916.00956396485,38619.35665755776,39067.15140989552,38471.671776982446,0.003743789765965,-0.0001029676318435,0.0038467573978086,0.0108099681548944,0.005,1.0,0.012912080081275423,2024-12-05
2024-12-02,39030.947748770974,39264.33712436118,38607.91154065111,38898.07230195313,559101.1585999998,28.853755525,0.0,38898.07230195313,39030.947748770974,39264.33712436118,38607.91154065111,0.001549147525595,0.001151592077853,0.000397555447742,0.0134930645567585,0.005,1.0,0.013379169278761038,2024-12-05
2024-12-03,38879.45514628386,39290.70185858275,38647.39546664063,39071.570925390624,653605.1254,0.0,0.0,39071.570925390624,38879.45514628386,39290.70185858275,38647.39546664063,0.0024743813063936,1.7303662978374263e-05,0.0024570776434152,0.0121448506285664,0.005,1.0,0.008879225029633231,2024-12-05
2024-12-04,39165.86318545504,39412.35348142519,38838.182799458526,39037.16933261719,713042.0799000001,1.75,0.0,39037.16933261719,39165.86318545504,39412.35348142519,38838.182799458526,-0.0012084907733777,0.00181381894191,-0.0030223097152878,0.0096659894357884,0.005,1.0,0.009768302102853621,2024-12-05
2024-12-05,38977.30558018328,39724.67120727069,38848.91757835831,39418.49619589844,986075.0480000002,0.0,0.0,39418.49619589844,38977.30558018328,39724.67120727069,38848.91757835831,0.0073959112320628,-0.0010523117569018,0.0084482229889647,0.0155005297996064,0.005,1.0,0.005801727796059142,2024-12-06
2024-12-06,39591.83952756187,39943.69631961187,39204.15865028225,39647.19158095704,959019.1237,0.0,0.0,39647.19158095704,39591.83952756187,39943.69631961187,39204.15865028225,0.0038373874521113,0.0023503551797804,0.0014870322723309,0.0139332131822324,0.005,0.0,0.0012644329972981705,2024-12-13
2024-12-09,39646.23041699307,40147.97531344462,39279.06340976478,39712.07626728516,674821.3981999999,0.0,0.0,39712.07626728516,39646.23041699307,40147.97531344462,39279.06340976478,0.0020690303639442,-0.0008477025120584,0.0029167328760025,0.0164457001402128,0.005,0.0,0.002847133244749056,2024-12-16
2024-12-10,39785.334029081205,40094.86524029586,39370.45000652475,39844.92199853517,563550.58,0.0,0.0,39844.92199853517,39785.334029081205,40094.86524029586,39370.45000652475,0.0021188502833375,0.000787372327094,0.0013314779562434,0.0145832683960834,0.005,0.0,-0.0036765549649256934,2024-12-17
2024-12-11,39941.56977214269,40171.25574284507,39667.91825203134,39835.40916777344,623443.5527999998,0.0,0.0,39835.40916777344,39941.56977214269,40171.25574284507,39667.91825203134,-0.0010478419319639,0.0010724968247202,-0.0021203387566842,0.0106057914415067,0.005,0.0,0.0004853529805326495,2024-12-18
2024-12-12,39712.84916917536,40051.02739975839,39413.28360135719,39691.44733359375,568481.3646999999,0.0,0.0,39691.44733359375,39712.84916917536,40051.02739975839,39413.28360135719,-0.003385172872211,-0.0030619493025516,-0.0003232235696593,0.0128228717932379,0.005,0.0,0.0012343226890205727,2024-12-19
2024-12-13,39637.37306686098,39930.30157817888,39418.4491706127,39697.3227982422,509399.6118000001,0.0,0.0,39697.3227982422,39637.37306686098,39930.30157817888,39418.4491706127,0.0004841147600098,-0.0011982601845317,0.0016823749445416,0.0103676871335498,0.005,0.0,0.001117007891865196,2024-12-20
2024-12-16,39941.42767225302,40135.79156234666,39496.98977796594,39825.14183984376,442732.3423,0.0,0.0,39825.14183984376,39941.42767225302,40135.79156234666,39496.98977796594,0.0020715942161275,0.0032499037470809,-0.0011783095309533,0.0128751252298228,0.005,1.0,0.013386346935651439,2024-12-23
2024-12-17,39725.95888884638,40006.82865212411,39495.39361003594,39698.429952734376,536512.7927999999,0.0,0.0,39698.429952734376,39725.95888884638,40006.82865212411,39495.39361003594,-0.0010425178546018,-0.0013488718788465,0.0003063540242447,0.0099091894851262,0.005,1.0,0.016620935722764463,2024-12-23
2024-12-18,39709.60833879376,40020.95151398376,39579.181213892734,39854.74340234375,434501.9408,0.0,0.0,39854.74340234375,39709.60833879376,40020.95151398376,39579.181213892734,0.0033336812271908,4.652284704151431e-06,0.0033290289424867,0.009457833895521,0.005,1.0,0.012633668164579781,2024-12-23
2024-12-19,39592.4329953732,40010.50845490802,39341.22902833424,39740.43938759767,793907.1594999998,0.0,0.0,39740.43938759767,39592.4329953732,40010.50845490802,39341.22902833424,-0.002660989563019,-0.005196809142602,0.002535819579583,0.0140088025316712,0.005,1.0,0.015546270428720588,2024-12-23
2024-12-20,39762.70714565686,40103.5408320936,39475.249459405815,39741.66502109376,537791.1827,0.0,0.0,39741.66502109376,39762.70714565686,40103.5408320936,39475.249459405815,0.0003641488499676,0.0004641853513698,-0.0001000365014021,0.0134372797976938,0.005,1.0,0.015514950967766783,2024-12-23
2024-12-23,40006.6293827164,40608.86927181968,39750.72273381825,40358.25500527344,669913.8312000001,176.70000000000002,0.0,40358.25500527344,40006.6293827164,40608.86927181968,39750.72273381825,0.0115600823174188,0.0054039320626878,0.006156150254731,0.0172380454437698,0.005,1.0,0.010778760820436828,2024-12-24
2024-12-24,40465.98139288632,41018.36670347272,40161.35383477026,40793.26698310547,714078.8535,41.0,0.0,40793.26698310547,40465.98139288632,41018.36670347272,40161.35383477026,0.006709903313415,0.0016936643073787,0.0050162390060362,0.017207581449075,0.005,1.0,0.00520304831316265,2024-12-25
2024-12-25,40883.65210656107,41310.88332842254,40512.00352091858,41005.51632207032,673381.4955000001,0.0,0.0,41005.51632207032,40883.65210656107,41310.88332842254,40512.00352091858,0.0040872689643457,0.0015268808052944,0.0025603881590513,0.0161791152652187,0.005,0.0,-0.00586474090027489,2024-12-26
2024-12-26,41104.47465558698,41245.56047572676,40514.61132800717,40765.02959335938,491159.6606,196.84000000000003,0.0,40765.02959335938,41104.47465558698,41245.56047572676,40514.61132800717,-0.0024989000675901,0.0014125510755441,-0.0039114511431342,0.0146443850231722,0.005,1.0,0.005934161391740966,2024-12-27
2024-12-27,40822.65295028741,41398.86384090833,40365.58546820247,41006.93585810547,640112.2427000001,0.0,0.0,41006.93585810547,40822.65295028741,41398.86384090833,40365.58546820247,0.0021387778700478,0.0015004507348528,0.0006383271351949,0.0205856180965214,0.005,0.0,-0.005996727727908824,2024-12-30
2024-12-30,40887.46638652407,41064.20673734501,40445.63569070599,40761.02842880859,377041.7684,0.0,0.0,40761.02842880859,40887.46638652407,41064.20673734501,40445.63569070599,-0.0043542897856556,-0.0018731207249257,-0.0024811690607299,0.0124843861614286,0.005,1.0,0.1590656196818625,2025-12-26
