time,open,high,low,close,volume,Dividends,Stock Splits,close_adj,open_adj,high_adj,low_adj,log_return,overnight_return,intraday_return,hl_log_range
2018-01-01,,,,,,,,,,,,,,,
2018-01-02,,,,,,,,,,,,,,,
2018-01-03,,,,,,,,,,,,,,,
2018-01-04,,,,,,,,,,,,,,,
2018-01-05,,,,,,,,,,,,,,,
2018-01-08,,,,,,,,,,,,,,,
2018-01-09,,,,,,,,,,,,,,,
2018-01-10,,,,,,,,,,,,,,,
2018-01-11,,,,,,,,,,,,,,,
2018-01-12,,,,,,,,,,,,,,,
2018-01-15,,,,,,,,,,,,,,,
2018-01-16,,,,,,,,,,,,,,,
2018-01-17,,,,,,,,,,,,,,,
2018-01-18,,,,,,,,,,,,,,,
2018-01-19,,,,,,,,,,,,,,,
2018-01-22,,,,,,,,,,,,,,,
2018-01-23,,,,,,,,,,,,,,,
2018-01-24,,,,,,,,,,,,,,,
2018-01-25,,,,,,,,,,,,,,,
2018-01-26,,,,,,,,,,,,,,,
2018-01-29,,,,,,,,,,,,,,,
2018-01-30,,,,,,,,,,,,,,,
2018-01-31,,,,,,,,,,,,,,,
2018-02-01,,,,,,,,,,,,,,,
2018-02-02,,,,,,,,,,,,,,,
2018-02-05,,,,,,,,,,,,,,,
2018-02-06,,,,,,,,,,,,,,,
2018-02-07,,,,,,,,,,,,,,,
2018-02-08,,,,,,,,,,,,,,,
2018-02-09,,,,,,,,,,,,,,,
2018-02-12,,,,,,,,,,,,,,,
2018-02-13,,,,,,,,,,,,,,,
2018-02-14,,,,,,,,,,,,,,,
2018-02-15,,,,,,,,,,,,,,,
2018-02-16,,,,,,,,,,,,,,,
2018-02-19,,,,,,,,,,,,,,,
2018-02-20,,,,,,,,,,,,,,,
2018-02-21,,,,,,,,,,,,,,,
2018-02-22,,,,,,,,,,,,,,,
2018-02-23,,,,,,,,,,,,,,,
2018-02-26,,,,,,,,,,,,,,,
2018-02-27,,,,,,,,,,,,,,,
2018-02-28,,,,,,,,,,,,,,,
2018-03-01,,,,,,,,,,,,,,,
2018-03-02,,,,,,,,,,,,,,,
2018-03-05,,,,,,,,,,,,,,,
2018-03-06,,,,,,,,,,,,,,,
2018-03-07,,,,,,,,,,,,,,,
2018-03-08,,,,,,,,,,,,,,,
2018-03-09,,,,,,,,,,,,,,,
2018-03-12,,,,,,,,,,,,,,,
2018-03-13,,,,,,,,,,,,,,,
2018-03-14,,,,,,,,,,,,,,,
2018-03-15,,,,,,,,,,,,,,,
2018-03-16,,,,,,,,,,,,,,,
2018-03-19,,,,,,,,,,,,,,,
2018-03-20,,,,,,,,,,,,,,,
2018-03-21,,,,,,,,,,,,,,,
2018-03-22,,,,,,,,,,,,,,,
2018-03-23,,,,,,,,,,,,,,,
2018-03-26,,,,,,,,,,,,,,,
2018-03-27,,,,,,,,,,,,,,,
2018-03-28,,,,,,,,,,,,,,,
2018-03-29,,,,,,,,,,,,,,,
2018-03-30,,,,,,,,,,,,,,,
2018-04-02,,,,,,,,,,,,,,,
2018-04-03,,,,,,,,,,,,,,,
2018-04-04,,,,,,,,,,,,,,,
2018-04-05,,,,,,,,,,,,,,,
2018-04-06,,,,,,,,,,,,,,,
2018-04-09,,,,,,,,,,,,,,,
2018-04-10,,,,,,,,,,,,,,,
2018-04-11,,,,,,,,,,,,,,,
2018-04-12,,,,,,,,,,,,,,,
2018-04-13,,,,,,,,,,,,,,,
2018-04-16,,,,,,,,,,,,,,,
2018-04-17,,,,,,,,,,,,,,,
2018-04-18,,,,,,,,,,,,,,,
2018-04-19,,,,,,,,,,,,,,,
2018-04-20,,,,,,,,,,,,,,,
2018-04-23,,,,,,,,,,,,,,,
2018-04-24,,,,,,,,,,,,,,,
2018-04-25,,,,,,,,,,,,,,,
2018-04-26,,,,,,,,,,,,,,,
2018-04-27,,,,,,,,,,,,,,,
2018-04-30,,,,,,,,,,,,,,,
2018-05-01,,,,,,,,,,,,,,,
2018-05-02,,,,,,,,,,,,,,,
2018-05-03,,,,,,,,,,,,,,,
2018-05-04,,,,,,,,,,,,,,,
2018-05-07,,,,,,,,,,,,,,,
2018-05-08,,,,,,,,,,,,,,,
2018-05-09,,,,,,,,,,,,,,,
2018-05-10,,,,,,,,,,,,,,,
2018-05-11,,,,,,,,,,,,,,,
2018-05-14,,,,,,,,,,,,,,,
2018-05-15,,,,,,,,,,,,,,,
2018-05-16,,,,,,,,,,,,,,,
2018-05-17,,,,,,,,,,,,,,,
2018-05-18,,,,,,,,,,,,,,,
2018-05-21,,,,,,,,,,,,,,,
2018-05-22,,,,,,,,,,,,,,,
2018-05-23,,,,,,,,,,,,,,,
2018-05-24,,,,,,,,,,,,,,,
2018-05-25,,,,,,,,,,,,,,,
2018-05-28,,,,,,,,,,,,,,,
2018-05-29,,,,,,,,,,,,,,,
2018-05-30,,,,,,,,,,,,,,,
2018-05-31,,,,,,,,,,,,,,,
2018-06-01,,,,,,,,,,,,,,,
2018-06-04,,,,,,,,,,,,,,,
2018-06-05,,,,,,,,,,,,,,,
2018-06-06,,,,,,,,,,,,,,,
2018-06-07,,,,,,,,,,,,,,,
2018-06-08,,,,,,,,,,,,,,,
2018-06-11,,,,,,,,,,,,,,,
2018-06-12,,,,,,,,,,,,,,,
2018-06-13,,,,,,,,,,,,,,,
2018-06-14,,,,,,,,,,,,,,,
2018-06-15,,,,,,,,,,,,,,,
2018-06-18,,,,,,,,,,,,,,,
2018-06-19,,,,,,,,,,,,,,,
2018-06-20,,,,,,,,,,,,,,,
2018-06-21,,,,,,,,,,,,,,,
2018-06-22,,,,,,,,,,,,,,,
2018-06-25,,,,,,,,,,,,,,,
2018-06-26,,,,,,,,,,,,,,,
2018-06-27,,,,,,,,,,,,,,,
2018-06-28,,,,,,,,,,,,,,,
2018-06-29,,,,,,,,,,,,,,,
2018-07-02,,,,,,,,,,,,,,,
2018-07-03,,,,,,,,,,,,,,,
2018-07-04,,,,,,,,,,,,,,,
2018-07-05,,,,,,,,,,,,,,,
2018-07-06,,,,,,,,,,,,,,,
2018-07-09,,,,,,,,,,,,,,,
2018-07-10,,,,,,,,,,,,,,,
2018-07-11,,,,,,,,,,,,,,,
2018-07-12,,,,,,,,,,,,,,,
2018-07-13,,,,,,,,,,,,,,,
2018-07-16,,,,,,,,,,,,,,,
2018-07-17,,,,,,,,,,,,,,,
2018-07-18,,,,,,,,,,,,,,,
2018-07-19,,,,,,,,,,,,,,,
2018-07-20,,,,,,,,,,,,,,,
2018-07-23,,,,,,,,,,,,,,,
2018-07-24,,,,,,,,,,,,,,,
2018-07-25,,,,,,,,,,,,,,,
2018-07-26,,,,,,,,,,,,,,,
2018-07-27,,,,,,,,,,,,,,,
2018-07-30,,,,,,,,,,,,,,,
2018-07-31,,,,,,,,,,,,,,,
2018-08-01,,,,,,,,,,,,,,,
2018-08-02,,,,,,,,,,,,,,,
2018-08-03,20191.156457873265,20421.404645607745,19887.8205254151,20114.427563720707,211884.85439999998,0.0,0.0,20114.427563720707,20191.156457873265,20421.404645607745,19887.8205254151,,,-0.003652279561248333,0.0241866691664123
2018-08-06,20199.46519760544,20297.617720593174,19955.048122835,20112.365333544923,156676.33390000003,0.0,0.0,20112.365333544923,20199.46519760544,20297.617720593174,19955.048122835,0.003176416260888968,0.006589211351932441,-0.0034127950910434832,0.01837257847090093
2018-08-07,20125.795605088955,20265.70187541376,19776.39660232013,20029.837178906248,215860.75149999998,26.599999999999998,0.02507,20029.837178906248,20125.795605088955,20265.70187541376,19776.39660232013,-0.002155150917510398,0.0025030303732520268,-0.004658181290762423,0.02613770376850862
2018-08-08,20003.01602617112,20352.167668448616,19834.368113076933,20141.198690722656,216246.167,0.0,0.0,20141.198690722656,20003.01602617112,20352.167668448616,19834.368113076933,0.00718642957310283,-0.0006146932820312892,0.007801122855134132,0.02338383622834064
2018-08-09,20116.19004005087,20551.474964310662,19953.860931218118,20396.58246533203,273062.43360000005,0.0,0.0,20396.58246533203,20116.19004005087,20551.474964310662,19953.860931218118,0.0017032296814477822,-0.0021841425805054424,0.0038873722619532404,0.02378177209191849
2018-08-10,20428.607549391927,20552.91031743209,20134.138592552474,20372.465461181637,229399.7825,85.05,0.0,20372.465461181637,20428.607549391927,20552.91031743209,20134.138592552474,-0.003257058898764315,0.0011448030132219869,-0.004401861911986306,0.018950615138720896
2018-08-13,20341.62936867726,20576.23908519283,20138.911601728752,20405.00837900391,251073.22269999995,0.0,0.0,20405.00837900391,20341.62936867726,20576.23908519283,20138.911601728752,0.001978749393635092,-0.0005826402936709258,0.0025613896873059898,0.02156213545086039
2018-08-14,20469.001443059544,20566.680602140597,20201.132429843157,20485.456343017584,393087.5309,0.0,0.0,20485.456343017584,20469.001443059544,20566.680602140597,20201.132429843157,0.003673144348072643,0.0026912325908661815,0.0009819117572064766,0.016289915533196198
2018-08-15,20542.54514976615,20685.8713095187,20323.888563609413,20501.179464355468,349646.30980000005,0.0,0.0,20501.179464355468,20542.54514976615,20685.8713095187,20323.888563609413,-0.001689574530609668,0.0023852949571315056,-0.004074869487741163,0.01643432390079437
2018-08-16,20506.18190388993,20641.976854417037,20199.021761258715,20574.812244726563,313727.8987,12.703345333,0.0,20574.812244726563,20506.18190388993,20641.976854417037,20199.021761258715,0.0029727413108812475,0.0014567403340970935,0.0015160009767841685,0.019680792576712805
2018-08-17,20584.513380886016,20709.323895455804,20367.596877799544,20553.37470888672,258923.0791,0.0,0.0,20553.37470888672,20584.513380886016,20709.323895455804,20367.596877799544,-0.0009547901007280232,0.0011971110387768466,-0.0021519011395048655,0.01826209819123272
2018-08-20,20475.306572807112,20692.108064670392,20334.0087531987,20593.235741210934,309518.20399999997,0.0,0.0,20593.235741210934,20475.306572807112,20692.108064670392,20334.0087531987,0.004813093521429462,0.0012455427564193066,0.003567550765010168,0.019065074141353906
2018-08-21,20643.988878455148,20735.37340314272,20422.771076735098,20641.578162499998,250100.45360000004,0.0,0.0,20641.578162499998,20643.988878455148,20735.37340314272,20422.771076735098,0.002686910880867489,0.002152204208745877,0.0005347066721215852,0.013805365808543447
2018-08-22,20655.216000841756,20786.739868313813,20518.47277050888,20691.84578212891,321123.0075,0.0,0.0,20691.84578212891,20655.216000841756,20786.739868313813,20518.47277050888,0.002140281456774571,-2.931274590033269e-05,0.002169594202674894,0.0122491310439417
2018-08-23,20612.98097976789,20808.43424013861,20502.107727353046,20728.55675605469,371837.6401,0.0,0.0,20728.55675605469,20612.98097976789,20808.43424013861,20502.107727353046,0.0024391081126996384,-0.003269516097911117,0.005708624210610741,0.016839205379049316
2018-08-24,20674.36158339039,20868.39015046579,20538.649608467582,20777.58496865234,253764.81670000002,0.0,0.0,20777.58496865234,20674.36158339039,20868.39015046579,20538.649608467582,0.003667688319134501,-0.0019595536851646188,0.00562724200429914,0.016918988709446362
2018-08-27,20766.372361300353,21116.884639524298,20572.226449141734,20897.713535302737,286685.2681,0.0,0.0,20897.713535302737,20766.372361300353,21116.884639524298,20572.226449141734,0.0010836033868670731,-0.003841863094923133,0.004925466481790209,0.0212485647482272
2018-08-28,20926.556745971742,21126.73251123771,20758.900561399798,20997.144387451175,289007.58309999993,0.0,0.0,20997.144387451175,20926.556745971742,21126.73251123771,20758.900561399798,0.001392878986675521,0.0022650859764395334,-0.0008722069897639856,0.016977934455766345
2018-08-29,21007.492751081114,21219.37010683814,20838.115636514278,21134.7361237793,205753.23219999997,0.0,0.0,21134.7361237793,21007.492751081114,21219.37010683814,20838.115636514278,0.00548241382847053,0.0017204417421310219,0.0037619720863395056,0.016469279067436164
2018-08-30,21005.93093118036,21309.567292573778,20865.82510073002,21187.05645693359,216262.16760000002,161.28479417,0.03978,21187.05645693359,21005.93093118036,21309.567292573778,20865.82510073002,0.0024547940760849254,-0.004487883037043166,0.0069426771131281,0.020578379196803245
2018-08-31,21198.8190324436,21346.16545379064,20963.465120591638,21203.566490478515,312831.50299999997,0.0,0.0,21203.566490478515,21198.8190324436,21346.16545379064,20963.465120591638,0.001117581702929082,-0.00046516466121397524,0.0015827463641430587,0.02019091086452954
2018-09-03,21203.566490478515,21203.566490478515,21203.566490478515,21203.566490478515,0.0,0.0,0.0,21203.566490478515,21203.566490478515,21203.566490478515,21203.566490478515,0.0,-1.1102230246251566e-18,2.2204460492503127e-18,2.2204460492503127e-18
2018-09-04,21204.770669049805,21370.222016138658,20972.50369546053,21131.604422851564,275246.04089999996,0.0,0.0,21131.604422851564,21204.770669049805,21370.222016138658,20972.50369546053,-0.0033652324240123974,-0.002289598736706948,-0.001075633687305459,0.019251286052689325
2018-09-05,21142.56632514597,21265.96471648996,20909.15016962757,21063.03413242188,324184.8675,17.85,0.0,21063.03413242188,21142.56632514597,21265.96471648996,20909.15016962757,-0.0007333125083128434,0.0006804338154418212,-0.0014137463237546494,0.01693025402134109
2018-09-06,21018.16780370419,21150.011694918296,20823.660929248315,20984.05339482422,313261.33980000013,98.7,0.0,20984.05339482422,21018.16780370419,21150.011694918296,20823.660929248315,-0.003843277593362855,2.9634133906623374e-06,-0.003846241006753511,0.015433249518809672
2018-09-07,20925.21474727617,21152.667165110997,20834.263095993647,21054.225972558594,253319.3063,0.0,0.0,21054.225972558594,20925.21474727617,21152.667165110997,20834.263095993647,0.004973412175542423,-0.00011512578211375274,0.005088537957656186,0.014331820557476631
2018-09-10,20977.396663788808,21157.63186264431,20809.046927666037,21032.52394033203,170763.30679999996,0.0,0.0,21032.52394033203,20977.396663788808,21157.63186264431,20809.046927666037,-0.0015895066176235743,-0.005116675750472759,0.0035271691328491797,0.015901945053742688
2018-09-11,21090.090478170965,21246.91775688493,20886.68945107672,21135.93313652344,366611.09489999997,0.0,0.0,21135.93313652344,21090.090478170965,21246.91775688493,20886.68945107672,0.009009072014653128,0.001969271451140321,0.0070398005635128056,0.018319954470475353
2018-09-12,21147.64647131391,21322.6101921422,20956.986426292588,21105.855859228508,304507.2752,0.0,0.0,21105.855859228508,21147.64647131391,21322.6101921422,20956.986426292588,-0.0019141891295702937,0.001863818205490727,-0.0037780073350610188,0.01807217403472559
2018-09-13,21057.153930022687,21266.365264452907,20896.815527649167,21076.774757617186,281499.9167,8.52,0.0,21076.774757617186,21057.153930022687,21266.365264452907,20896.815527649167,0.0004386576979272458,0.00034718884636685877,9.14688515603751e-05,0.018428354418112802
2018-09-14,21090.050965519993,21448.89862487083,20995.37696677598,21240.638118847655,528140.5664,0.0,0.0,21240.638118847655,21090.050965519993,21448.89862487083,20995.37696677598,0.008457856651847027,0.0010709575608339693,0.007386899091013049,0.020576133021150626
2018-09-17,21353.834442129995,21544.598256398138,21089.787834098264,21291.573370214846,293140.0004999999,0.0,0.0,21291.573370214846,21353.834442129995,21544.598256398138,21089.787834098264,0.0029467242913862415,0.0050114448445768576,-0.002064720553190591,0.022584898148265236
2018-09-18,21301.10857747999,21515.994482973183,21133.18204198175,21388.548607958986,338047.17710000003,0.0,0.0,21388.548607958986,21301.10857747999,21515.994482973183,21133.18204198175,0.004234405870600489,-0.0012418253327494719,0.0054762312033499495,0.019298635885640777
2018-09-19,21401.80148536876,21522.097970811592,21233.844219431245,21329.660725976562,432075.81350000005,0.0,0.0,21329.660725976562,21401.80148536876,21522.097970811592,21233.844219431245,0.00020037979843641967,0.0001817162753096438,1.8663523126779885e-05,0.01571068145510851
2018-09-20,21352.019024853893,21574.128071234372,21208.40725383678,21418.850955419915,335176.9703,40.35,0.0,21418.850955419915,21352.019024853893,21574.128071234372,21208.40725383678,0.004607116153380663,0.0022310569688956633,0.002376059184485007,0.015085065990871121
2018-09-21,21359.98259357632,21570.89815288072,21173.336969803582,21382.83486293945,471867.77929999994,0.0,0.0,21382.83486293945,21359.98259357632,21570.89815288072,21173.336969803582,-0.003685224927353127,-0.004237162461967107,0.0005519375346139711,0.01715098113246275
2018-09-24,21472.78881311356,21648.221118443784,21309.409101789228,21511.276520117182,328350.3361,0.0,0.0,21511.276520117182,21472.78881311356,21648.221118443784,21309.409101789228,0.006687982115732263,0.0031992244047561753,0.003488757710976095,0.016121439160307924
2018-09-25,21530.892570466953,21641.526226117632,21318.272245466826,21514.140554003905,307954.7265,0.0,0.0,21514.140554003905,21530.892570466953,21641.526226117632,21318.272245466826,0.0005506394546391204,0.0010367315921177385,-0.0004860921374786021,0.013948067971312967
2018-09-26,21457.56107547537,21867.50460103749,21362.37105473285,21720.569091357418,433047.3654,0.0,0.0,21720.569091357418,21457.56107547537,21867.50460103749,21362.37105473285,0.009738127849237645,-0.002844111791664996,0.012582239640902639,0.022404545774526562
2018-09-27,21670.02582238518,21953.095981489885,21554.969738465217,21817.66446762695,375514.72799999994,0.0,0.0,21817.66446762695,21670.02582238518,21953.095981489885,21554.969738465217,0.002759644337603979,-0.004139998319745006,0.006899642657348994,0.018744172513520542
2018-09-28,21822.368273262156,22116.906861469786,21626.812375533693,21980.44458623046,307512.6969,0.0,0.0,21980.44458623046,21822.368273262156,22116.906861469786,21626.812375533693,0.006689034140887692,-0.0017181946257544063,0.00840722876664209,0.023989815425133523
2018-10-01,21872.50065851863,22003.601858120255,21612.749535190127,21815.54103984375,333361.05059999996,0.0,0.0,21815.54103984375,21872.50065851863,22003.601858120255,21612.749535190127,-0.006114436419616686,-0.002831619131905737,-0.0032828172877109657,0.019491850860988407
2018-10-02,21818.597684354027,22118.709248040253,21632.625394261824,22002.796609570305,371936.2305,0.0,0.0,22002.796609570305,21818.597684354027,22118.709248040253,21632.625394261824,0.005893269737385937,0.0015933517181478127,0.004299918019238111,0.01941600734051814
2018-10-03,22040.635634592218,22286.049361429214,21911.642096498876,22122.677674462884,233350.31420000002,28.6,0.0,22122.677674462884,22040.635634592218,22286.049361429214,21911.642096498876,0.0056890544227269114,0.0036012546114299023,0.002087799811297015,0.01761351248289985
2018-10-04,22090.01902660438,22281.953358401977,21982.03395160007,22156.29025849609,288404.2504,0.0,0.0,22156.29025849609,22090.01902660438,22281.953358401977,21982.03395160007,0.0018163867349036498,-0.003452291546198993,0.0052686782811026634,0.015248311977012562
2018-10-05,22059.52158010452,22410.823082906634,21854.699950539656,22155.58488222656,382995.8678,0.0,0.0,22155.58488222656,22059.52158010452,22410.823082906634,21854.699950539656,0.0015940800513616674,-0.003222301175708579,0.004816381227070281,0.026968069781722094
2018-10-08,22077.294065215254,22290.275782233086,21880.26836647508,22114.02796669922,275016.71249999997,0.0,0.0,22114.02796669922,22077.294065215254,22290.275782233086,21880.26836647508,-0.002426669934647938,-0.0028184093871740216,0.000391739452526056,0.018724654937673835
2018-10-09,22037.38384250564,22205.456117036825,21773.740844449287,22067.56955195313,256312.0837,57.019230085,0.061672,22067.56955195313,22037.38384250564,22205.456117036825,21773.740844449287,-0.0004284160938940072,-0.0014414477985867354,0.0010130317046927128,0.0183608310025239
2018-10-10,21981.21811567196,22179.72158091961,21564.229979059073,21810.430908154303,368521.448,0.0,0.0,21810.430908154303,21981.21811567196,22179.72158091961,21564.229979059073,-0.014548197804672905,-0.0036782563715652477,-0.010869941433107655,0.027841175069852266
2018-10-11,21534.40640008259,21654.631959164213,20966.71123643459,21254.245139355466,913556.2690000001,0.0,0.0,21254.245139355466,21534.40640008259,21654.631959164213,20966.71123643459,-0.028055789202420394,-0.013936140930468199,-0.014119648271952206,0.029848883767376017
2018-10-12,21051.169912165053,21557.35088605153,20880.510257690807,21504.51352246094,387789.3472,0.0,0.0,21504.51352246094,21051.169912165053,21557.35088605153,20880.510257690807,0.013853109476260578,-0.008383683098357244,0.02223679257461783,0.03213738927529356
2018-10-15,21480.05869022839,21660.323567471627,21236.11733055086,21462.981625390625,298093.44269999996,0.0,0.0,21462.981625390625,21480.05869022839,21660.323567471627,21236.11733055086,-0.004676722556200905,-0.0001407337525822477,-0.0045359888036186555,0.017905696412399353
2018-10-16,21452.70105968839,21698.585303847824,21309.9459414746,21515.36992011719,192473.5641,51.00000000000001,0.0,21515.36992011719,21452.70105968839,21698.585303847824,21309.9459414746,0.0011179240931299547,0.0014422394471283908,-0.0003243153539984565,0.018373272381880978
2018-10-17,21633.523308934346,21799.373902064195,21459.520479149334,21690.372992773435,236116.87170000002,0.0,0.0,21690.372992773435,21633.523308934346,21799.373902064195,21459.520479149334,0.008609996431782606,0.007124117789948139,0.0014858786418344503,0.015120155414326859
2018-10-18,21674.61865645835,21785.40374880435,21438.77288897078,21597.73615234375,265287.8841,0.0,0.0,21597.73615234375,21674.61865645835,21785.40374880435,21438.77288897078,-0.002834575544771037,-0.0005890908923739076,-0.0022454846523971266,0.017807989078884475
2018-10-19,21430.766550960347,21668.17681240885,21265.9369404533,21514.561642480476,295287.0108,0.0,0.0,21514.561642480476,21430.766550960347,21668.17681240885,21265.9369404533,-0.002651222114137258,-0.00783241941002101,0.005181197295883744,0.017108459834070982
2018-10-22,21502.149551488583,21656.402076371305,21243.793502267567,21381.226710253904,247379.91629999998,0.0,0.0,21381.226710253904,21502.149551488583,21656.402076371305,21243.793502267567,-0.009096233140086058,-0.002396372961958366,-0.006699860178127692,0.016965873933009763
2018-10-23,21396.508513175704,21495.482104825674,20937.081351371275,21246.544957714847,432812.9739,0.0,0.0,21246.544957714847,21396.508513175704,21495.482104825674,20937.081351371275,-0.00948315895966323,0.0003779697815432168,-0.009861128741206437,0.025058700682585762
2018-10-24,21221.014834290905,21414.98426548928,21028.281781007667,21144.870801953122,284275.9372,39.9,0.0,21144.870801953122,21221.014834290905,21414.98426548928,21028.281781007667,-0.0069288677237027115,-0.0011387019970505662,-0.005790165726652125,0.019613794846174235
2018-10-25,20520.139284357552,21128.72276752807,20409.59341512047,20932.037743554683,434458.3444,0.0,0.0,20932.037743554683,20520.139284357552,21128.72276752807,20409.59341512047,-0.010532912482492308,-0.027556549827951207,0.01702363734545892,0.03626072095522997
2018-10-26,21009.553638272588,21235.123542946763,20711.895416457897,20919.671244238278,318362.9986,0.0,0.0,20919.671244238278,21009.553638272588,21235.123542946763,20711.895416457897,-0.0017148092658334458,0.005554752934841184,-0.0072695622006746195,0.026253214727795945
2018-10-29,20907.835686831713,21049.276168048484,20733.51439523339,20830.61582519531,281545.00099999993,0.0,0.0,20830.61582519531,20907.835686831713,21049.276168048484,20733.51439523339,-0.004070144013830872,-0.0004920596382335225,-0.003578084375597345,0.016491828422172
2018-10-30,20817.458666587503,21047.837891239345,20344.544862115436,20873.653544531255,283929.75909999997,0.0,0.0,20873.653544531255,20817.458666587503,21047.837891239345,20344.544862115436,0.0015384150774197729,0.0005338199412036849,0.0010045951362160992,0.027487708016379713
2018-10-31,20942.08179329285,21125.987308806045,20714.566665875056,21074.56834238282,230270.36649999995,0.0,0.0,21074.56834238282,20942.08179329285,21125.987308806045,20714.566665875056,0.012832364282136483,0.005033662637386337,0.007798701644750142,0.018171634126372533
2018-11-01,21072.149992365506,21231.720209185674,20773.39715689554,21033.615043164067,253789.5379,0.0,0.0,21033.615043164067,21072.149992365506,21231.720209185674,20773.39715689554,-0.002966204250814657,-0.0015384691592015495,-0.001427735091613097,0.020818042419300024
2018-11-02,21137.02088993032,21333.352238885214,20848.401025609233,21211.69366386719,252584.5759,0.0,0.0,21211.69366386719,21137.02088993032,21333.352238885214,20848.401025609233,0.013136272958145748,0.01000430145701073,0.0031319715011349954,0.021959624057760013
2018-11-05,21112.038981659516,21324.994630801833,20877.58170118348,21146.643261083987,190321.7936,0.0,0.0,21146.643261083987,21112.038981659516,21324.994630801833,20877.58170118348,-0.003027458675913452,-0.002622577585956718,-0.0004048810899567502,0.020021854980881285
2018-11-06,21182.678035630695,21434.86494328295,20927.26799263935,21231.65549106445,229400.40239999996,0.0,0.0,21231.65549106445,21182.678035630695,21434.86494328295,20927.26799263935,0.0012197515387667671,0.0015686062743181916,-0.00034885473555143324,0.024001794230055506
2018-11-07,21250.451807062233,21397.28371572699,20980.6843340873,21240.620880859376,233301.69829999996,0.0,0.0,21240.620880859376,21250.451807062233,21397.28371572699,20980.6843340873,-0.0015036058340379393,0.0013583458367445232,-0.0028619516707824857,0.01654482065079277
2018-11-08,21317.60691586304,21521.150733786504,21103.487150348567,21345.81047548828,249994.99029999995,0.0,0.0,21345.81047548828,21317.60691586304,21521.150733786504,21103.487150348567,0.005870589486481848,0.005979530708669906,-0.00010894122218805635,0.020473463449023878
2018-11-09,21312.259875050935,21483.58441612855,21082.73786087083,21285.702594042967,242595.65429999997,0.0,0.0,21285.702594042967,21312.259875050935,21483.58441612855,21082.73786087083,-0.004578590813343336,0.000746567658159103,-0.0053251584715024594,0.020393044416763165
2018-11-12,21193.73922112283,21594.060396783927,20987.01375005888,21426.574088281253,173328.6338,0.0,0.0,21426.574088281253,21193.73922112283,21594.060396783927,20987.01375005888,0.0040243899776122105,-0.0028982722374756,0.0069226622150878134,0.022742686069729075
2018-11-13,21257.923143936452,21740.52251583919,21091.04746528157,21496.036483984382,293540.32540000003,0.0,0.0,21496.036483984382,21257.923143936452,21740.52251583919,21091.04746528157,-0.002877449883970859,-0.007663660378966583,0.004786210494995731,0.02569801536513807
2018-11-14,21584.155892790695,21892.500075126718,21368.284758627604,21571.16188232422,247255.52380000002,0.0,0.0,21571.16188232422,21584.155892790695,21892.500075126718,21368.284758627604,-0.0005410063559564381,0.005203905374995598,-0.0057449117309519996,0.02255216709716777
2018-11-15,21552.816019255082,21944.351092968063,21362.128366644505,21702.218486523445,222974.98339999997,0.0,0.0,21702.218486523445,21552.816019255082,21944.351092968063,21362.128366644505,0.007944960516198763,0.0008546416602343533,0.007090318855964391,0.023275329323621058
2018-11-16,21755.268292243378,21986.430622575594,21483.925593731517,21694.87442324219,268370.59729999996,0.0,0.0,21694.87442324219,21755.268292243378,21986.430622575594,21483.925593731517,-0.0033042371637781627,0.0017446709495161949,-0.005048908113294367,0.0262499710713522
2018-11-19,21738.00148190432,21976.024330245986,21502.383909388143,21749.451121777347,193928.8938,0.0,0.03613333333333333,21749.451121777347,21738.00148190432,21976.024330245986,21502.383909388143,0.004061674806840502,0.00604490050142493,-0.0019832256945844133,0.020100863924627052
2018-11-20,21641.984535288564,21820.536262067588,21431.60174314568,21641.684644970708,205494.75160000002,0.0,0.0,21641.684644970708,21641.984535288564,21820.536262067588,21431.60174314568,-1.7233053794022475e-05,0.0005100121661510458,-0.0005272452199450806,0.019349400198023586
2018-11-21,21602.984722302182,21866.934502127115,21348.072861731802,21730.906901562506,253815.40840000001,0.0,0.0,21730.906901562506,21602.984722302182,21866.934502127115,21348.072861731802,0.005423237164563357,-0.002686147025205455,0.00810938418976881,0.026101017285570526
2018-11-22,21743.872771760376,21898.062869792193,21458.05117964851,21734.810151953126,149939.8137,0.0,0.0,21734.810151953126,21743.872771760376,21898.062869792193,21458.05117964851,-0.0004962771391824002,0.0036262152227898308,-0.004122492361972226,0.019162249118322434
2018-11-23,21644.832605659063,21972.778714940625,21503.910327637914,21805.814361181645,168715.82090000002,0.0,0.0,21805.814361181645,21644.832605659063,21972.778714940625,21503.910327637914,0.0052403659458852975,-0.002869521624113312,0.008109887569998607,0.020996345528705218
2018-11-26,21764.761356980707,22169.72354965664,21521.64935015443,21748.449620800788,175048.2858,68.0,0.0,21748.449620800788,21764.761356980707,22169.72354965664,21521.64935015443,-0.005040673482228037,-0.0019852887835802133,-0.003055384698647786,0.029326298657386264
2018-11-27,21666.377605984617,21977.0255763802,21491.218220237824,21790.88336289063,174749.62499999994,0.0,0.0,21790.88336289063,21666.377605984617,21977.0255763802,21491.218220237824,-0.0015256438652812166,-0.004284070986103318,0.0027584271208220853,0.02271113032338845
2018-11-28,21776.549877753667,22105.82781868499,21587.078776838254,21940.467898632814,140642.07539999997,0.0,0.0,21940.467898632814,21776.549877753667,22105.82781868499,21587.078776838254,0.0010074220173095752,0.0004892854924300853,0.0005181365248795049,0.01938423366302208
2018-11-29,22056.5529358333,22291.913244447624,21849.210096325878,21977.309011572263,183175.4476,56.4,0.0,21977.309011572263,22056.5529358333,22291.913244447624,21849.210096325878,0.002634231189851617,0.0028039411802992303,-0.00016970999044762402,0.01867114745069284
2018-11-30,21919.34924019583,22148.734743335972,21731.12491925413,22001.722896191404,196290.0856,0.0,0.0,22001.722896191404,21919.34924019583,22148.734743335972,21731.12491925413,0.0009575312504893083,-0.0030074258186994413,0.003964957069188737,0.01743527206620387
2018-12-03,22202.11040932476,22366.040332633864,21940.58926428381,22181.860458984378,362385.3391000001,0.0,0.0,22181.860458984378,22202.11040932476,22366.040332633864,21940.58926428381,0.009621318239400352,0.004624967057768457,0.004996351181631883,0.01619746595982301
2018-12-04,22215.95141669761,22454.634865472737,22038.69201423954,22228.93407119141,271778.92699999997,152.75,0.0,22228.93407119141,22215.95141669761,22454.634865472737,22038.69201423954,0.0051175432053496995,0.004016012688336873,0.0011015305170128241,0.016385939564173772
2018-12-05,22145.477379267522,22420.50128531111,21936.655140845483,22208.948393945313,244369.5046,0.0,0.0,22208.948393945313,22145.477379267522,22420.50128531111,21936.655140845483,0.001161288658732489,-0.005418367235426126,0.006579655894158589,0.020012905900728385
2018-12-06,22196.905371113244,22392.206109752682,21905.396374336993,22143.66536835938,240408.31279999999,8.52,0.0,22143.66536835938,22196.905371113244,22392.206109752682,21905.396374336993,-0.0052824013853747225,-0.002678974393443757,-0.0026034269919309756,0.019878589719750924
2018-12-07,22160.12037179229,22482.00958420463,21952.524207623384,22213.023510058592,267085.5807,446.54999999999995,0.0,22213.023510058592,22160.12037179229,22482.00958420463,21952.524207623384,0.004389461924261497,0.0016897988058142057,0.0026996631184473202,0.021594757612415205
2018-12-10,22095.053298958046,22407.90886213008,21845.112230008388,22251.288504687498,203012.0466,18.9,0.0,22251.288504687498,22095.053298958046,22407.90886213008,21845.112230008388,-0.00018398613056569158,-0.003971927076626099,0.003787940946060416,0.0251763678296047
2018-12-11,22197.887395386162,22451.208476087577,22074.056200032926,22321.667112548836,147101.2777,0.0,0.0,22321.667112548836,22197.887395386162,22451.208476087577,22074.056200032926,-0.0022649531721196338,-0.0039206374959330865,0.0016556843238134675,0.01737482348780116
2018-12-12,22321.66706599361,22328.05840214366,22308.88439369352,22323.79751137696,16419.8176,0.0,0.0,22323.79751137696,22321.66706599361,22328.05840214366,22308.88439369352,0.00019410394428812935,-4.248668542563091e-09,0.00019410819295666813,0.0017586132282652596
2018-12-13,22326.50212968374,22528.64744783494,22171.095668593447,22307.634524804682,281480.93059999996,0.0,0.0,22307.634524804682,22326.50212968374,22528.64744783494,22171.095668593447,0.00274774738396544,0.0002477807776554075,0.002499966606310047,0.01705447636765328
2018-12-14,22315.406104113124,22524.675329821996,22151.892342137005,22323.73955073243,279068.7802,0.0,0.0,22323.73955073243,22315.406104113124,22524.675329821996,22151.892342137005,0.0009439213720477249,0.0017074926664038407,-0.000763571294356101,0.015015604477726378
2018-12-17,22128.074603098892,22306.234318416813,21872.08001688046,22090.19917080078,273581.1551,0.0,0.0,22090.19917080078,22128.074603098892,22306.234318416813,21872.08001688046,-0.012740047811592266,-0.008637354620316756,-0.004102693191275509,0.018439098822512986
2018-12-18,21966.671029347275,22205.633884672185,21720.171428806494,22081.96883857423,312112.6992,0.0,0.0,22081.96883857423,21966.671029347275,22205.633884672185,21720.171428806494,-0.0019367555053126824,-0.006750285264883584,0.0048135297595708944,0.020496674917063803
2018-12-19,22121.038876580682,22270.988637575785,21603.613803289525,22040.8657209961,186275.2865,0.0,0.0,22040.8657209961,22121.038876580682,22270.988637575785,21603.613803289525,-0.0030291653907774645,0.0034330441836151796,-0.0064622095743926255,0.030541883932457332
2018-12-20,21992.605474464694,22174.487978742225,21767.482851683417,21932.711458886726,161731.54179999998,0.0,0.0,21932.711458886726,21992.605474464694,22174.487978742225,21767.482851683417,-0.0014791713470329601,0.0011185052653222805,-0.002597676612355237,0.020311735438829973
2018-12-21,21798.26475812636,22040.350448520352,21612.35291347693,21969.174250097658,185999.68799999997,53.199999999999996,0.0,21969.174250097658,21798.26475812636,22040.350448520352,21612.35291347693,0.0018446672773544464,-0.005813948369938638,0.007658615647293081,0.01891585708650515
2018-12-24,21794.606652187696,22118.025575250835,21536.061099401388,21841.03243798828,131505.02620000002,5.599542986,0.0,21841.03243798828,21794.606652187696,22118.025575250835,21536.061099401388,-0.006060405984854586,-0.0019433229020096034,-0.004117083082844969,0.023050039160702408
2018-12-25,21483.86038998318,21862.80509871108,21308.305402205347,21715.816425976558,274037.09789999994,0.0,0.0,21715.816425976558,21483.86038998318,21862.80509871108,21308.305402205347,-0.008243814634263262,-0.013163626291246292,0.004919811656983027,0.023815542028018607
2018-12-26,21634.276971575215,21865.976248176707,21484.43153803021,21740.040613378904,134887.96529999995,0.0,0.0,21740.040613378904,21634.276971575215,21865.976248176707,21484.43153803021,0.00018663040784526556,-0.00035668710395680015,0.0005433175118020614,0.014366715978871672
2018-12-27,21913.103127016777,22047.14791777978,21684.568327602494,21896.07371635742,178430.94610000003,24.21,0.0,21896.07371635742,21913.103127016777,22047.14791777978,21684.568327602494,0.006270595296754928,0.008326368890095073,-0.0020557735933401182,0.019918162692999043
2018-12-28,21948.114995819404,21995.44591059757,21805.759175725445,21860.260562207026,114208.29719999999,0.0,0.0,21860.260562207026,21948.114995819404,21995.44591059757,21805.759175725445,-0.0020184008431753772,0.0019314873108207578,-0.0039498881539961625,0.010928370435126091
2018-12-31,21860.260562207026,21860.260562207026,21860.260562207026,21860.260562207026,0.0,0.0,0.0,21860.260562207026,21860.260562207026,21860.260562207026,21860.260562207026,0.0,3.1752378504279474e-18,-1.5876189252139739e-18,3.1752378504279474e-18
2019-01-01,21860.260562207026,21860.260562207026,21860.260562207026,21860.260562207026,0.0,0.0,0.0,21860.260562207026,21860.260562207026,21860.260562207026,21860.260562207026,0.0,3.1752378504279474e-18,-1.5876189252139739e-18,3.1752378504279474e-18
2019-01-02,22295.890818211035,22374.319289004674,21662.602167263485,21714.15333525391,156331.99360000002,290.52,0.0,21714.15333525391,22295.890818211035,22374.319289004674,21662.602167263485,-0.004488613111428709,0.0063222000097725144,-0.010810813121201215,0.021176537635135436
2019-01-03,21702.139018684786,21936.21805185924,21079.72507836172,21480.55882231445,261225.041,0.0,0.0,21480.55882231445,21702.139018684786,21936.21805185924,21079.72507836172,-0.010681079083041507,-0.0009825451156115022,-0.009698533967429989,0.029279656002309
2019-01-04,21460.756000346522,21629.441748123554,21116.47088380865,21499.042065869136,164597.76919999998,4.7,0.0,21499.042065869136,21460.756000346522,21629.441748123554,21116.47088380865,0.003161746956069588,-0.003243846721962867,0.006405593678032469,0.019044297314516873
2019-01-07,21553.61092546874,21925.697328885668,21384.982550216133,21646.874845019527,135346.42750000002,0.0,0.0,21646.874845019527,21553.61092546874,21925.697328885668,21384.982550216133,0.007903931447698048,0.006810923397607923,0.0010930080500901286,0.021337350822390373
2019-01-08,21583.34926723801,21698.773298494903,21354.267580953423,21602.525216503906,112906.26509999996,0.0,0.0,21602.525216503906,21583.34926723801,21698.773298494903,21354.267580953423,-0.001852904035700289,-0.001044035242341406,-0.0008088687933588857,0.0140829537704239
2019-01-09,21585.142219920377,21884.078256782228,21395.86583929437,21710.63752666016,152732.52360000001,23.8,0.0,21710.63752666016,21585.142219920377,21884.078256782228,21395.86583929437,0.006742641114139296,0.0006354515753944685,0.006107189538744846,0.01897602028867657
2019-01-10,21659.317787796623,21902.910698922267,21525.2085134293,21675.402551562496,130301.7116,0.0,0.0,21675.402551562496,21659.317787796623,21902.910698922267,21525.2085134293,-0.00047043941808389575,0.0006014289752798935,-0.0010718683933637707,0.017857827630707913
2019-01-11,21755.749859549345,21875.58399122346,21485.225303963995,21706.24821381836,213969.32209999996,0.0,0.0,21706.24821381836,21755.749859549345,21875.58399122346,21485.225303963995,0.0043904075055027775,0.00673724851427001,-0.002346841008767259,0.016546002563688548
2019-01-14,21773.65883939352,21938.83927949949,21524.342400904017,21713.457659619133,182829.5616,0.0,0.0,21713.457659619133,21773.65883939352,21938.83927949949,21524.342400904017,0.0006809487639593863,0.0013132931815804643,-0.0006323444176210981,0.0162577795193129
2019-01-15,21633.293159951805,21874.70102200616,21529.2797623735,21758.75752280273,252595.2638,0.0,0.0,21758.75752280273,21633.293159951805,21874.70102200616,21529.2797623735,0.005038184260958776,-0.0010313941464369872,0.006069578407395761,0.01681594775918809
2019-01-16,21796.01178035287,21949.358219993952,21549.464812905,21663.759431591792,309298.6653,0.0,0.0,21663.759431591792,21796.01178035287,21949.358219993952,21549.464812905,-0.0028306751816504737,0.0017740640740822725,-0.004604739255732764,0.01671432037486693
2019-01-17,21641.717415243438,21774.099985194072,21425.69424280927,21494.233305615242,186311.8153,0.0,0.0,21494.233305615242,21641.717415243438,21774.099985194072,21425.69424280927,-0.004176284474646068,-0.0004292209738631038,-0.0037470635007829417,0.013855221959671914
2019-01-18,21540.978956878113,21745.978810473756,21286.854379535816,21575.942541992186,151830.1354,0.0,0.0,21575.942541992186,21540.978956878113,21745.978810473756,21286.854379535816,0.0032346968602426835,0.0008044073550103967,0.002430289505232294,0.018775020640338903
2019-01-21,21687.00456669771,21881.06473970296,21354.570425575115,21517.285320849605,273396.2491000001,0.0,0.0,21517.285320849605,21687.00456669771,21881.06473970296,21354.570425575115,-0.0016869754390396003,0.0035188777283910403,-0.005205853167430618,0.026345319960723725
2019-01-22,21568.95894532048,21777.441341788795,21314.726128991202,21465.242348095704,156339.8034,0.0,0.0,21465.242348095704,21568.95894532048,21777.441341788795,21314.726128991202,-0.0023331466395270875,0.003090969767040606,-0.00542411640656769,0.02049415512469408
2019-01-23,21448.485444916383,21706.140437182563,21282.89158428291,21559.328537988287,146390.4248,0.0,0.0,21559.328537988287,21448.485444916383,21706.140437182563,21282.89158428291,0.004475346541827172,0.0003203743464738427,0.00415497219535332,0.019747181452676253
2019-01-24,21544.01130294758,21672.61893046397,21155.81770914874,21382.217764550784,174943.06500000003,0.0,0.0,21382.217764550784,21544.01130294758,21672.61893046397,21155.81770914874,-0.005862361431087299,-0.0021933938430048127,-0.003668967588082499,0.022537415985450723
2019-01-25,21422.47270539499,21588.432728971362,21271.588645279015,21443.545869042977,187094.67,0.0,0.0,21443.545869042977,21422.47270539499,21588.432728971362,21271.588645279015,0.004039153936440796,0.0038300728883885016,0.00020908104805231393,0.014119146731273369
2019-01-28,21495.431637214002,21624.129935621462,21305.764488795943,21433.409909765633,164091.36289999998,0.0,0.0,21433.409909765633,21495.431637214002,21624.129935621462,21305.764488795943,0.0007670754968541172,0.0034689676769956834,-0.0027018921801415627,0.013983677071414135
2019-01-29,21439.673458399222,21593.94270392437,21158.316314142343,21462.43978886719,244528.2523,0.0,0.0,21462.43978886719,21439.673458399222,21593.94270392437,21158.316314142343,0.00222477874304986,-0.002463385802729818,0.004688164545779675,0.020693065256109203
2019-01-30,21424.08293374366,21632.011014194468,21318.773133227667,21485.569766748045,276879.71410000004,0.0,0.0,21485.569766748045,21424.08293374366,21632.011014194468,21318.773133227667,-0.00019090115162266824,-0.0037317101666488857,0.0035408090150262257,0.016279816604762565
2019-01-31,21532.95450955056,21688.12699935989,21378.890155970905,21531.215089306643,167990.20099999997,0.0,0.0,21531.215089306643,21532.95450955056,21688.12699935989,21378.890155970905,0.00173838621624354,0.0018506246509079798,-0.0001122384346644331,0.016340763582538654
2019-02-01,21477.41059918661,21679.070044111868,21307.075688681358,21519.576097998044,300601.58359999995,0.0,0.0,21519.576097998044,21477.41059918661,21679.070044111868,21307.075688681358,-0.0016153766582446916,-0.0037171851018793283,0.002101808443634654,0.01768485286851145
2019-02-04,21519.576097998044,21519.576097998044,21519.576097998044,21519.576097998044,0.0,0.0,0.0,21519.576097998044,21519.576097998044,21519.576097998044,21519.576097998044,0.0,8.992806499463764e-19,1.5321077739827158e-18,4.862776847858185e-18
2019-02-05,21519.576097998044,21519.576097998044,21519.576097998044,21519.576097998044,0.0,0.0,0.0,21519.576097998044,21519.576097998044,21519.576097998044,21519.576097998044,0.0,8.992806499463764e-19,1.5321077739827158e-18,4.862776847858185e-18
2019-02-06,21519.576097998044,21519.576097998044,21519.576097998044,21519.576097998044,0.0,0.0,0.0,21519.576097998044,21519.576097998044,21519.576097998044,21519.576097998044,0.0,8.992806499463764e-19,1.5321077739827158e-18,4.862776847858185e-18
2019-02-07,21519.576097998044,21519.576097998044,21519.576097998044,21519.576097998044,0.0,0.0,0.0,21519.576097998044,21519.576097998044,21519.576097998044,21519.576097998044,0.0,8.992806499463764e-19,1.5321077739827158e-18,4.862776847858185e-18
2019-02-08,21519.576097998044,21519.576097998044,21519.576097998044,21519.576097998044,0.0,0.0,0.0,21519.576097998044,21519.576097998044,21519.576097998044,21519.576097998044,0.0,8.992806499463764e-19,1.5321077739827158e-18,4.862776847858185e-18
2019-02-11,21594.90224927244,21785.387599222388,21410.44178084966,21684.40563813476,286308.5338999999,0.0,0.0,21684.40563813476,21594.90224927244,21785.387599222388,21410.44178084966,0.008479576078015366,0.0033160391710236334,0.005163536906991725,0.017296673154442038
2019-02-12,21767.389120526685,21942.731301683965,21489.525783369172,21779.76412148437,320104.5524,0.0,0.0,21779.76412148437,21767.389120526685,21942.731301683965,21489.525783369172,0.0004846409243983615,-0.002175900408387727,0.0026605413327861096,0.019740868469803906
2019-02-13,21850.57627103937,21985.372382684625,21651.520416025673,21833.839887597656,414580.8036,0.0,0.0,21833.839887597656,21850.57627103937,21985.372382684625,21651.520416025673,0.005536444742190292,0.005375305098520322,0.00016113964366995748,0.016030536504254903
2019-02-14,21963.508753763497,22040.16497198865,21748.6613675616,21920.100579296868,293883.8761,0.0,0.0,21920.100579296868,21963.508753763497,22040.16497198865,21748.6613675616,0.003350077898682211,0.006669217125017815,-0.003319139226335624,0.015619600216614396
2019-02-15,21976.33232693243,22140.68007261546,21782.298118165323,21954.330931152344,305820.3303,0.0,0.0,21954.330931152344,21976.33232693243,22140.68007261546,21782.298118165323,-0.0005569268566302453,0.0010370372314467968,-0.0015939640880770346,0.015661333317165085
2019-02-18,21954.330919871147,21962.852700195315,21954.330919871147,21962.852700195315,623.2429999999999,0.0,0.0,21962.852700195315,21954.330919871147,21962.852700195315,21954.330919871147,0.0007751734040255743,-1.0329184312350278e-09,0.0007751744369440107,0.000775174436944024
2019-02-19,22121.219669542977,22448.844553917643,21885.42035489541,22034.860596289065,591326.6915,0.0,0.0,22034.860596289065,22121.219669542977,22448.844553917643,21885.42035489541,0.0017280589670662693,0.008505285693753627,-0.006777226726687366,0.022287267888042184
2019-02-20,22012.240274496537,22289.875222479972,21896.700891411747,22134.970733251943,254698.46130000002,0.0,0.0,22134.970733251943,22012.240274496537,22289.875222479972,21896.700891411747,0.00038848073663313017,-5.5946726230746976e-05,0.0004444274628638786,0.015019705770506677
2019-02-21,22099.22039971998,22316.054570259166,21927.291937872105,22122.118100244134,317683.09,0.0,0.0,22122.118100244134,22099.22039971998,22316.054570259166,21927.291937872105,-0.0038851698807141183,-0.001014635256714213,-0.002870534623999937,0.016681296351908334
2019-02-22,22162.006212289292,22377.64167138066,21968.549366076484,22149.937461718753,541170.165,234.02999999999997,0.0,22149.937461718753,22162.006212289292,22377.64167138066,21968.549366076484,0.002917781038818294,-0.00045876990143649596,0.0033765509402547836,0.02120916361825384
2019-02-25,22102.800643479342,22326.34955612896,21968.739057136347,22160.187922265624,450139.8802,0.0,0.0,22160.187922265624,22102.800643479342,22326.34955612896,21968.739057136347,0.0009439836154910868,-0.003004385200794703,0.003948368816285775,0.019234040885872907
2019-02-26,22108.121812228987,22268.865815871024,21895.464082494276,22146.29791279297,329024.4660000001,25.489998960999998,0.0,22146.29791279297,22108.121812228987,22268.865815871024,21895.464082494276,0.0010494495071511562,0.0001668695206311995,0.0008825799865199635,0.017116911844194827
2019-02-27,22141.710880005146,22351.567745721415,21896.718165535458,22214.25018066406,460068.2477,28.2,0.0,22214.25018066406,22141.710880005146,22351.567745721415,21896.718165535458,0.004012042227751162,-0.001766387816347889,0.005778430044099027,0.02391739115499155
2019-02-28,22193.300964339665,22340.149557384775,21858.90972601477,21950.042559814457,516979.20449999993,0.0,0.0,21950.042559814457,22193.300964339665,22340.149557384775,21858.90972601477,-0.007533315024582085,0.0020731503027859857,-0.00960646532736809,0.01856780163443817
2019-03-01,21863.962569484826,22263.007105171557,21785.900901100278,22097.236265625,452006.7969000001,0.0,0.0,22097.236265625,21863.962569484826,22263.007105171557,21785.900901100278,0.007741484970047927,0.000865265151916508,0.006876219818131424,0.01599184294855182
2019-03-04,22085.252782062707,22373.556703147176,21886.216514328855,22157.931909863284,434633.99890000006,0.0,0.0,22157.931909863284,22085.252782062707,22373.556703147176,21886.216514328855,0.002374101959228896,0.000941500026630253,0.001432601932598621,0.019901650195173738
2019-03-05,22238.461785280775,22395.913282682297,22007.137000625742,22244.79946972656,439528.0761,0.0,0.0,22244.79946972656,22238.461785280775,22395.913282682297,22007.137000625742,0.003170385557994629,0.0013485779576192995,0.0018218076003753312,0.018246556410421826
2019-03-06,22220.91618695605,22422.051966008472,21970.020013771566,22257.907277832033,564917.2682000002,0.0,0.0,22257.907277832033,22220.91618695605,22422.051966008472,21970.020013771566,0.001040364356171479,0.0030740744307936794,-0.0020337100746222058,0.023902760356823028
2019-03-07,22209.477997713588,22407.883233505614,22051.735866136238,22219.62883696289,294670.5645,0.0,0.0,22219.62883696289,22209.477997713588,22407.883233505614,22051.735866136238,-0.00032766036067477457,0.0007240396320572438,-0.0010516999927320109,0.015981055236606583
2019-03-08,22197.56955567721,22244.016768356698,22187.896982967664,22220.79481953125,119765.816,0.0,0.0,22220.79481953125,22197.56955567721,22244.016768356698,22187.896982967664,0.0004641534213065782,-0.0007959496691585443,0.0012601030904651248,0.0036582839012709407
2019-03-11,22206.673736061628,22502.10199827292,22004.329392800075,22291.264204199215,335212.65659999993,0.0,0.0,22291.264204199215,22206.673736061628,22502.10199827292,22004.329392800075,0.0023386550661154176,-0.0020393309082792307,0.004377985974394653,0.022703286683117035
2019-03-12,22369.522670427177,22715.35152132952,22236.37966785092,22602.83005244141,614260.7837999999,0.0,0.0,22602.83005244141,22369.522670427177,22715.35152132952,22236.37966785092,0.011339372687171445,0.0056179653464268915,0.005721407340744577,0.019527755660927185
2019-03-13,22568.305884053272,22935.403086566963,22098.405621282505,22754.88565341797,443963.1390999999,0.0,0.0,22754.88565341797,22568.305884053272,22935.403086566963,22098.405621282505,0.003473850118398712,0.001341183102901876,0.00213266701549681,0.020563471554780777
2019-03-14,22681.886200999645,22940.970688851485,22469.17456193825,22706.542711914066,315606.56730000005,0.0,0.0,22706.542711914066,22681.886200999645,22940.970688851485,22469.17456193825,-0.0018174056432469683,-0.0025848498910124155,0.0007674442477654248,0.02056085488349022
2019-03-15,22750.325143587153,22850.784042257692,22423.157434657525,22700.63160625,432419.9102,61.125,0.0,22700.63160625,22750.325143587153,22850.784042257692,22423.157434657525,0.000222201792597207,0.001015749867099241,-0.0007935480745020424,0.01595462656877983
2019-03-18,22579.46632389268,22818.84415726,22349.39938832693,22488.481920312497,474910.66550000006,0.0,0.0,22488.481920312497,22579.46632389268,22818.84415726,22349.39938832693,-0.003995113823245572,-0.003180892042647056,-0.0008142217805985122,0.016612694039742255
2019-03-19,22491.510320887803,22765.774842541072,22265.50810465302,22464.29196240235,538360.7952,0.0,0.0,22464.29196240235,22491.510320887803,22765.774842541072,22265.50810465302,-0.0028548370943806286,0.001261618713326367,-0.0041164558077069905,0.023199793577944546
2019-03-20,22374.107358332414,22706.925991824948,22190.349472808684,22510.746474072268,420885.8905,0.0,0.0,22510.746474072268,22374.107358332414,22706.925991824948,22190.349472808684,0.00024252758502305195,-0.001167250616362133,0.0014097782013851724,0.02408280614960603
2019-03-21,22546.395857674062,22710.40926975477,22226.439870657767,22401.53134560547,376214.67790000007,0.0,0.0,22401.53134560547,22546.395857674062,22710.40926975477,22226.439870657767,-0.006467919715335998,0.0010453024767909929,-0.007513222192126997,0.02358070183478033
2019-03-22,22238.71346596773,22526.253403307037,22064.7547870868,22390.48776000977,348557.59569999995,0.0,0.0,22390.48776000977,22238.71346596773,22526.253403307037,22064.7547870868,-0.00274404081060488,-0.003852680107551091,0.0011086392969462267,0.01810795478180266
2019-03-25,22244.093208460068,22404.93065620232,21838.74183989256,22097.092133544927,431789.19979999994,0.0,0.0,22097.092133544927,22244.093208460068,22404.93065620232,21838.74183989256,-0.01463320394696902,-0.008026623169374122,-0.006606580777594892,0.025483357652535704
2019-03-26,22121.701383329997,22289.696480093957,21948.25725409211,22146.905958642576,252166.604,0.0,0.0,22146.905958642576,22121.701383329997,22289.696480093957,21948.25725409211,0.0008546603661955288,0.0019980127174875927,-0.0011433523512920632,0.015869911742776202
2019-03-27,22249.35663055141,22408.169802127453,22026.76874520747,22244.722197412106,259734.98619999998,0.0,0.0,22244.722197412106,22249.35663055141,22408.169802127453,22026.76874520747,0.0064358966633625645,0.006552985984627253,-0.00011708932126470382,0.018387690664700522
2019-03-28,22216.96176565884,22328.369163578063,22039.7730922368,22240.199021826174,196332.5512,0.0,0.0,22240.199021826174,22216.96176565884,22328.369163578063,22039.7730922368,0.0011068215384961088,-0.0013073659617765772,0.0024141875002726848,0.01316354087205816
2019-03-29,22298.78825118264,22436.426791528284,22041.47687001364,22167.935543066404,255021.27410000004,0.0,0.0,22167.935543066404,22298.78825118264,22436.426791528284,22041.47687001364,-0.002925194263844648,0.0011246398305607645,-0.004049834094405381,0.018615320145660655
2019-04-01,22218.97997594238,22363.107405703187,21982.833764386174,22228.08791674805,219702.29679999998,0.0,0.0,22228.08791674805,22218.97997594238,22363.107405703187,21982.833764386174,0.004819468548824654,0.0022490850157191066,0.0025703835331055357,0.01745703852657761
2019-04-02,22319.325201838477,22427.069504578576,22023.937979195136,22120.80442890625,319052.7882999999,0.0,0.0,22120.80442890625,22319.325201838477,22427.069504578576,22023.937979195136,-0.0014164709527303987,0.003072156130318711,-0.0044886270830490835,0.017614315648776344
2019-04-03,22131.639283276527,22238.882888209988,21983.231653450934,22138.690115771486,323965.96669999993,0.0,0.0,22138.690115771486,22131.639283276527,22238.882888209988,21983.231653450934,-8.33965627413564e-05,-0.003305863789209584,0.0032224672264682267,0.012597473403946083
2019-04-04,22184.717093256553,22438.89586696907,22037.93648641336,22303.173973242185,401251.6034,0.0,0.0,22303.173973242185,22184.717093256553,22438.89586696907,22037.93648641336,0.006551598162836983,0.00232950201114044,0.004222096151696549,0.0174587196947538
2019-04-05,22235.84151163171,22430.333656048828,22142.760962657114,22285.174017578123,250580.5794,0.0,0.0,22285.174017578123,22235.84151163171,22430.333656048828,22142.760962657114,0.0003101449312541305,-0.0007634875991036237,0.0010736325303577754,0.012570715393548643
2019-04-08,22297.187969988023,22473.596257020938,22148.26984219496,22354.807249853515,286914.75059999997,0.0,0.0,22354.807249853515,22297.187969988023,22473.596257020938,22148.26984219496,0.0042089026613134515,-9.693818157863513e-05,0.004305840842892126,0.016960691079150096
2019-04-09,22360.343577343,22552.9260731175,22109.127532575443,22226.268681933587,350824.34169999993,0.0,0.0,22226.268681933587,22360.343577343,22552.9260731175,22109.127532575443,-7.346886472489004e-05,0.004845077742575221,-0.004918546607300112,0.020175875687795834
2019-04-10,22289.2063419116,22417.888481257534,21970.87458432062,22266.314795507813,283125.0196,0.0,0.0,22266.314795507813,22289.2063419116,22417.888481257534,21970.87458432062,-0.0005634400985409121,-0.0019956217941465544,0.001432181695605618,0.01744733136016666
2019-04-11,22286.964014962738,22479.720143737344,22030.09652645798,22265.538682763672,180741.2612,0.0,0.0,22265.538682763672,22286.964014962738,22479.720143737344,22030.09652645798,0.00042397193067481736,0.0002117074362317766,0.00021226449444304205,0.015417012199799393
2019-04-12,22270.96385037159,22464.219578512533,22092.34564660796,22222.89045981445,288627.04209999996,0.0,0.0,22222.89045981445,22270.96385037159,22464.219578512533,22092.34564660796,-0.0009501850213233672,-0.0010819169763115527,0.0001317319549882132,0.016445398202049075
2019-04-15,22222.89045981445,22222.89045981445,22222.89045981445,22222.89045981445,0.0,0.0,0.0,22222.89045981445,22222.89045981445,22222.89045981445,22222.89045981445,0.0,9.636735853746356e-18,1.8429702208777595e-18,2.2959412149248235e-17
2019-04-16,22161.917881450438,22343.6979233263,21929.50457609385,22219.802516748037,305217.13700000005,0.0,0.0,22219.802516748037,22161.917881450438,22343.6979233263,21929.50457609385,-0.0024597904866623414,-0.004280559893810905,0.0018207694071485673,0.017133985086772423
2019-04-17,22208.25349038029,22383.580913072798,22020.227869970346,22159.203749609376,472852.6155,0.0,0.0,22159.203749609376,22208.25349038029,22383.580913072798,22020.227869970346,-0.0044419201394722534,0.0012163057267317978,-0.005658225866204074,0.018054362689765225
2019-04-18,22127.405431005976,22261.017977316755,21543.734767403927,21677.993169238278,387885.7925999999,0.0,0.0,21677.993169238278,22127.405431005976,22261.017977316755,21543.734767403927,-0.01022010970006401,-0.0018446350484000746,-0.008375474651663942,0.02354795814503047
2019-04-19,22034.630312959118,22129.361068744303,21673.444658703826,21853.707528515617,231598.37130000003,131.25,0.0,21853.707528515617,22034.630312959118,22129.361068744303,21673.444658703826,-0.0018148571594797235,0.008566526069057298,-0.010381383228537057,0.02029105767332389
2019-04-22,21846.36993265427,22126.318103973736,21603.925164684595,21930.72016220703,389795.5556,0.0,0.0,21930.72016220703,21846.36993265427,22126.318103973736,21603.925164684595,-0.0007300392567082516,0.0007004091710114731,-0.0014304484277197242,0.02105947238637982
2019-04-23,21857.638799291857,22079.25418953222,21707.899126866043,21933.59106279297,206338.98169999997,0.0,0.0,21933.59106279297,21857.638799291857,22079.25418953222,21707.899126866043,0.0027674127498217324,0.000700098594572258,0.0020673141552494663,0.016642713254083563
2019-04-24,21911.611910830856,22101.911558493957,21780.532616503566,21973.449404101557,221263.28810000003,22.990232879999997,0.0,21973.449404101557,21911.611910830856,22101.911558493957,21780.532616503566,0.003481919684493983,0.0006472064302326208,0.0028347132542613372,0.013486501937451816
2019-04-25,21924.35389951825,22032.565699635812,21725.414379845435,21874.90391347656,299030.7885000001,0.0,0.0,21874.90391347656,21924.35389951825,22032.565699635812,21725.414379845435,-0.004570128216648039,-0.001148933670046216,-0.003421194546601835,0.01341685888957313
2019-04-26,21882.278182447597,22123.98349880323,21764.990364338846,21993.43601640625,288976.5658,0.0,0.0,21993.43601640625,21882.278182447597,22123.98349880323,21764.990364338846,0.006658961446156146,0.0027635980855622655,0.003895363360593874,0.012316457217412358
2019-04-29,21993.43601640625,21993.43601640625,21993.43601640625,21993.43601640625,0.0,0.0,0.0,21993.43601640625,21993.43601640625,21993.43601640625,21993.43601640625,0.0,-3.397282455352979e-18,6.794564910705957e-18,6.794564910705957e-18
2019-04-30,21993.43601640625,21993.43601640625,21993.43601640625,21993.43601640625,0.0,0.0,0.0,21993.43601640625,21993.43601640625,21993.43601640625,21993.43601640625,0.0,-3.397282455352979e-18,6.794564910705957e-18,6.794564910705957e-18
2019-05-01,21993.43601640625,21993.43601640625,21993.43601640625,21993.43601640625,0.0,0.0,0.0,21993.43601640625,21993.43601640625,21993.43601640625,21993.43601640625,0.0,-3.397282455352979e-18,6.794564910705957e-18,6.794564910705957e-18
2019-05-02,21990.927143120796,22200.717693683997,21817.32256247413,22042.138672509765,281905.12380000006,0.0,0.0,22042.138672509765,21990.927143120796,22200.717693683997,21817.32256247413,-0.00202225545575649,-0.00029118666962865713,-0.00173106878612782,0.016372077186099954
2019-05-03,22036.565452409297,22129.233746736627,21819.564625705,22017.70602934571,296755.8193,0.0,0.0,22017.70602934571,22036.565452409297,22129.233746736627,21819.564625705,-0.0017398315264591478,9.743974932993729e-05,-0.0018372712757890942,0.012435898786987436
2019-05-06,21959.387391767403,22091.82746757716,21682.31790037395,21885.11669453125,447475.72439999995,0.0,0.0,21885.11669453125,21959.387391767403,22091.82746757716,21682.31790037395,-0.0032894392561459646,-0.0020491597528358176,-0.0012402795033101491,0.018611873581680306
2019-05-07,21859.591297281775,22041.99356512723,21689.9943106735,21851.79044833984,252501.885,0.0,0.0,21851.79044833984,21859.591297281775,22041.99356512723,21689.9943106735,-0.00182327693217393,-6.039598243225784e-05,-0.0017628809497416968,0.014926282328747384
2019-05-08,21802.693104208793,22060.463460292645,21657.151841823947,21890.45317646484,258704.39729999995,0.0,0.0,21890.45317646484,21802.693104208793,22060.463460292645,21657.151841823947,0.0009637958634322818,-0.0021539274936549146,0.0031177233570871955,0.020254536909162776
2019-05-09,21803.657764679458,22124.89596456695,21677.43389795033,21947.701701757815,292175.7738,0.0,0.0,21947.701701757815,21803.657764679458,22124.89596456695,21677.43389795033,-0.00014310145419235752,-0.002156688980049601,0.002013587525857281,0.01869345151735821
2019-05-10,22006.440994396133,22212.661969910496,21835.415603442165,22128.03937729493,312337.3961,0.0,0.0,22128.03937729493,22006.440994396133,22212.661969910496,21835.415603442165,0.006590817631816502,0.0018289391457703573,0.004761878486046119,0.014047826317633813
2019-05-13,22131.52103272019,22294.69658074082,21984.00652295001,22116.685428515622,277452.7899,0.0,0.0,22116.685428515622,22131.52103272019,22294.69658074082,21984.00652295001,-1.8978478540047222e-06,-0.001391086253813406,0.0013891884059593902,0.013853912385484907
2019-05-14,22110.345856343793,22483.593971613976,21863.37630907695,22189.49294736328,379173.22549999994,0.0,0.0,22189.49294736328,22110.345856343793,22483.593971613976,21863.37630907695,0.0012631972144786638,-0.0004256876596087608,0.0016888848740874282,0.019250108053505976
2019-05-15,22211.0775997276,22509.881339466105,22071.23448436131,22282.126549218745,447247.70209999994,12.0,0.0,22282.126549218745,22211.0775997276,22509.881339466105,22071.23448436131,0.004780939858476536,0.0019165999003368293,0.002864339958139733,0.017067647686318407
2019-05-16,22301.444960840396,22430.187930348744,21944.680555725507,22099.13146635742,391332.30210000003,0.0,0.0,22099.13146635742,22301.444960840396,22430.187930348744,21944.680555725507,-0.0022096591159355993,-0.00016174162596680502,-0.002047917489968797,0.017712498617096308
2019-05-17,22296.271450562013,22510.46320083927,21972.389358691966,22360.46515239258,307513.7087000001,13.973679755,0.040810000000000006,22360.46515239258,22296.271450562013,22510.46320083927,21972.389358691966,0.0031759737661472913,0.0028538409970816745,0.0003221327690656224,0.019329292867327038
2019-05-20,22400.96323163315,22704.83478692367,22160.13627338005,22547.308294287108,452848.5636,0.0,0.0,22547.308294287108,22400.96323163315,22704.83478692367,22160.13627338005,0.0065643576466390754,0.003488400640900095,0.003075957005738993,0.016481554546470017
2019-05-21,22532.19040114434,22776.92043763006,22417.51360061888,22624.712547753905,361687.02900000004,0.0,0.0,22624.712547753905,22532.19040114434,22776.92043763006,22417.51360061888,0.002898199655826418,0.0010806374235537534,0.0018175622322726538,0.0150717514818491
2019-05-22,22636.28675421259,22781.400287296277,22454.538922279517,22677.069402392583,383938.67480000004,30.590000000000003,0.0,22677.069402392583,22636.28675421259,22781.400287296277,22454.538922279517,0.00241319569873166,-0.001118412642617934,0.003531608341349591,0.016570544136448914
2019-05-23,22667.905523263504,22741.083537708855,22421.79111705085,22620.093197753897,316332.7382,0.0,0.0,22620.093197753897,22667.905523263504,22741.083537708855,22421.79111705085,-0.00010101904757802685,-0.0010641315440698294,0.0009631124964917899,0.015570276038568141
2019-05-24,22533.56097034524,22836.665993212486,22442.579982200707,22632.776197363284,412910.0144,0.0,0.0,22632.776197363284,22533.56097034524,22836.665993212486,22442.579982200707,-0.0008562546145544849,-0.0057948082943316236,0.004938553679777136,0.01916524864369412
2019-05-27,22689.56133341496,22824.5723766054,22463.661855141734,22728.914955322256,320754.42089999997,0.0,0.0,22728.914955322256,22689.56133341496,22824.5723766054,22463.661855141734,0.0005926692628410443,-0.00019262787257142897,0.0007852971354124746,0.015458574473111775
2019-05-28,22741.068741160794,22858.536126667605,22490.655779819008,22639.502430175773,332553.08349999995,0.0,0.038306,22639.502430175773,22741.068741160794,22858.536126667605,22490.655779819008,0.0007764450018356666,-1.8703775015554283e-05,0.0007951487768511982,0.014758575180260872
2019-05-29,22618.584490955313,22878.457847791655,22449.87577623464,22685.95782211914,372518.46489999996,0.0,0.0,22685.95782211914,22618.584490955313,22878.457847791655,22449.87577623464,0.002128996987235583,-0.0022220326598313333,0.0043510296470669185,0.019547915657667645
2019-05-30,22660.600817960152,22924.90300291851,22404.148530350354,22765.072902978514,278484.09290000005,0.0,0.0,22765.072902978514,22660.600817960152,22924.90300291851,22404.148530350354,-0.0006971974487198175,-0.0039053028897519364,0.0032081054410320995,0.01779875439080531
2019-05-31,22778.816536466762,22936.413097134584,22516.418486323244,22753.477461230475,311644.31799999997,13.632,0.0,22753.477461230475,22778.816536466762,22936.413097134584,22516.418486323244,-0.00460304392494498,0.0011303965319970652,-0.005733440456942042,0.015585073831217384
2019-06-03,22649.691620425176,22986.74654618779,22274.441899144265,22673.60343925781,308813.48520000005,0.0,0.0,22673.60343925781,22649.691620425176,22986.74654618779,22274.441899144265,-0.008153403281188977,-0.002646543984069913,-0.0055068592971190804,0.021131242026629013
2019-06-04,22563.451094191227,22891.535542806007,22463.505146252643,22763.726582128904,199527.92170000004,100.0,0.0,22763.726582128904,22563.451094191227,22891.535542806007,22463.505146252643,0.0015430438209073877,-0.0007879736412117519,0.002331017462119142,0.01535726244924237
2019-06-05,22725.885370648717,23134.333750007107,22568.345377868725,22805.41272241211,175056.60489999998,179.5,0.0,22805.41272241211,22725.885370648717,23134.333750007107,22568.345377868725,0.0023401083307741997,0.0023269191824320597,1.3189148342150696e-05,0.018637580350225443
2019-06-06,22822.202734251743,22942.8065410109,22534.50417369525,22801.72581293945,241521.14379999996,0.0,0.0,22801.72581293945,22822.202734251743,22942.8065410109,22534.50417369525,0.0005130443006981175,0.0006767360937645903,-0.00016369179306646768,0.01442070106925556
2019-06-07,22852.433211111475,23091.848462060854,22665.230514752715,23019.77308061523,280321.00580000004,0.0,0.0,23019.77308061523,22852.433211111475,23091.848462060854,22665.230514752715,0.008673800846075122,0.0035168320367905148,0.005156968809284626,0.01636048262437624
2019-06-10,23025.29888240472,23240.935972318322,22886.117451655602,23110.54462641602,346161.4327,0.0,0.0,23110.54462641602,23025.29888240472,23240.935972318322,22886.117451655602,0.00018076485140273494,0.0002671980533131896,-8.643320191042423e-05,0.014590275399136148
2019-06-11,23072.338022290052,23227.125413504134,22925.84368390486,23064.933715722655,348100.21640000003,0.0,0.02725,23064.933715722655,23072.338022290052,23227.125413504134,22925.84368390486,0.0032873148613494713,-0.0001374017044474587,0.0034247165657969097,0.011591857974391781
2019-06-12,23051.21294396146,23134.089496395354,22727.831293832736,23013.25030605469,327003.7407000001,2.35,0.0,23013.25030605469,23051.21294396146,23134.089496395354,22727.831293832736,-0.0009071865886316811,-0.0005533973230215996,-0.00035378926561008695,0.013802655162612839
2019-06-13,22983.96412466314,23086.624184453216,22834.09147214189,22991.824389697267,251275.6369,0.0,0.0,22991.824389697267,22983.96412466314,23086.624184453216,22834.09147214189,-0.0014925233191990079,-0.002022342074289461,0.0005298187550904767,0.010096920166041582
2019-06-14,22836.84681881635,23054.652139635222,22622.403376943857,22880.32478632812,202989.5188,65.23,0.0,22880.32478632812,22836.84681881635,23054.652139635222,22622.403376943857,-0.006651840338367698,-0.001052212185979207,-0.005599628152388476,0.016857694345435364
2019-06-17,22926.44918193466,23005.364011809983,22629.89231259264,22898.4082086914,274328.9329,0.0,0.0,22898.4082086914,22926.44918193466,23005.364011809983,22629.89231259264,0.0030511750856368524,0.0031319596862920004,-8.078460065514355e-05,0.01498873742276143
2019-06-18,22863.200867914016,22950.801837716852,22490.641160828734,22757.504466601564,250802.0885,0.0,0.0,22757.504466601564,22863.200867914016,22950.801837716852,22490.641160828734,-0.0070586417042307805,-0.002565642457393791,-0.0044929992468369945,0.01961454009332882
2019-06-19,22818.60551140513,23026.344428978216,22667.969260106467,22923.74740893555,165298.1772,91.65,0.0,22923.74740893555,22818.60551140513,23026.344428978216,22667.969260106467,0.0073718153072824585,0.003060346174365403,0.00431146913291704,0.015649179612716942
2019-06-20,22852.706020712973,23359.822238147164,22730.101770246543,23061.418828808593,373222.57099999994,0.0,0.0,23061.418828808593,22852.706020712973,23359.822238147164,22730.101770246543,0.0075836370781630046,0.002763500188287263,0.004820136889875712,0.018179245807322036
2019-06-21,23185.897170283046,23274.40690599997,22952.132482963872,23067.75371831054,248257.784,0.0,0.0,23067.75371831054,23185.897170283046,23274.40690599997,22952.132482963872,-0.0017629634961703437,0.0008723193750484637,-0.0026352828712188094,0.010879496918553258
2019-06-24,23085.350334435498,23271.14769196063,22990.827394708933,23165.227674951177,248022.9541,0.0,0.0,23165.227674951177,23085.350334435498,23271.14769196063,22990.827394708933,0.002362158970126427,0.0017793383683623746,0.0005828206017640432,0.011541926542336758
2019-06-25,23176.946346349305,23304.191968951713,22937.84698281571,23186.107315869143,519287.2618999999,0.0,0.0,23186.107315869143,23176.946346349305,23304.191968951713,22937.84698281571,0.0010226112072017803,0.0016356100746887463,-0.0006129988674869471,0.01635710900630122
2019-06-26,23096.849556293422,23446.93691805476,22948.269347360692,23233.66977954101,356964.6275,0.0,0.0,23233.66977954101,23096.849556293422,23446.93691805476,22948.269347360692,0.0026410103141608693,-0.0001576334112947125,0.002798643725455596,0.017956779867888125
2019-06-27,23196.66169315664,23338.93231780473,22768.458591711704,22901.74639511719,354601.73309999995,0.0,0.0,22901.74639511719,23196.66169315664,23338.93231780473,22768.458591711704,-0.00919576929788643,-0.000850638815859106,-0.008345130482027303,0.019705527144599274
2019-06-28,22943.18538768284,23264.987330695356,22729.893698013206,23001.289466992188,498622.6339000001,0.0,0.0,23001.289466992188,22943.18538768284,23264.987330695356,22729.893698013206,0.003381694416128374,0.0012473768332579211,0.0021343175828704725,0.018656478604589872
2019-07-01,23192.133287450204,23309.896024194506,22950.12696302725,23143.272555859374,509558.45170000003,0.0,0.0,23143.272555859374,23192.133287450204,23309.896024194506,22950.12696302725,0.004743705633801413,0.008102387638321508,-0.0033586820045200783,0.016864591088314243
2019-07-02,23170.43421477318,23318.416065030953,22948.90010944436,23060.021235986325,430336.19959999993,0.0,0.0,23060.021235986325,23170.43421477318,23318.416065030953,22948.90010944436,-0.0010489980381968023,0.0007420114393378005,-0.0017910094775345888,0.014237169528718256
2019-07-03,23135.261437634053,23266.99708317648,22962.13732797836,23134.186346874998,495086.374,0.0,0.0,23134.186346874998,23135.261437634053,23266.99708317648,22962.13732797836,0.002981920698447131,0.003358946821501601,-0.000377026123054447,0.013281240204338829
2019-07-04,23152.953087587357,23268.901464051774,23073.003857864573,23168.75978359374,226158.44179999997,0.0,0.0,23168.75978359374,23152.953087587357,23268.901464051774,23073.003857864573,0.0017212258623163707,0.0014511723151254658,0.00027005354719092226,0.008319660640334509
2019-07-05,23202.0752610117,23263.551095931656,23088.24250748815,23179.641893359374,204841.19710000002,0.0,0.0,23179.641893359374,23202.0752610117,23263.551095931656,23088.24250748815,0.00022643124401394008,0.001073391429269472,-0.0008469601852555227,0.007717998465673669
2019-07-08,23186.60560021211,23228.29966657804,23081.51611014549,23145.94471884765,263113.58320000005,0.0,0.0,23145.94471884765,23186.60560021211,23228.29966657804,23081.51611014549,-0.0014699628886063448,0.0006177770314004179,-0.0020877399200067465,0.006908772148326675
2019-07-09,23122.531121615728,23216.974661907272,23077.13260312281,23184.034195605473,115896.00639999998,0.0,0.0,23184.034195605473,23122.531121615728,23216.974661907272,23077.13260312281,0.002106044971579199,-0.0008056281329955242,0.0029116731045747335,0.006299902641742961
2019-07-10,23207.195608892405,23286.955823022316,23127.467382478448,23223.029688281244,258965.96229999998,0.0,0.0,23223.029688281244,23207.195608892405,23286.955823022316,23127.467382478448,0.0012579054053524527,0.0004432191968542904,0.0008146862084981521,0.007056523944838226
2019-07-11,23211.514410293887,23292.652529526702,23146.148873161117,23197.937998632802,241755.72060000003,0.0,0.0,23197.937998632802,23211.514410293887,23292.652529526702,23146.148873161117,-0.0013170253848993972,-0.0001549783428818793,-0.0011620470420175047,0.006984155579004043
2019-07-12,23206.714720394837,23381.314535984562,23150.53462303281,23297.078001953123,253674.46669999996,0.0,0.0,23297.078001953123,23206.714720394837,23381.314535984562,23150.53462303281,0.004226622863499615,0.0003587716992714769,0.003867851164228135,0.010059887562909476
2019-07-15,23285.392191035284,23421.34002011185,23191.935727287117,23289.39742001953,296407.4467,0.0,0.0,23289.39742001953,23285.392191035284,23421.34002011185,23191.935727287117,0.00017512335760209183,-0.0006360434332883992,0.0008111667908904902,0.009195449874198524
2019-07-16,23579.133054343376,23664.960620586313,23413.863600210185,23572.280568359376,390103.4648000001,0.0,0.0,23572.280568359376,23579.133054343376,23664.960620586313,23413.863600210185,0.005496757478074572,0.004921243427030012,0.0005755140510445778,0.008472973467769731
2019-07-17,23695.004371360606,23872.14816184486,23438.718843371702,23708.131437988282,373823.5733999999,0.0,0.0,23708.131437988282,23695.004371360606,23872.14816184486,23438.718843371702,0.005889753311317778,0.007149494045355207,-0.0012597407340374477,0.017742081592697283
2019-07-18,23650.818653434406,23811.494021424678,23399.616932408644,23598.372100000004,345916.43859999994,0.0,0.0,23598.372100000004,23650.818653434406,23811.494021424678,23399.616932408644,-0.003775305654582704,-0.002642061821786782,-0.0011332438327959133,0.015870090574454897
2019-07-19,23701.042493583325,23956.37523519418,23357.10729605256,23648.122372070316,599528.2178,0.0,0.0,23648.122372070316,23701.042493583325,23956.37523519418,23357.10729605256,0.006454777244065594,0.00343821309147253,0.0030165641525930612,0.021796207827037777
2019-07-22,23627.99886195637,23876.473029085777,23341.944746805162,23505.111195312507,464910.32980000007,0.0,0.0,23505.111195312507,23627.99886195637,23876.473029085777,23341.944746805162,-0.00524042731855937,-0.0015052335313681493,-0.003735193787191225,0.021139077522583472
2019-07-23,23503.49046402322,23749.294548182435,23342.430058488633,23556.44215957031,397198.5570999999,0.0,0.0,23556.44215957031,23503.49046402322,23749.294548182435,23342.430058488633,0.002250479806604091,-0.0007723309242737907,0.003022810730877884,0.018101944908142997
2019-07-24,23621.834500622906,23777.02140201982,23357.042142413226,23539.70973911133,427087.3496,0.0,0.0,23539.70973911133,23621.834500622906,23777.02140201982,23357.042142413226,-0.001382410998530632,0.003192141861827217,-0.004574552860357879,0.016444106396347823
2019-07-25,23539.709800123816,23548.822999387907,23539.709800123816,23544.266399755863,783.996,0.0,0.0,23544.266399755863,23539.709800123816,23548.822999387907,23539.709800123816,0.0003540356569227195,4.754623034878341e-09,0.0003540309022996857,0.0007059607186246845
2019-07-26,23539.70974933077,23596.66724092946,23516.926752691295,23553.379547314456,3799.179,0.0,0.0,23553.379547314456,23539.70974933077,23596.66724092946,23516.926752691295,0.0007017793802317616,-0.00035403486053517505,0.0010558142407669465,0.006082927150869806
2019-07-29,23553.37955899662,23605.78045205768,23553.37955899662,23569.32765688477,12990.258,0.0,0.0,23569.32765688477,23553.37955899662,23605.78045205768,23553.37955899662,0.0012084852208737661,8.943102984891933e-10,0.0012084843265634663,0.0038816129476203706
2019-07-30,23562.022246301785,23572.096630363125,23561.142258370306,23571.216642431642,7.148,0.0,0.0,23571.216642431642,23562.022246301785,23572.096630363125,23561.142258370306,6.654393916406712e-05,-0.00021995493700092736,0.00028649887616499477,0.00043204626407867283
2019-07-31,23616.853732626296,23917.297717808964,23457.285305742822,23694.70783623047,317369.0012,0.0,0.0,23694.70783623047,23616.853732626296,23917.297717808964,23457.285305742822,0.0025392593953888305,-4.9574223993509216e-05,0.0025888336193823575,0.020813810125006063
2019-08-01,23696.066218411284,24034.328242711978,23513.476947281077,23905.24226274414,355054.9377,0.0,0.0,23905.24226274414,23696.066218411284,24034.328242711978,23513.476947281077,0.007984694245019006,-0.0022710070842169917,0.01025570132923599,0.020818919388097868
2019-08-02,23795.612515145578,24073.59159674371,23593.95231342613,23837.202769921867,433261.9859,0.0,0.0,23837.202769921867,23795.612515145578,24073.59159674371,23593.95231342613,-0.0023281992855578976,-0.0032113020913024587,0.0008831028057445498,0.021180580328535765
2019-08-05,23818.40608803206,24167.667600035224,23579.01613058598,23819.041765576174,542177.0309,0.0,0.0,23819.041765576174,23818.40608803206,24167.667600035224,23579.01613058598,0.0014637059300844173,0.00391695433863216,-0.002453248408547751,0.024839943957792765
2019-08-06,23819.041878161283,23823.598477660453,23809.92867916294,23814.485278662112,53840.842,0.0,0.0,23814.485278662112,23819.041878161283,23823.598477660453,23809.92867916294,-0.0003303548314719718,8.13996072761499e-09,-0.00033036297143270127,0.0009911094217428217
2019-08-07,23705.66969968359,24047.059257258858,23518.627250265174,23927.246941259764,415946.2764,0.0,0.0,23927.246941259764,23705.66969968359,24047.059257258858,23518.627250265174,0.003985303403609698,-0.003501673301214722,0.007486976704824399,0.02103289302834737
2019-08-08,23948.795500332515,24255.16315152178,23605.743701774747,24131.620717773436,589046.6786,0.0,0.0,24131.620717773436,23948.795500332515,24255.16315152178,23605.743701774747,0.012105558044189842,0.0018139554328089492,0.010291602611380903,0.029906434034163678
2019-08-09,24225.227209912253,24279.476102923833,24159.83900752271,24216.62101738281,254225.53530000002,0.0,0.0,24216.62101738281,24225.227209912253,24279.476102923833,24159.83900752271,0.004013652132518878,0.004218388738178478,-0.00020473660565959307,0.0061934318131168994
2019-08-12,24124.990313912647,24320.885530777952,23801.277720227677,24024.254006249997,431663.5754,0.0,0.0,24024.254006249997,24124.990313912647,24320.885530777952,23801.277720227677,-0.0058043915058586405,-0.004749770603976296,-0.0010546209018823494,0.022043892683356665
2019-08-13,24085.106705025733,24285.964100443958,23757.169046337727,24028.962091699213,679255.581,0.0,0.0,24028.962091699213,24085.106705025733,24285.964100443958,23757.169046337727,-0.002647283863272118,-0.0029157885071778647,0.00026850464390577736,0.02217928712985311
2019-08-14,24111.81909386163,24259.525219375904,23883.88267180412,23996.759989355465,437619.83979999996,0.0,0.0,23996.759989355465,24111.81909386163,24259.525219375904,23883.88267180412,-0.0014564973150327475,0.0048170757486797455,-0.0062735730637124695,0.017153729507249915
2019-08-15,23850.83117869056,24307.669114464952,23630.574231762494,24198.08760498047,706295.1012999999,13.973679755,0.0,24198.08760498047,23850.83117869056,24307.669114464952,23630.574231762494,0.003716469039932066,-0.008233934340565446,0.0119504033804975,0.027514154377286236
2019-08-16,24202.137042763443,24315.88035095963,24101.975502297166,24194.430200390627,542863.2035000001,0.0,0.0,24194.430200390627,24202.137042763443,24315.88035095963,24101.975502297166,-0.0011607183964030634,-0.0003916906179911502,-0.0007690277784119124,0.010315122656160237
2019-08-19,24087.731421254848,24121.506765612852,23845.5771531579,23966.75574316406,477554.1205000001,0.0,0.0,23966.75574316406,24087.731421254848,24121.506765612852,23845.5771531579,-0.003599566060619356,-0.0008339487066713773,-0.002765617353947969,0.009942098258936452
2019-08-20,23928.512026053362,24048.712462060543,23851.955555990306,23985.209468359375,379179.84700000007,0.0,0.0,23985.209468359375,23928.512026053362,24048.712462060543,23851.955555990306,0.0019617239246807836,-0.0013613819173584002,0.003323105842039176,0.009360838633608905
2019-08-21,24080.729820604265,24206.668597564996,23834.16220832891,24007.341706152343,488404.4043,0.0,0.0,24007.341706152343,24080.729820604265,24206.668597564996,23834.16220832891,0.00033139883252068943,0.004653947136539934,-0.00432254830401925,0.017130867592922823
2019-08-22,24105.933886941053,24268.108549604014,23859.81315714551,24038.473331445308,506794.6883,0.0,0.0,24038.473331445308,24105.933886941053,24268.108549604014,23859.81315714551,0.005867356415155643,0.006222071615339734,-0.0003547152001840739,0.01910217033836969
2019-08-23,24080.275760701432,24256.937283235053,23880.047750436643,24009.863367675785,452077.6391,0.0,0.0,24009.863367675785,24080.275760701432,24256.937283235053,23880.047750436643,-0.0008623743653910488,0.0008826772098589164,-0.00174505157524995,0.01699640582387918
2019-08-26,23934.340998755877,24180.956455497068,23685.226775906405,23925.16474160157,427812.8786,53.60016312,0.0,23925.16474160157,23934.340998755877,24180.956455497068,23685.226775906405,-0.0018875356069750478,-0.004657147278863528,0.00276961167188849,0.022429125553197024
2019-08-27,23966.4879346236,24120.2498089522,23640.40210569523,23800.67848886719,456163.53039999993,0.0,0.0,23800.67848886719,23966.4879346236,24120.2498089522,23640.40210569523,-0.0018580705896203355,0.0030083401786321394,-0.0048664107682524615,0.019505496176931838
2019-08-28,23806.173877559504,24033.468109664464,23561.987981927487,23750.312002148443,394369.8571999999,0.0,0.0,23750.312002148443,23806.173877559504,24033.468109664464,23561.987981927487,-0.005210899724477394,-0.0005273244586769431,-0.004683575265800427,0.0196138191881561
2019-08-29,23812.985085876677,24010.157244895126,23602.63246998735,23800.33199375,330682.5537,0.0,0.0,23800.33199375,23812.985085876677,24010.157244895126,23602.63246998735,0.0003936819463562155,0.0033307453601936115,-0.002937063413837423,0.019406183066144982
2019-08-30,23920.29424460228,24176.9430611928,23726.991367678576,24024.88119638672,268733.3971,0.0,0.0,24024.88119638672,23920.29424460228,24176.9430611928,23726.991367678576,0.011551954684490096,0.004050663734758936,0.0075012909497311556,0.018767897312487382
2019-09-02,24024.88119638672,24024.88119638672,24024.88119638672,24024.88119638672,0.0,0.0,0.0,24024.88119638672,24024.88119638672,24024.88119638672,24024.88119638672,0.0,-3.147482274812319e-17,5.035971639699709e-17,5.035971639699709e-17
2019-09-03,24044.28245401821,24148.413746946546,23708.179926933466,23888.991852050778,322067.7032,0.0,0.0,23888.991852050778,24044.28245401821,24148.413746946546,23708.179926933466,-0.007101855122315884,-3.528750310110215e-05,-0.007066567619214776,0.020333495567176993
2019-09-04,23782.022492002667,24030.13575656069,23302.48105500677,23590.99386103516,374499.6024,0.0,0.0,23590.99386103516,23782.022492002667,24030.13575656069,23302.48105500677,-0.008856095588863888,-0.005473184505011762,-0.003382911083852108,0.028647046195460418
2019-09-05,23696.965712151647,23928.56520289674,23456.570122826535,23606.2349109375,389828.0007999999,51.00000000000001,0.0,23606.2349109375,23696.965712151647,23928.56520289674,23456.570122826535,-0.003126512334782852,0.003392753700715381,-0.006519266035498229,0.021161140792103645
2019-09-06,23596.023395276774,23758.781142569842,23473.09204012337,23617.15736259766,281111.0758,0.0,0.0,23617.15736259766,23596.023395276774,23758.781142569842,23473.09204012337,-0.0004352324802004574,0.00107337991541184,-0.0015086123956123076,0.013960248572633354
2019-09-09,23681.884875583568,23784.898858744073,23384.211231899673,23484.28764140626,365230.4706,0.0,0.0,23484.28764140626,23681.884875583568,23784.898858744073,23384.211231899673,-0.007889420730924848,0.0015079306926417083,-0.009397351423566559,0.020171673543857762
2019-09-10,23602.18640981355,23737.145968091874,23187.160336245506,23298.822791601564,448036.21059999993,0.0,0.0,23298.822791601564,23602.18640981355,23737.145968091874,23187.160336245506,-0.006806079721115316,0.0041921386186486035,-0.010998218339763919,0.024442201601321403
2019-09-11,23319.647610357835,23598.611302181558,23120.028445395816,23384.039889062504,293400.36220000003,0.0,0.0,23384.039889062504,23319.647610357835,23598.611302181558,23120.028445395816,0.004400487007328635,0.001288013857402596,0.003112473149926029,0.021096818777716936
2019-09-12,23432.93374014924,23619.49101482161,23245.6973569761,23449.03791083984,625996.0419,0.0,0.0,23449.03791083984,23432.93374014924,23619.49101482161,23245.6973569761,0.005981241001357891,0.0006530657668641213,0.005328175234493786,0.0187037528831309
2019-09-13,23516.736640562416,23730.91522628123,23332.53970505947,23575.650503613277,583033.7753000001,0.0,0.0,23575.650503613277,23516.736640562416,23730.91522628123,23332.53970505947,0.003254075300813027,0.0026749620080526427,0.000579113292760415,0.01633508579297455
2019-09-16,23542.95321477893,23928.036118788783,23347.222611600315,23709.94859375,381719.9997,0.0,0.0,23709.94859375,23542.95321477893,23928.036118788783,23347.222611600315,0.006543993556397995,0.0026782669721449326,0.003865726584253058,0.025745930532156625
2019-09-17,23732.220318881682,23834.890812901893,23403.567516338313,23726.076571777343,270881.8963,0.0,0.0,23726.076571777343,23732.220318881682,23834.890812901893,23403.567516338313,-0.0009148208806581816,-0.0002526709767503529,-0.0006621499039078091,0.018824244548145307
2019-09-18,23797.61084219558,23932.962573008692,23521.587843085865,23682.591614160156,507471.84380000003,95.37036769999999,0.0,23682.591614160156,23797.61084219558,23932.962573008692,23521.587843085865,-0.0020484429768316582,0.004782039191295676,-0.0068304821681273485,0.01961908275245492
2019-09-19,23755.683791477306,23865.36381433023,23521.926993713787,23745.641861914068,302023.0383,12.644628083999999,0.03366,23745.641861914068,23755.683791477306,23865.36381433023,23521.926993713787,0.0013676907096105758,0.0033412871128732646,-0.001973596403262697,0.015007801636429166
2019-09-20,23766.26956053693,23966.51960842479,23606.969646840014,23786.64858710938,631804.0254,0.0,0.0,23786.64858710938,23766.26956053693,23966.51960842479,23606.969646840014,0.000283658904244487,5.86223061110553e-05,0.0002250365981334439,0.0155902466444267
2019-09-23,23804.34012821877,23938.80360478947,23406.68831690861,23619.115174121092,483045.07420000003,0.0,0.0,23619.115174121092,23804.34012821877,23938.80360478947,23406.68831690861,-0.005770291988826124,0.00012187262151703112,-0.005892164610343142,0.023238487299691517
2019-09-24,23641.77415704834,23923.051212280876,23414.804805576023,23590.30153779297,501685.92809999996,0.0,0.0,23590.30153779297,23641.77415704834,23923.051212280876,23414.804805576023,0.002843844314161018,0.0012676900068650386,0.0015761543072959896,0.02134200218371789
2019-09-25,23717.323836843818,24018.993449864927,23477.3589080363,23681.60257080078,435105.34249999997,13.299999999999999,0.0,23681.60257080078,23717.323836843818,24018.993449864927,23477.3589080363,0.0022607959401403886,0.0006476617797104719,0.0016131341604298964,0.018060028455839965
2019-09-26,23734.04151532547,24055.241256879825,23523.24625792991,23623.525062890632,312481.6074000001,0.0,0.0,23623.525062890632,23734.04151532547,24055.241256879825,23523.24625792991,-0.002568461086098151,0.004338227846871986,-0.006906688932970136,0.019416853340934345
2019-09-27,23768.212427938313,23902.644660690585,23489.14822950734,23682.710242578127,559045.8144999999,0.0,0.0,23682.710242578127,23768.212427938313,23902.644660690585,23489.14822950734,0.0007213362077481604,0.002422468688925741,-0.001701132481177561,0.018114826103906714
2019-09-30,23762.704038012067,23951.760293300602,23549.231549808494,23742.983793652347,446409.321,6.791666721,0.0,23742.983793652347,23762.704038012067,23951.760293300602,23549.231549808494,0.005467775035289913,0.0032864131879210053,0.002181361847368957,0.017614372374686785
2019-10-01,23795.347298885677,23927.159986497696,23599.559998272918,23771.220490820317,408725.698,28.6,0.0,23771.220490820317,23795.347298885677,23927.159986497696,23599.559998272918,0.00220107644223549,0.0018621142025619672,0.00033896223967355026,0.014419485799410492
2019-10-02,23806.691096477814,23898.73956983212,23570.816166316232,23769.956386230464,499458.0696999999,23.8,0.0,23769.956386230464,23806.691096477814,23898.73956983212,23570.816166316232,-0.0026533333421274938,-0.0007861345786075094,-0.0018671987635199773,0.015319419332531437
2019-10-03,23809.474094829366,23944.56150447465,23581.92262918476,23716.135920898436,562969.7024999999,0.0,0.0,23716.135920898436,23809.474094829366,23944.56150447465,23581.92262918476,0.0010906662584462246,0.0041535811963096195,-0.003062914937863392,0.01733998653021521
2019-10-04,23720.78828315571,23882.520186024023,23120.9132152306,23564.97644443359,463147.60630000004,0.0,0.0,23564.97644443359,23720.78828315571,23882.520186024023,23120.9132152306,-0.004340597623267658,-0.00036991543721104993,-0.0039706821860566125,0.020158068659568658
2019-10-07,23570.06237843103,23838.11098688257,23303.06479492276,23581.05057978515,479666.88639999996,0.0,0.0,23581.05057978515,23570.06237843103,23838.11098688257,23303.06479492276,-0.0008382709904308079,0.0019353517632422288,-0.002773622753673021,0.020629432057431864
2019-10-08,23670.099574232332,23795.92275039379,23438.268644898977,23589.965913183598,312350.86259999993,0.0,0.0,23589.965913183598,23670.099574232332,23795.92275039379,23438.268644898977,0.0021610400077904015,0.0025121011214694166,-0.0003510611136790288,0.015792173634826663
2019-10-09,23573.58786983814,23791.53724871126,23348.828371725045,23544.475329492183,318766.1926,0.0,0.0,23544.475329492183,23573.58786983814,23791.53724871126,23348.828371725045,0.0006682637978944842,0.0002563640408046915,0.0004118997570897914,0.018916672091478213
2019-10-10,23542.60720906418,23708.78509371207,23366.646914977784,23519.42497246094,383987.77989999996,0.0,0.0,23519.42497246094,23542.60720906418,23708.78509371207,23366.646914977784,-0.0017345307750049389,-0.0001976505706533623,-0.0015368802043515717,0.016680605717216433
2019-10-11,23516.574225469274,23693.36652332036,23370.786980704455,23580.523893359376,261848.90140000003,0.0,0.0,23580.523893359376,23516.574225469274,23693.36652332036,23370.786980704455,0.001035965642662562,-0.0006931649962184166,0.0017291306388809793,0.013649960677014593
2019-10-14,23557.412704452883,23826.359042523174,23403.967588577936,23680.658041796883,573757.799,0.0,0.0,23680.658041796883,23557.412704452883,23826.359042523174,23403.967588577936,0.0032473865969962212,0.001765346577970011,0.0014820400190261856,0.017664701851601287
2019-10-15,23632.19015942454,23748.94501598184,23477.944086343447,23638.93318242188,297262.7260999999,0.0,0.0,23638.93318242188,23632.19015942454,23748.94501598184,23477.944086343447,-0.001186931887626009,-0.002681068550374007,0.001494136662747992,0.01210647782207017
2019-10-16,23608.478946072715,23785.386441913623,23432.30153955953,23528.995757226563,284599.792,0.0,0.0,23528.995757226563,23608.478946072715,23785.386441913623,23432.30153955953,-0.004555211669845491,-0.00038407602293631486,-0.0041711356469091845,0.014611445899010353
2019-10-17,23574.259791321692,23725.765458508336,23299.017049001282,23412.286264355476,401562.94789999997,0.0,0.0,23412.286264355476,23574.259791321692,23725.765458508336,23299.017049001282,-0.0025895138240580582,-9.257401533241958e-05,-0.0024969398087256616,0.015652534170229104
2019-10-18,23541.71006368781,23806.08982090282,23249.911774992597,23399.292214843746,309265.9988,0.0,0.0,23399.292214843746,23541.71006368781,23806.08982090282,23249.911774992597,0.000513170694745124,0.003321644630568128,-0.0028084739358230277,0.019755694583011588
2019-10-21,23425.2710970582,23614.013716053916,23031.219038537103,23180.226234667964,274427.0921,8.52,0.0,23180.226234667964,23425.2710970582,23614.013716053916,23031.219038537103,-0.004783839594364504,0.00033984801973418295,-0.005123687614098673,0.01883625884031443
2019-10-22,23102.385764331826,23479.633133779356,22909.908745320452,23342.748155859375,297479.72190000006,0.0,0.0,23342.748155859375,23102.385764331826,23479.633133779356,22909.908745320452,0.00268043172255165,9.255662148992673e-05,0.002587875101061737,0.018834368291324028
2019-10-23,23321.703826236466,23555.26234929916,23173.26419213935,23345.54742949218,191807.63090000002,0.0,0.0,23345.54742949218,23321.703826236466,23555.26234929916,23173.26419213935,7.395011479748134e-06,-0.002220122871958209,0.002227517883437966,0.016542294319273156
2019-10-24,23335.329915365608,23518.88470890125,23177.362109288195,23398.19082939453,464580.84929999994,0.0,0.0,23398.19082939453,23335.329915365608,23518.88470890125,23177.362109288195,-7.133037424585911e-05,-0.0024529344070435477,0.002381604032797702,0.014827132334993616
2019-10-25,23401.969546189903,23666.144050405685,23221.22413518172,23466.39451923828,322262.9326,0.0,0.0,23466.39451923828,23401.969546189903,23666.144050405685,23221.22413518172,0.00013814842774017167,-0.0009800070086719464,0.001118155436412106,0.01927432101544973
2019-10-28,23577.923697627488,23675.79518808078,23337.304917610774,23480.64254072266,328505.16669999994,0.0,0.0,23480.64254072266,23577.923697627488,23675.79518808078,23337.304917610774,-0.002073080243756778,0.0015181396948276344,-0.003591219938584401,0.015162145755259662
2019-10-29,23492.917991392427,23693.00574365739,23353.024408524994,23499.306208105474,324967.36630000005,0.0,0.0,23499.306208105474,23492.917991392427,23693.00574365739,23353.024408524994,-0.0008495215439760187,0.0016414292694639002,-0.002490950813439905,0.01363491720849079
2019-10-30,23559.70440876634,23614.69287373488,23331.763007000336,23482.988912011715,322472.1684,0.0,0.0,23482.988912011715,23559.70440876634,23614.69287373488,23331.763007000336,-0.0013330904038802954,0.0009780225630240135,-0.002311112966904322,0.009963857199560826
2019-10-31,23494.446429767664,23696.4634277191,23359.93818637643,23531.47654462891,286401.84969999996,0.0,0.0,23531.47654462891,23494.446429767664,23696.4634277191,23359.93818637643,0.003603749591504959,0.0015694108406344382,0.0020343387508705356,0.016483857005735222
2019-11-01,23447.390444816174,23630.907847686038,23270.045453145933,23420.384587011722,351934.7397000001,0.0,0.0,23420.384587011722,23447.390444816174,23630.907847686038,23270.045453145933,-0.004674027302950256,-0.0031995456692088535,-0.001474481633741412,0.01597996371124448
2019-11-04,23487.312203571284,23633.28298712747,23278.5554873442,23448.891881933592,864496.6110999999,0.0,0.0,23448.891881933592,23487.312203571284,23633.28298712747,23278.5554873442,0.002105868691127824,0.0015615250082447304,0.0005443436828830834,0.017560684969564026
2019-11-05,23427.19420372216,23576.87472059874,23325.12872334659,23456.382244921875,338283.18519999995,0.0,0.0,23456.382244921875,23427.19420372216,23576.87472059874,23325.12872334659,0.00041854264258651345,-0.0022993508245235162,0.0027178934671100267,0.011775322005400754
2019-11-06,23526.740502645494,23676.768248497825,23306.27778039074,23481.749660546877,373135.42679999996,0.0,0.0,23481.749660546877,23526.740502645494,23676.768248497825,23306.27778039074,0.0014610709764353853,0.0017665181655042367,-0.00030544718906884145,0.01538738767651584
2019-11-07,23589.811797444792,23710.05206356801,23404.310229001414,23508.73102177734,303386.4746,70.5,0.0,23508.73102177734,23589.811797444792,23710.05206356801,23404.310229001414,0.0008416102057482223,0.0038763341050130308,-0.0030347238992648167,0.012487046786018603
2019-11-08,23576.333228307336,23657.92261320967,23435.613132460665,23502.223357910152,306321.96969999996,0.0,0.0,23502.223357910152,23576.333228307336,23657.92261320967,23435.613132460665,-0.0004040254721337623,0.0009430454376535884,-0.0013470709097873456,0.009028923737844861
2019-11-11,23522.272096053857,23654.056733851092,23193.739642982277,23330.960873242184,428769.8531,0.0,0.0,23330.960873242184,23522.272096053857,23654.056733851092,23193.739642982277,-0.003949403421250603,0.0010135937467062018,-0.004962997167956793,0.014901454040213227
2019-11-12,23377.28059509739,23509.86512036318,23241.97958701587,23357.24592773437,456002.252,0.0,0.0,23357.24592773437,23377.28059509739,23509.86512036318,23241.97958701587,0.0019372612934395812,0.0017273138598996743,0.00020994743353990717,0.010942409102941883
2019-11-13,23409.812128985657,23516.715549295564,23102.227087925166,23246.710572753913,372938.1523000001,0.0,0.0,23246.710572753913,23409.812128985657,23516.715549295564,23102.227087925166,-0.001614445911192025,0.0008126049637331129,-0.0024270508749251324,0.015538291291992147
2019-11-14,23221.10550872974,23410.411407941985,23021.87234044165,23157.86539277344,745883.0928999999,0.0,0.0,23157.86539277344,23221.10550872974,23410.411407941985,23021.87234044165,-0.003047598909368254,-0.0006424754860801228,-0.002405123423288144,0.01570426142232221
2019-11-15,23184.725638214946,23320.711661720357,22620.261407702965,23211.390808886717,432407.49830000004,0.0,0.0,23211.390808886717,23184.725638214946,23320.711661720357,22620.261407702965,0.001364598172389605,0.001530132588947594,-0.00016553441655801617,0.01789064621594966
2019-11-18,23239.181418546243,23383.75927053441,23022.394406418178,23159.072965722662,477805.23709999997,0.0,0.0,23159.072965722662,23239.181418546243,23383.75927053441,23022.394406418178,-0.005355634328120891,0.00187238426220409,-0.007228018590324998,0.018977436022567934
2019-11-19,23157.960775237265,23389.110738961186,23045.95746865743,23166.028812499997,257344.93389999997,0.0,0.0,23166.028812499997,23157.960775237265,23389.110738961186,23045.95746865743,0.0023250284539238467,0.003907377697288094,-0.0015823492433642552,0.015226437406321958
2019-11-20,23231.263282210948,23340.47722364204,22965.17023721823,23098.923078613283,387703.22179999994,0.0,0.0,23098.923078613283,23231.263282210948,23340.47722364204,22965.17023721823,0.002238887366347788,0.004518145855997638,-0.0022792584896498434,0.016499048706109215
2019-11-21,23137.046232658424,23417.1509384151,22839.58270953062,23022.029054296872,631046.0998,0.0,0.0,23022.029054296872,23137.046232658424,23417.1509384151,22839.58270953062,0.0016398353518176016,0.001015634101446284,0.0006242012503713233,0.019761130251484325
2019-11-22,23131.452054266254,23291.95964500001,22554.620264915822,22782.590214941407,406563.8081,198.45,0.0,22782.590214941407,23131.452054266254,23291.95964500001,22554.620264915822,-0.007455380797268191,-0.00020620895832757088,-0.007249171838940633,0.027016915367321693
2019-11-25,22885.38748888655,23030.743385599933,22479.993095643425,22702.180245996093,278889.81029999995,0.0,0.0,22702.180245996093,22885.38748888655,23030.743385599933,22479.993095643425,-0.0030225324594452606,0.0010532148109662198,-0.004075747270411496,0.02216882671909449
2019-11-26,22946.712593288,23040.49279812636,22595.577792799257,22715.249221484377,318230.38,0.0,0.0,22715.249221484377,22946.712593288,23040.49279812636,22595.577792799257,0.005160055004521775,0.008378771395596923,-0.003218716391075133,0.014381694223972449
2019-11-27,22702.893369675752,22905.204571050315,22554.83535170992,22677.895292675785,216486.99389999997,0.0,0.0,22677.895292675785,22702.893369675752,22905.204571050315,22554.83535170992,-0.0017135905391949741,-0.001000514689236989,-0.0007130758499579614,0.016312025391390726
2019-11-28,22679.84584982778,22826.434670654442,22453.867357031115,22588.814172753904,395886.06779999996,0.0,0.0,22588.814172753904,22679.84584982778,22826.434670654442,22453.867357031115,-0.003924657565731226,0.00027987933556781585,-0.004204536901299034,0.01615499433201895
2019-11-29,22502.84222434299,22675.498284679477,22302.275826552406,22443.202185839844,219544.35159999997,0.0,0.0,22443.202185839844,22502.84222434299,22675.498284679477,22302.275826552406,-0.006026253073830852,-0.005137440098106722,-0.0008888129757241262,0.01216896051393035
2019-12-02,22473.83819146134,22664.75989559768,22262.307096683035,22515.589481835945,356289.07869999995,0.0,0.0,22515.589481835945,22473.83819146134,22664.75989559768,22262.307096683035,0.0020465898774572134,0.0036371328116819655,-0.001590542934224736,0.019290599450711817
2019-12-06,22477.983464941826,22734.166577095184,22377.919745036932,22555.459754101565,167808.29969999997,0.0,0.0,22555.459754101565,22477.983464941826,22734.166577095184,22377.919745036932,-0.0022943290568046204,-0.003852266181471065,0.0015579371246664656,0.01439239857193103
2019-12-09,22667.999518139834,22859.391748865917,22433.326975359323,22678.244298632813,235154.31000000003,151.75,0.0,22678.244298632813,22667.999518139834,22859.391748865917,22433.326975359323,0.004135771051710954,0.0035320348878294335,0.0006037361638815085,0.02090964157001393
2019-12-10,22643.554221269733,22750.47311458345,22406.59551981571,22546.41324716797,233033.62600000002,0.0,0.0,22546.41324716797,22643.554221269733,22750.47311458345,22406.59551981571,-0.00382728893483916,-0.0016258069667866954,-0.0022014819680524433,0.016603893692265795
2019-12-11,22582.306631567797,22759.548661736968,22435.169480848333,22604.243519921878,177939.88700000002,25.28925678,0.0,22604.243519921878,22582.306631567797,22759.548661736968,22435.169480848333,0.0032855446258939994,4.9864524760545085e-05,0.0032356801011334552,0.013940220282850649
2019-12-12,22719.454192416415,22898.76102799172,22519.971429061123,22733.19525546875,238078.32679999998,20.009999999999998,0.0,22733.19525546875,22719.454192416415,22898.76102799172,22519.971429061123,0.007166651135254511,0.0041723611069094295,0.0029942900283450925,0.01725068115788984
2019-12-13,22767.486825993303,22903.460739251415,22615.604255066944,22720.820391406254,310584.00849999994,0.0,0.0,22720.820391406254,22767.486825993303,22903.460739251415,22615.604255066944,1.1290042593464843e-05,0.00027401165912411613,-0.0002627216165306508,0.013910064355553895
2019-12-16,22685.215510644768,22847.039427511332,22487.215119750093,22601.103624707033,254662.2384,91.65,0.0,22601.103624707033,22685.215510644768,22847.039427511332,22487.215119750093,-0.005375399943191183,-0.003428760535339522,-0.0019466394078516515,0.0182883844852107
2019-12-17,22592.198704552855,22722.12794571985,22462.656071178146,22510.103960351556,333519.2586999999,0.0,0.0,22510.103960351556,22592.198704552855,22722.12794571985,22462.656071178146,-0.005141988311698072,-0.0011238505144320274,-0.0040181377972660385,0.011288605129403731
2019-12-18,22503.760303547577,22637.285464633598,22325.668865986612,22430.55802822265,280449.26769999997,0.0,0.0,22430.55802822265,22503.760303547577,22637.285464633598,22325.668865986612,-0.0038394802912672978,-0.0008455834961734689,-0.002993896795093793,0.01387114771536361
2019-12-19,22371.660226040563,22607.620214610375,22254.995713342494,22434.251722265624,204633.29460000002,0.0,0.0,22434.251722265624,22371.660226040563,22607.620214610375,22254.995713342494,-0.0001891027174202903,-0.00624940345472608,0.006060300737305798,0.018558268739629156
2019-12-20,22491.585800744713,22661.179271501835,22381.18324418003,22569.223667089842,189083.5148,23.8,0.0,22569.223667089842,22491.585800744713,22661.179271501835,22381.18324418003,0.0020613526320349064,0.0003375519529730396,0.00172380067906185,0.01244661329326614
2019-12-23,22535.381204353187,22681.613168113698,22369.61337325115,22544.795358496096,200709.38299999997,14.200000000000001,0.0,22544.795358496096,22535.381204353187,22681.613168113698,22369.61337325115,-0.0027769831415698134,-0.003680976442144649,0.0009039933005748398,0.017740163431172785
2019-12-24,22520.870717586087,22632.813002334806,22345.59960037459,22479.42509960937,174011.61609999998,0.0,0.0,22479.42509960937,22520.870717586087,22632.813002334806,22345.59960037459,-0.0015907497344269572,-0.00032158458721155166,-0.0012691651472154077,0.014600089044695381
2019-12-25,22500.233557872907,22713.87946923546,22324.59638862943,22537.750559765627,298470.73040000006,0.0,0.0,22537.750559765627,22500.233557872907,22713.87946923546,22324.59638862943,0.001977031135319986,8.06809861531025e-05,0.0018963501491669375,0.01827420148222168
2019-12-26,22552.975280852028,22656.211328854646,22342.54928273531,22493.95351943359,243620.14289999998,6.99942846,0.0,22493.95351943359,22552.975280852028,22656.211328854646,22342.54928273531,-0.0011959748114611576,0.0011930024709437073,-0.00238897728240485,0.013728381796417959
2019-12-27,22554.59033405663,22610.254528406444,22318.768721741308,22420.51101835938,222980.85739999998,0.0,0.0,22420.51101835938,22554.59033405663,22610.254528406444,22318.768721741308,-0.0024736827809204547,0.0030457763731009235,-0.005519459154021369,0.015476578750185297
2019-12-30,22675.064647077746,22856.4751769635,22232.88414748782,22511.45356230469,467776.94299999997,367.4199804,0.07041599999999999,22511.45356230469,22675.064647077746,22856.4751769635,22232.88414748782,0.002802492101966722,0.009730083798499682,-0.006927591696532967,0.02531730189601811
2019-12-31,22469.751321057047,22694.1935238501,22205.28774758371,22513.2120421875,199573.2306,0.0,0.0,22513.2120421875,22469.751321057047,22694.1935238501,22205.28774758371,0.0009613447645052467,-0.00270119649002701,0.003662541254532234,0.020384181868963014
2020-07-28,19812.450113797353,20697.297072220077,19620.815336073043,20502.407951562505,492813.8389000001,0.0,0.0,20502.407951562505,19812.450113797353,20697.297072220077,19620.815336073043,,,0.02961331363849757,0.04313275958753204
2020-07-29,20211.905426017485,20548.202633356846,19694.084553074397,20002.75486962891,533358.7728,4.26,0.0,20002.75486962891,20211.905426017485,20548.202633356846,19694.084553074397,-0.017685967399340995,-0.011007172770060757,-0.006678794629280247,0.03613758075549234
2020-07-30,20005.466864214708,20324.68895700081,19851.471049571675,20084.380950683597,208542.39430000004,13.4,0.0,20084.380950683597,20005.466864214708,20324.68895700081,19851.471049571675,0.00430199717151707,0.0011996443889771926,0.0031023527825398854,0.021694057799722777
2020-07-31,19947.45907142537,20246.427928606696,19678.685487797,19979.078478417974,433464.4943,0.0,0.0,19979.078478417974,19947.45907142537,20246.427928606696,19678.685487797,9.408966680627068e-05,-0.00533466561869285,0.00542875528549912,0.027387177606433274
2020-08-03,19930.78937922598,20396.661944412237,19813.301173744534,20188.340361914063,511229.8677,0.0,0.0,20188.340361914063,19930.78937922598,20396.661944412237,19813.301173744534,0.011090621850269055,-0.005681922483218545,0.016772544333487602,0.030474050046816532
2020-08-04,20268.854032086554,20635.97498717699,20130.438496663748,20469.8585078125,528190.03,0.0,0.0,20469.8585078125,20268.854032086554,20635.97498717699,20130.438496663748,0.014786145889495136,0.0053264001229946225,0.009459745766500528,0.02528901753696973
2020-08-05,20596.920474594033,21107.228528278112,20389.50058015708,20772.755151953123,538826.8812000001,152.75,0.0,20772.755151953123,20596.920474594033,21107.228528278112,20389.50058015708,0.00895511584079265,0.0037252398280615312,0.0052298760127311265,0.028937971697511247
2020-08-06,20833.842021767203,21150.039450496824,20631.083769315785,20943.506854687494,436872.2091000001,0.0,0.0,20943.506854687494,20833.842021767203,21150.039450496824,20631.083769315785,0.004500153554362052,0.0002215021270558341,0.004278651427306189,0.022436426428591776
2020-08-07,20944.45885251287,21146.507752775324,20706.374265734157,20962.27572998047,423751.09150000004,0.0,0.0,20962.27572998047,20944.45885251287,21146.507752775324,20706.374265734157,-0.001649142379960786,-0.002133917131554067,0.0004847747515932822,0.01889157347621841
2020-08-10,21049.31557646885,21246.26699231265,20766.522978816483,20912.182501367188,458115.7041,0.0,0.0,20912.182501367188,21049.31557646885,21246.26699231265,20766.522978816483,0.0012043151232023993,0.005965185785378808,-0.004760870662176431,0.02186612444376963
2020-08-11,20880.96555927038,20982.63650041541,20635.269607245904,20788.113010351568,388622.42449999996,0.0,0.0,20788.113010351568,20880.96555927038,20982.63650041541,20635.269607245904,-0.006303422098829817,-0.003360998625057035,-0.002942423473772778,0.01569847674570279
2020-08-12,20788.503374504893,21037.2943857431,20688.194140944408,20874.983345996097,371206.1996,0.0,0.0,20874.983345996097,20788.503374504893,21037.2943857431,20688.194140944408,0.003814684555361881,-0.0002325195981583978,0.004047204153520296,0.018281642719348845
2020-08-13,20965.82441506153,21167.995262720633,20820.027003316558,21058.111628808598,605018.2544999999,0.0,0.0,21058.111628808598,20965.82441506153,21167.995262720633,20820.027003316558,0.005839132037345262,0.003973747155005606,0.0018653848823396452,0.016372793525729137
2020-08-14,21098.068805157316,21492.738970272978,20929.232351740346,21281.127718945318,543477.9243000002,0.0,0.0,21281.127718945318,21098.068805157316,21492.738970272978,20929.232351740346,0.008004645060467858,0.002060391165859406,0.005944253894608454,0.022891949065800304
2020-08-17,21141.019951278475,21389.930167561564,20932.030870616865,21287.780041796872,355785.0613,16.06973144,0.0,21287.780041796872,21141.019951278475,21389.930167561564,20932.030870616865,0.001865575544081481,-0.006854127361609708,0.008719702905691176,0.022685375759416572
2020-08-18,21247.649407740013,21465.237134430638,21061.789290703608,21279.263016113284,303008.0255,0.0,0.0,21279.263016113284,21247.649407740013,21465.237134430638,21061.789290703608,0.002321786021050093,-0.0024737315789982043,0.004795517600048288,0.017443520752763283
2020-08-19,21292.364219265826,21421.341780943578,21135.01477320213,21305.757528808597,317718.15760000004,0.0,0.0,21305.757528808597,21292.364219265826,21421.341780943578,21135.01477320213,0.002898910643611176,0.00025545392702835273,0.0026434567165828232,0.014529648829486265
2020-08-20,21285.375897484373,21468.7816378735,21143.550277789924,21295.515846679693,598820.9121999999,0.0,0.0,21295.515846679693,21285.375897484373,21468.7816378735,21143.550277789924,0.0005804925180788595,-0.0009193138207847223,0.0014998063388635787,0.01609116752182723
2020-08-21,21305.700920815227,21550.54430406515,21227.997073771225,21415.186772265628,570141.3283000002,0.0,0.0,21415.186772265628,21305.700920815227,21550.54430406515,21227.997073771225,0.00675445852210216,0.0002763592603989721,0.006478099261703206,0.0157896874901369
2020-08-24,21515.994302652045,21768.487341070213,21390.6178070808,21649.284072753908,958426.4227,0.0,0.0,21649.284072753908,21515.994302652045,21768.487341070213,21390.6178070808,0.010301849143960741,0.004984221326490158,0.005317627817470588,0.017514405079284787
2020-08-25,21703.16892428431,21953.16648869706,21565.032207175063,21792.15347324219,927675.8824,0.0,0.0,21792.15347324219,21703.16892428431,21953.16648869706,21565.032207175063,0.005637487937080486,0.0037983659881434414,0.001839121948937057,0.016360850403825455
2020-08-26,21780.501131202614,21909.87099196457,21593.760302823302,21716.491909277345,592341.4617999998,0.0,0.0,21716.491909277345,21780.501131202614,21909.87099196457,21593.760302823302,-0.0014789217515818894,-0.0004300501941686146,-0.0010488715574132842,0.013535728774178395
2020-08-27,21718.276490373995,22010.472148064782,21606.951385429496,21777.602271582025,739951.1627,0.0,0.0,21777.602271582025,21718.276490373995,22010.472148064782,21606.951385429496,0.00428453563118739,0.00025421082828592443,0.004030324802901472,0.018181975222839087
2020-08-28,21936.77830595893,22157.7664365664,21729.144308874427,21870.382498437502,798169.3378,0.0,0.0,21870.382498437502,21936.77830595893,22157.7664365664,21729.144308874427,0.003872982213094594,0.006140527024791878,-0.0022675448116973207,0.018737109839379377
2020-08-31,21923.752672845534,22259.66281542774,21683.164711617937,22007.52041171875,540907.6196999999,0.0,0.0,22007.52041171875,21923.752672845534,22259.66281542774,21683.164711617937,-0.00195027192754799,0.00029785672450594785,-0.0022481286520539454,0.022098637768611824
2020-09-01,22105.494530575725,22338.492457747907,21869.401299922294,22091.724092773442,546409.3761,0.0,0.0,22091.724092773442,22105.494530575725,22338.492457747907,21869.401299922294,0.005274123442438688,0.003281520399655829,0.0019926030427828787,0.022396026904769092
2020-09-02,22091.724092773442,22091.724092773442,22091.724092773442,22091.724092773442,0.0,0.0,0.0,22091.724092773442,22091.724092773442,22091.724092773442,22091.724092773442,0.0,2.2315482794965642e-17,-8.792966355031239e-18,2.7045032879868808e-17
2020-09-03,22177.91170783972,22399.147924094934,22018.290452204674,22266.2812921875,724851.2876,0.0,0.0,22266.2812921875,22177.91170783972,22399.147924094934,22018.290452204674,0.006303879055828908,0.0027330720416863944,0.0035708070141425084,0.017141661826899825
2020-09-04,22003.475094291767,22337.721597003176,21889.02718868296,22173.693613769534,550674.3434,0.0,0.0,22173.693613769534,22003.475094291767,22337.721597003176,21889.02718868296,-0.0025228382017200178,-0.012484860468872233,0.009962022267152232,0.022085421917450162
2020-09-07,22252.46941534505,22465.159270381744,21981.981848110554,22050.206623925777,764254.8125000001,0.0,0.0,22050.206623925777,22252.46941534505,22465.159270381744,21981.981848110554,-0.0063870668720027775,0.002505471471318577,-0.008892538343321342,0.021365851843310833
2020-09-08,22110.39725683008,22335.984996421183,21958.53732213682,22207.73131435547,476963.3416,0.0,0.0,22207.73131435547,22110.39725683008,22335.984996421183,21958.53732213682,0.008374682812132472,0.003585708101135232,0.004788974710997228,0.016721525250890813
2020-09-09,22099.00025909497,22452.63854511121,21971.723864704963,22339.28234921875,439758.93849999993,0.0,0.0,22339.28234921875,22099.00025909497,22452.63854511121,21971.723864704963,0.006110403495503177,-0.008183188011476022,0.014293591506979208,0.02227092375959346
2020-09-10,22420.751756128942,22641.6680000794,22201.58267553791,22388.087966308594,593379.8422999999,0.0,0.0,22388.087966308594,22420.751756128942,22641.6680000794,22201.58267553791,0.0016396665461089603,0.0017771910558691325,-0.00013752450976014608,0.01962428710119859
2020-09-11,22390.110987351985,22457.509774690752,22351.282965397328,22392.867335058592,64049.381199999996,0.0,0.0,22392.867335058592,22390.110987351985,22457.509774690752,22351.282965397328,0.00016314461225624857,0.00010664230444810858,5.650230780814819e-05,0.007995917479580103
2020-09-14,22522.2173049086,22777.36994785486,22379.512546535196,22677.353953515623,484462.0253,0.0,0.0,22677.353953515623,22522.2173049086,22777.36994785486,22379.512546535196,0.01577956494882244,0.007649747072145422,0.008129817876677013,0.01773296529552618
2020-09-15,22764.918435469994,22992.06504997088,22560.280764620773,22718.346143749997,632964.2143999998,0.0,0.0,22718.346143749997,22764.918435469994,22992.06504997088,22560.280764620773,0.00026741728230709994,0.002654290649056444,-0.002386873366749324,0.018301449762641454
2020-09-16,22805.133281459675,22971.201676997935,22595.866879749265,22779.360437890624,569672.1991,0.0,0.0,22779.360437890624,22805.133281459675,22971.201676997935,22595.866879749265,0.0006863742642592317,0.0013395931967200415,-0.0006532189324608107,0.016033888547119728
2020-09-17,22795.804597637598,22938.697003950765,22594.237392458086,22756.90447851562,576390.2738000001,0.0,0.0,22756.90447851562,22795.804597637598,22938.697003950765,22594.237392458086,0.0002053913756398979,0.000589767555236332,-0.0003843761795964527,0.017147696054664534
2020-09-18,22787.047945115242,23008.77245462531,22656.386131947165,22834.60020517578,548604.6665,17.85,0.0,22834.60020517578,22787.047945115242,23008.77245462531,22656.386131947165,0.003009125532998721,0.0006875005258125088,0.002321625007186193,0.014609831338977948
2020-09-21,22916.472260967632,23123.753972916693,22757.245321190745,22907.696321582025,722352.5577,107.7,0.0,22907.696321582025,22916.472260967632,23123.753972916693,22757.245321190745,0.0019580818784416536,0.0026326364526616285,-0.0006745545742199733,0.014850370918542246
2020-09-22,22914.688294041793,23150.362933375298,22754.08147980905,22925.27027763672,671558.6161999999,0.0,0.0,22925.27027763672,22914.688294041793,23150.362933375298,22754.08147980905,0.001648642806534518,8.071415183307735e-05,0.0015679286547014453,0.01762671230858964
2020-09-23,22979.719742409234,23073.975617825057,22786.882872145496,22885.442068359378,534632.8866000001,0.0,0.0,22885.442068359378,22979.719742409234,23073.975617825057,22786.882872145496,-0.004044650047048816,-0.0012814440672722634,-0.0027632059797765337,0.011968336579698738
2020-09-24,22863.748379973487,23028.76192989329,22688.339674619085,22820.86996582031,502161.51399999997,0.0,0.0,22820.86996582031,22863.748379973487,23028.76192989329,22688.339674619085,0.0018464888373852229,-0.0016901611409066155,0.0035366499782918197,0.01629269972271307
2020-09-25,22915.34903824111,23047.539587984593,22712.079612625417,22817.323525195316,560766.2603,0.0,0.0,22817.323525195316,22915.34903824111,23047.539587984593,22712.079612625417,0.0001722842580399799,0.004397292091321485,-0.0042250078332814744,0.016157609219802912
2020-09-28,22899.582353974663,23150.475469347046,22757.934779296927,22970.60096318359,384330.41880000004,0.0,0.0,22970.60096318359,22899.582353974663,23150.475469347046,22757.934779296927,0.005780285490298408,0.005006517993496058,0.0007737674968023296,0.017657096012301095
2020-09-29,22992.14071412188,23119.38189814421,22729.447469609288,22821.615069824227,682768.4399,0.0,0.0,22821.615069824227,22992.14071412188,23119.38189814421,22729.447469609288,-0.004108154905105023,6.761167365913329e-05,-0.0041757665787641625,0.015910102638093365
2020-09-30,22832.89308700088,22986.142444785834,22632.94030717628,22876.42063027343,750729.9014,0.0,0.0,22876.42063027343,22832.89308700088,22986.142444785834,22632.94030717628,0.004966813390257829,0.00036761160903177965,0.004599201781226061,0.014711421427460533
2020-10-01,22942.80533466311,23229.32268449555,22824.20329223097,23059.829904687504,542879.6527999999,0.0,0.0,23059.829904687504,22942.80533466311,23229.32268449555,22824.20329223097,0.0076922029315814825,0.003455512015111218,0.004236690916470228,0.01793223812052553
2020-10-02,23086.983642380932,23281.3342871925,22754.648027930758,23066.80473769531,747280.8301,0.0,0.0,23066.80473769531,23086.983642380932,23281.3342871925,22754.648027930758,0.0002462801516833332,0.0005456059624140332,-0.00029932581073067793,0.026041519406343208
2020-10-05,23140.984706372485,23429.385864834097,23045.605926594624,23217.958934667964,573126.5253000001,0.0,0.0,23217.958934667964,23140.984706372485,23429.385864834097,23045.605926594624,0.007878723451202985,0.0023216167329118817,0.005557106718291115,0.018450907431912706
2020-10-06,23303.24082403614,23579.03687365544,23164.23977067587,23452.741533984376,534946.5709999999,0.0,0.0,23452.741533984376,23303.24082403614,23579.03687365544,23164.23977067587,0.007553334624332499,0.0028737271631405726,0.004679607461191932,0.017568531631449155
2020-10-07,23483.281284263765,23831.29555547693,23295.477189744903,23617.586832812493,568530.2668,113.60000000000001,0.0,23617.586832812493,23483.281284263765,23831.29555547693,23295.477189744903,0.0060759936612867285,0.0019762634332078613,0.004099730228078874,0.021982065930246673
2020-10-08,23671.44387542113,23801.76062507046,23319.749346118366,23542.893776074212,703956.6034,0.0,0.0,23542.893776074212,23671.44387542113,23801.76062507046,23319.749346118366,-0.0008908151649386158,0.002555871966594675,-0.0034466871315332933,0.020577418842089332
2020-10-09,23598.522869954235,23793.41769804992,23375.422237973846,23671.258688183592,391646.9602,0.0,0.0,23671.258688183592,23598.522869954235,23793.41769804992,23375.422237973846,0.002669505591145072,0.0019397172393167436,0.0007297883518282998,0.015824131483104856
2020-10-12,23800.50463556376,23984.026237474118,23295.865745877432,23405.80991621094,537985.9746,0.0,0.0,23405.80991621094,23800.50463556376,23984.026237474118,23295.865745877432,-0.0088260102579344,0.006107373847750951,-0.014933384105685356,0.026745109502725378
2020-10-13,23433.465410085297,23575.47033341798,23046.239941907654,23236.439265136723,458395.59249999997,0.0,0.0,23236.439265136723,23433.465410085297,23575.47033341798,23046.239941907654,-0.003830218357153341,-0.0013947636603031423,-0.002435454696850206,0.01942014961367492
2020-10-14,23264.584479418616,23710.64278634247,23034.45276055732,23347.381458496096,608266.3273999998,0.0,0.0,23347.381458496096,23264.584479418616,23710.64278634247,23034.45276055732,0.0004570049561951014,0.0020590749901384505,-0.0016020700339433604,0.022509790268065048
2020-10-15,23379.82166620396,23592.97968963548,23129.28626419272,23325.16822236328,508403.30830000003,0.0,0.0,23325.16822236328,23379.82166620396,23592.97968963548,23129.28626419272,-0.0019313239165846326,0.0016648146495577903,-0.0035961385661424337,0.019764195549837313
2020-10-16,23332.58389195171,23550.31368334227,23041.006029691598,23233.348382910153,831341.2887999999,0.0,0.0,23233.348382910153,23332.58389195171,23550.31368334227,23041.006029691598,-0.0037239252361518076,-0.001234269148026233,-0.002489656088125564,0.023907686765532052
2020-10-19,23291.050800771634,23454.83669064557,23074.29890176467,23251.581876757806,428420.0137,13.549999999999999,0.0,23251.581876757806,23291.050800771634,23454.83669064557,23074.29890176467,0.0028821685207276394,0.0030279190264745357,-0.00014575050574690984,0.018879187389624123
2020-10-20,23218.02878518651,23479.084604892716,23006.712899328206,23273.319293359367,547896.9434,0.0,0.0,23273.319293359367,23218.02878518651,23479.084604892716,23006.712899328206,0.0027578281179430992,-0.0017756653823850787,0.004533493500328161,0.022082299510454005
2020-10-21,23363.03518798395,23537.773318633568,23083.371636621872,23235.432160937504,617951.5607,0.0,0.0,23235.432160937504,23363.03518798395,23537.773318633568,23083.371636621872,-0.0015867136162857184,0.001719399337296477,-0.0033061129535821815,0.01831573437738619
2020-10-22,23256.76843727421,23482.796764295468,23072.342316674447,23317.458968261722,397343.5212,0.0,0.0,23317.458968261722,23256.76843727421,23482.796764295468,23072.342316674447,0.005654962042940534,0.002337850606613198,0.0033171114363273364,0.018665202788601655
2020-10-23,23381.053429192998,23722.64151892478,23236.263258084255,23521.460808007814,575620.227,28.6,0.0,23521.460808007814,23381.053429192998,23722.64151892478,23236.263258084255,0.007771134318562642,0.002822884805446526,0.004948249513116159,0.020168497849190222
2020-10-26,23508.752135116185,23718.043008833396,23262.29580931943,23350.3610647461,703652.4848,0.0,0.0,23350.3610647461,23508.752135116185,23718.043008833396,23262.29580931943,-0.007482312141814327,-0.002381865111463284,-0.005100447030351039,0.019816259809402666
2020-10-27,23259.35381400709,23487.55793141793,23111.601159046837,23223.55513125,559077.4353000001,146.7,0.0,23223.55513125,23259.35381400709,23487.55793141793,23111.601159046837,-0.007557983255529695,-0.005597754458415721,-0.001960228797113989,0.017722556083154706
2020-10-28,23219.528278067868,23414.9422679425,22717.141037191614,22894.841515917975,666519.1483999997,141.75,0.0,22894.841515917975,23219.528278067868,23414.9422679425,22717.141037191614,-0.015303016166661274,0.0015927053484598884,-0.016895721515121163,0.03251151547992818
2020-10-29,22619.383348143023,23031.31712940776,22458.98049862842,22865.947289257812,574794.2877,0.0,0.0,22865.947289257812,22619.383348143023,23031.31712940776,22458.98049862842,-0.002504321421877796,-0.012229883572879463,0.00972556215100165,0.02554605756710563
2020-10-30,22919.10577915952,23226.436432355305,22666.133094446395,22898.154322753908,408548.18629999994,0.0,0.0,22898.154322753908,22919.10577915952,23226.436432355305,22666.133094446395,0.0015522263664582475,0.002697979920160252,-0.0011457535537020055,0.025928145699381813
2020-11-02,23013.671269266808,23193.916007850676,22529.461680315217,23034.254019531247,312384.0606,0.0,0.0,23034.254019531247,23013.671269266808,23193.916007850676,22529.461680315217,0.005828283437798041,0.0037299753116520388,0.0020983081261460165,0.0251569509899784
2020-11-03,23116.915703485658,23285.324721247063,22891.1374091269,23175.876806250002,434879.3569,0.0,0.0,23175.876806250002,23116.915703485658,23285.324721247063,22891.1374091269,0.008732210844273211,0.003040691228238116,0.005691519616035125,0.019783139269270313
2020-11-04,23167.411987178533,23346.455402527972,23032.266184046966,23245.132940234376,319362.8377999999,0.0,0.0,23245.132940234376,23167.411987178533,23346.455402527972,23032.266184046966,0.004014665595811966,-0.0018665955993472346,0.005881261195159194,0.01556861401245782
2020-11-05,23241.94397044978,23414.790059971434,22992.44673327855,23147.79131074219,345536.4048000001,0.0,0.0,23147.79131074219,23241.94397044978,23414.790059971434,22992.44673327855,-0.0035799174935597835,-0.0009571444522474201,-0.002622773041312372,0.021153892962287757
2020-11-06,23166.28494139394,23272.420508420277,23003.70318522042,23156.781880566403,431054.87899999996,8.52,0.0,23156.781880566403,23166.28494139394,23272.420508420277,23003.70318522042,0.0011946981317220273,-0.00018803340012937226,0.0013827315318513877,0.01291032878142535
2020-11-09,23235.987130524085,23462.10061681181,23108.851182877228,23332.3402241211,695767.2756000002,0.0,0.0,23332.3402241211,23235.987130524085,23462.10061681181,23108.851182877228,0.009863926242604796,0.00247580187257472,0.007388124370030055,0.01728321160801883
2020-11-10,23592.582334752755,23718.426957447882,23182.478485976386,23336.16958291015,457843.5129,0.0,0.0,23336.16958291015,23592.582334752755,23718.426957447882,23182.478485976386,-0.0005779563755606523,0.00925133588401289,-0.00982929225957355,0.023664890853770795
2020-11-11,23426.249681116744,23666.861017802905,23254.731331007126,23469.399610742184,549312.5959,0.0,0.0,23469.399610742184,23426.249681116744,23666.861017802905,23254.731331007126,0.006925623115202135,0.0011577090665584053,0.00576791404864371,0.01911644618748129
2020-11-12,23483.45482211878,23728.753806350196,23391.910462187243,23607.100550292966,556877.9348,0.0,0.0,23607.100550292966,23483.45482211878,23728.753806350196,23391.910462187243,0.005504560282673648,0.0002010910917617485,0.005303469190911926,0.015022269581419159
2020-11-13,23612.667533973352,23862.172196803003,23504.670648324318,23714.318431542968,442833.4273,0.0,0.0,23714.318431542968,23612.667533973352,23862.172196803003,23504.670648324318,0.0043798453597702885,-6.85593962246663e-05,0.004448404755994958,0.015174903294541955
2020-11-16,23768.531791395064,23973.724284981163,23442.819448812497,23625.558715039064,826892.2909,0.0,0.0,23625.558715039064,23768.531791395064,23973.724284981163,23442.819448812497,-0.0037149619740454417,0.0002426133078428347,-0.003957575281888283,0.02070703242053164
2020-11-17,23782.59466769598,23972.39970352495,23523.963568762218,23812.88433085938,717539.6662999999,12.0,0.0,23812.88433085938,23782.59466769598,23972.39970352495,23523.963568762218,0.00845668877529298,0.00469739030784451,0.0037592984674484414,0.019010669713120956
2020-11-18,23795.433397874753,24072.255907152474,23602.352335314798,23865.018857617186,625514.6371999998,0.0,0.0,23865.018857617186,23795.433397874753,24072.255907152474,23602.352335314798,0.002562843167342674,-0.0006977145065836806,0.003260557673926353,0.02306106701585238
2020-11-19,23933.51646150051,24312.628590303775,23759.928560361637,24176.4961258789,880409.2844,29.65,0.0,24176.4961258789,23933.51646150051,24312.628590303775,23759.928560361637,0.009446109845572434,0.0047631134899953995,0.004682996355577039,0.019520069322852895
2020-11-20,24047.335188998466,24350.421294786054,23912.36221987498,24210.202152929684,621564.2949999999,0.0,0.0,24210.202152929684,24047.335188998466,24350.421294786054,23912.36221987498,0.0021508573272036773,-0.005419738295740158,0.007570595622943827,0.019850761991853743
2020-11-23,24215.39136241998,24468.228976448107,23996.019156704217,24311.78627832031,698373.9441000001,18.9,0.0,24311.78627832031,24215.39136241998,24468.228976448107,23996.019156704217,0.005804770393026521,-6.772931986152137e-05,0.005872499712888057,0.02056999553009394
2020-11-24,24323.313910470333,24426.43371992968,24020.741696765846,24186.05846162109,735719.8728,0.0,0.0,24186.05846162109,24323.313910470333,24426.43371992968,24020.741696765846,-0.004104328026323253,0.0005463770648694138,-0.0046507050911926626,0.016773057420475388
2020-11-25,24255.463173289303,24475.89670711531,24058.010472234335,24264.29783105469,517101.0381,0.0,0.0,24264.29783105469,24255.463173289303,24475.89670711531,24058.010472234335,0.0013831980898807632,0.0032711174732954333,-0.0018879193834146662,0.01672418175929856
2020-11-26,24270.910373315673,24520.096362050008,24159.595093828328,24407.82037285156,551441.0817999999,0.0,0.0,24407.82037285156,24270.910373315673,24520.096362050008,24159.595093828328,0.003539114487526517,-0.0006788280974265492,0.004217942584953072,0.014628270404946622
2020-11-27,24427.808342985736,24776.680297887924,24254.94901548268,24580.772375683595,793487.3207,70.5,0.0,24580.772375683595,24427.808342985736,24776.680297887924,24254.94901548268,0.010391021981647921,0.001802382490037155,0.00858863949161074,0.0227447607108667
2020-11-30,24649.96806238435,24757.41010456095,24418.074267669803,24550.258231738288,682853.8648999999,68.0,0.0,24550.258231738288,24649.96806238435,24757.41010456095,24418.074267669803,-0.0027060986741227824,0.0004272123316549261,-0.003133311005777681,0.014153575642423661
2020-12-01,24449.79898667028,24803.327750000884,24232.02083426986,24751.133949707026,772090.5413,127.47,0.0,24751.133949707026,24449.79898667028,24803.327750000884,24232.02083426986,0.009713023177548599,-0.002707934522858622,0.012420957700407239,0.025678130751519358
2020-12-02,24787.471564981624,25203.126748801966,24636.80738299087,25041.275419238285,811378.493,0.0,0.0,25041.275419238285,24787.471564981624,25203.126748801966,24636.80738299087,0.00969714043744996,0.000505229331038986,0.00919191110641098,0.02138480786405664
2020-12-03,25073.3875793535,25297.3329390173,24762.64324385486,24991.879053222656,558741.3323,95.37036769999999,0.0,24991.879053222656,25073.3875793535,25297.3329390173,24762.64324385486,0.0006892570931568891,0.0018503474835416432,-0.001161090390384728,0.02211424230294852
2020-12-04,25022.687978281174,25338.780733789754,24809.237783731205,25096.3373375,481169.7828,0.0,0.0,25096.3373375,25022.687978281174,25338.780733789754,24809.237783731205,-0.0002202560356532282,0.003105598613466039,-0.0033258546491192545,0.0183686349327567
2020-12-07,25103.348729535006,25393.32090584999,24801.994974870682,25092.32492861328,549826.7886999999,0.0,0.0,25092.32492861328,25103.348729535006,25393.32090584999,24801.994974870682,-0.00536239781340643,-0.0002973857506746747,-0.005065012062731744,0.02197806766426372
2020-12-08,25081.869952035246,25410.941122912634,24883.87924202445,25181.837992773442,695528.972,0.0,0.0,25181.837992773442,25081.869952035246,25410.941122912634,24883.87924202445,0.004670011793136932,0.0005349500755493776,0.004135061717587564,0.022533872310045003
2020-12-09,25186.074643461507,25469.161876616192,24964.486417181837,25211.50180332031,683395.2585000001,0.0,0.0,25211.50180332031,25186.074643461507,25469.161876616192,24964.486417181837,0.005305761249134804,0.0030144696987982923,0.0022912915503365233,0.01886423928719069
2020-12-10,25214.01416265016,25427.59684441482,24797.582164269297,24989.392022363274,702236.0991999998,0.0,0.0,24989.392022363274,25214.01416265016,25427.59684441482,24797.582164269297,-0.006946454125016247,-0.0005920200877998535,-0.006354434037216393,0.025557262717318865
2020-12-11,25052.403217524305,25438.363442752387,24847.97972204841,25254.123576660157,547194.7157,0.0,0.0,25254.123576660157,25052.403217524305,25438.363442752387,24847.97972204841,0.0068784697760399475,0.003054959615519061,0.003823510160520918,0.020842071339129842
2020-12-14,25398.683970556645,25561.764683219968,25092.81506630531,25333.881267578126,539782.53,12.6828302,0.0,25333.881267578126,25398.683970556645,25561.764683219968,25092.81506630531,0.004105553369512867,0.006255172014627258,-0.0021496186451143958,0.0214960028800574
2020-12-15,25407.728709676518,25603.28229540143,25063.236044810976,25269.099086425787,717430.2485999999,0.0,0.0,25269.099086425787,25407.728709676518,25603.28229540143,25063.236044810976,0.001273120101260329,0.003714557048608973,-0.002441436947348635,0.022041029651179572
2020-12-16,25333.23710430767,25574.104680911507,25174.178330326307,25328.991298339854,542421.2859000001,0.0,0.0,25328.991298339854,25333.23710430767,25574.104680911507,25174.178330326307,0.0018967887534607002,0.002455523991225142,-0.0005587352377644499,0.015082272300567896
2020-12-17,25361.17119092963,25547.551218507193,24757.655773871404,25254.758385253906,791344.2544000001,33.25,0.0,25254.758385253906,25361.17119092963,25547.551218507193,24757.655773871404,-0.0019969825650910183,0.0006948791365476072,-0.0026918617016386446,0.023772455921718776
2020-12-18,25260.09778640943,25496.411793140574,25056.308290987825,25349.83873623047,613812.6405999999,14.200000000000001,0.0,25349.83873623047,25260.09778640943,25496.411793140574,25056.308290987825,0.002224909118527847,0.0011384186758902988,0.0010864904426375686,0.01557658571536829
2020-12-21,25381.458381517197,25613.91866834174,25162.825708442124,25422.535985644536,663278.1545000001,0.0,0.0,25422.535985644536,25381.458381517197,25613.91866834174,25162.825708442124,0.005922502711253755,0.0016324625765398808,0.004290040134713867,0.01950998607707129
2020-12-22,25460.473858851576,25596.30766687896,25344.42992425698,25510.109029199222,633821.4794,56.7,0.0,25510.109029199222,25460.473858851576,25596.30766687896,25344.42992425698,0.003330652212435707,0.0011161393921017392,0.0022145128203339606,0.011495941482221243
2020-12-23,25492.967796787754,25687.975244178677,25250.46381045401,25360.720363867185,497759.0446,0.0,0.0,25360.720363867185,25492.967796787754,25687.975244178677,25250.46381045401,-0.0031536694491273247,-0.0001419717714073741,-0.0030116976777199407,0.017674746570945494
2020-12-24,25409.44206027471,25551.719897749994,24780.035728090108,25208.276519921877,634225.1689,0.0,0.0,25208.276519921877,25409.44206027471,25551.719897749994,24780.035728090108,-0.007753969379497662,0.0004805037883431863,-0.008234473167840853,0.032393754774473454
2020-12-25,25198.199266840842,25543.168746159536,25070.00654300575,25467.770095117186,464960.0451,0.0,0.0,25467.770095117186,25198.199266840842,25543.168746159536,25070.00654300575,0.010239281849606202,-0.0007808310240472775,0.011020112873653502,0.0181523433610373
2020-12-28,25508.778165412277,25700.833659807002,25209.710164741595,25385.211334570307,607800.9195999998,0.0,0.0,25385.211334570307,25508.778165412277,25700.833659807002,25209.710164741595,-0.0005550094859846768,0.002985056348453344,-0.003540065834438013,0.019628818464630465
2020-12-29,25386.583756500095,25767.71330431012,25216.0491225215,25546.264215625004,651041.5398000001,0.0,0.0,25546.264215625004,25386.583756500095,25767.71330431012,25216.0491225215,0.005460425724875261,-0.0012175061637282535,0.006677931888603494,0.022225232623592123
2020-12-30,25549.24990036557,25786.749611221563,25383.404573186133,25565.44473798828,464196.10860000004,0.0,0.0,25565.44473798828,25549.24990036557,25786.749611221563,25383.404573186133,0.0007272604952369029,0.00013111045734327028,0.0005961500378936567,0.016405624639389025
2020-12-31,25522.46279466078,25782.60813257168,25259.45645893678,25514.725220605473,509684.527,0.0,0.0,25514.725220605473,25522.46279466078,25782.60813257168,25259.45645893678,0.0019163492017168053,-0.0025097879231146362,0.004426137124831444,0.01946872221277837
2021-01-01,25514.725220605473,25514.725220605473,25514.725220605473,25514.725220605473,0.0,0.0,0.0,25514.725220605473,25514.725220605473,25514.725220605473,25514.725220605473,0.0,-1.4699352846037075e-17,3.096412015679561e-17,3.252953462151708e-17
2021-01-04,25812.570163148455,26093.557435504747,25532.323646172386,25889.55755000001,64182.93590000001,0.0,0.0,25889.55755000001,25812.570163148455,26093.557435504747,25532.323646172386,0.013547872335338511,0.008906094027102185,0.00464177830823633,0.019976824641276703
2021-01-05,25899.739161291993,26149.336520273722,25668.165988188844,25966.357743066405,56899.528099999996,23.8,0.0,25966.357743066405,25899.739161291993,26149.336520273722,25668.165988188844,0.004242238901306215,-0.00013538576308090892,0.00437762466438712,0.01924670923043041
2021-01-06,25966.752903501354,26166.932074686043,25686.0539658099,25945.22084492188,58434.039300000004,0.0,0.0,25945.22084492188,25966.752903501354,26166.932074686043,25686.0539658099,-3.371951787153421e-05,0.00035816414541448884,-0.0003918836632860255,0.017771245161953646
2021-01-07,25975.68595946206,26198.999500431128,25642.711728910286,25997.55318896485,63132.987899999986,0.0,0.0,25997.55318896485,25975.68595946206,26198.999500431128,25642.711728910286,0.0050271624513402585,0.0016004341946361466,0.0034267282567041206,0.023367345164206105
2021-01-08,26009.1160335097,26333.083767087064,25840.207577334975,26072.15341171875,70505.72969999998,0.0,0.0,26072.15341171875,26009.1160335097,26333.083767087064,25840.207577334975,0.0015843845213909936,0.0006342593423729892,0.0009501251790179897,0.020585942725243483
2021-01-11,26178.651344850692,26448.45675743922,25915.238871664475,26219.011047949218,48544.29639999999,9.42766687,0.0,26219.011047949218,26178.651344850692,26448.45675743922,25915.238871664475,0.0036092501853672854,0.004097026774543836,-0.00048777658917651724,0.01803955806574359
2021-01-12,26387.198115746865,26799.720138790555,26151.79397710178,26681.715570703127,72621.10839999998,25.28925678,0.0,26681.715570703127,26387.198115746865,26799.720138790555,26151.79397710178,0.016498225777354474,0.005515120137006985,0.010983105640347476,0.025767790962134104
2021-01-13,26817.22978257811,27278.11150160359,26550.220695450404,26852.613230371095,70219.04570000002,0.0,0.0,26852.613230371095,26817.22978257811,27278.11150160359,26550.220695450404,0.0037584522476127227,0.003775329316651396,-1.6877069038707254e-05,0.025226255515140295
2021-01-14,26958.276805723868,27119.231259474473,26569.168257277066,26779.65754355469,60695.122299999995,0.0,0.0,26779.65754355469,26958.276805723868,27119.231259474473,26569.168257277066,-0.0021645660115524957,0.0025352129721899017,-0.004699778983742385,0.019235541877195415
2021-01-15,26797.802411932724,27041.35480122149,26480.19253276705,26738.039662304687,58338.6236,0.0,0.0,26738.039662304687,26797.802411932724,27041.35480122149,26480.19253276705,0.0012764696398902147,0.000408895186240696,0.0008675744536495142,0.019560362250913173
2021-01-18,26794.83873195648,27098.233376672466,26483.911394738632,26831.559487207032,60941.461899999995,58.8,0.0,26831.559487207032,26794.83873195648,27098.233376672466,26483.911394738632,0.004148278382374133,0.0032532496050620505,0.000895028777312093,0.0229627125928342
2021-01-19,26797.344795254092,26928.69231525742,25457.54204240295,25973.369238476564,80022.1058,4.7,0.0,25973.369238476564,26797.344795254092,26928.69231525742,25457.54204240295,-0.030076549778614636,-0.0005297051590336913,-0.029546844619580966,0.05079959559129339
2021-01-20,26018.149255154192,26274.801595384884,25302.69077243491,26045.828733398437,85866.0942,0.0,0.0,26045.828733398437,26018.149255154192,26274.801595384884,25302.69077243491,0.0021511256984508655,0.0017294649507703635,0.00042166074768051713,0.03947143126631989
2021-01-21,26202.70163198479,26578.427148809707,25891.77925664326,26474.644730175787,57356.26550000001,0.0,0.0,26474.644730175787,26202.70163198479,26578.427148809707,25891.77925664326,0.01619049073782043,0.0058290721791120405,0.010361418558708388,0.0251973352853148
2021-01-22,26512.22265779414,26842.232429043575,26299.540825554046,26675.216236523433,81125.98310000003,0.0,0.0,26675.216236523433,26512.22265779414,26842.232429043575,26299.540825554046,0.0073227054863682734,0.00041867489461719793,0.006904030591751063,0.022066597028832843
2021-01-25,26774.403132384312,27043.76663518032,26445.65029144106,26891.52834130859,77654.58810000001,100.749257434,0.0,26891.52834130859,26774.403132384312,27043.76663518032,26445.65029144106,0.007782043210699881,0.0031286670470361795,0.004653376163663703,0.02197578633255233
2021-01-26,26877.656583046715,27066.96576947072,26106.262496392425,26509.033746679685,66831.8272,0.0,0.0,26509.033746679685,26877.656583046715,27066.96576947072,26106.262496392425,-0.014029993975576511,0.00019349348306739526,-0.014223487458643862,0.036303489123358866
2021-01-27,26329.370745531276,26623.156419145416,25732.18112035469,26131.90513017578,82152.2743,0.0,0.0,26131.90513017578,26329.370745531276,26623.156419145416,25732.18112035469,-0.014537902786458393,-0.00399054328616886,-0.010547359500289542,0.03296189001372309
2021-01-28,25298.06368100898,25631.843573465252,24427.566860418745,24521.85376865234,121896.7847,0.0,0.0,24521.85376865234,25298.06368100898,25631.843573465252,24427.566860418745,-0.05948267653838681,-0.0321472502855479,-0.027335426252838926,0.047043487626545186
2021-01-29,24187.46610873499,25792.482225193027,23836.46421872661,25037.719395019532,84562.53600000001,0.0,0.0,25037.719395019532,24187.46610873499,25792.482225193027,23836.46421872661,0.029155481807639487,-0.014593286421612969,0.04374876822925249,0.07228053057528364
2021-02-01,25096.222584296287,25424.364572885286,24667.180363392727,24821.919641699227,63808.171299999995,0.0,0.0,24821.919641699227,25096.222584296287,25424.364572885286,24667.180363392727,-0.014994820956588861,-0.003094873771164869,-0.01189994718542398,0.03226558633474007
2021-02-02,24822.142576814753,25448.007716695374,24591.703031513112,25290.202916601564,75238.10839999998,0.0,0.0,25290.202916601564,24822.142576814753,25448.007716695374,24591.703031513112,0.016492570054921208,-0.0022957786747812223,0.018788348729702413,0.03520053826598652
2021-02-03,25423.9204679949,25818.833905989228,25059.359260210833,25572.721465722654,83894.20290000002,0.0,0.0,25572.721465722654,25423.9204679949,25818.833905989228,25059.359260210833,0.01315496690131512,0.004272662221770554,0.008882304679544583,0.029640982758628052
2021-02-04,25637.896174232035,25975.195643371935,25327.93057215624,25670.782786523432,78285.48629999999,80.0,0.0,25670.782786523432,25637.896174232035,25975.195643371935,25327.93057215624,0.0014836043055737054,0.002417795947487843,-0.0009341916419141316,0.02440794272136881
2021-02-05,25738.885451320075,25996.72607839791,25558.293410894086,25870.051455859382,56328.9506,26.9,0.0,25870.051455859382,25738.885451320075,25996.72607839791,25558.293410894086,0.008975495013839641,0.003709306782465419,0.005266188231374208,0.018041838150681104
2021-02-08,26036.13682740864,26196.139906643133,25090.082283996584,25399.204912109373,86791.8933,0.0,0.0,25399.204912109373,26036.13682740864,26196.139906643133,25090.082283996584,-0.014913476375050127,0.005485863602160633,-0.020399339977210773,0.038002887301929696
2021-02-09,25403.860816447013,25403.860816447013,25396.84610715034,25399.204912109373,210.83899999999997,0.0,0.0,25399.204912109373,25403.860816447013,25403.860816447013,25396.84610715034,0.0,0.0002921781550860574,-0.0002921781550860516,0.0004991591680143335
2021-02-10,25399.204912109373,25399.204912109373,25399.204912109373,25399.204912109373,0.0,0.0,0.0,25399.204912109373,25399.204912109373,25399.204912109373,25399.204912109373,0.0,1.2589929099249274e-17,-6.294964549624638e-18,1.2589929099249274e-17
2021-02-11,25399.204912109373,25399.204912109373,25399.204912109373,25399.204912109373,0.0,0.0,0.0,25399.204912109373,25399.204912109373,25399.204912109373,25399.204912109373,0.0,1.2589929099249274e-17,-6.294964549624638e-18,1.2589929099249274e-17
2021-02-12,25399.204912109373,25399.204912109373,25399.204912109373,25399.204912109373,0.0,0.0,0.0,25399.204912109373,25399.204912109373,25399.204912109373,25399.204912109373,0.0,1.2589929099249274e-17,-6.294964549624638e-18,1.2589929099249274e-17
2021-02-15,25399.204912109373,25399.204912109373,25399.204912109373,25399.204912109373,0.0,0.0,0.0,25399.204912109373,25399.204912109373,25399.204912109373,25399.204912109373,0.0,1.2589929099249274e-17,-6.294964549624638e-18,1.2589929099249274e-17
2021-02-16,25399.204912109373,25399.204912109373,25399.204912109373,25399.204912109373,0.0,0.0,0.0,25399.204912109373,25399.204912109373,25399.204912109373,25399.204912109373,0.0,1.2589929099249274e-17,-6.294964549624638e-18,1.2589929099249274e-17
2021-02-17,26116.723960001636,26597.087513564325,25859.465833566304,26378.263788085933,80246.4193,0.0,0.0,26378.263788085933,26116.723960001636,26597.087513564325,25859.465833566304,0.0348444427565331,0.024764841916085113,0.010079600840447994,0.030133241593542782
2021-02-18,26460.16430753248,26914.125290449785,26169.23114420427,26779.351278710936,61311.6207,0.0,0.0,26779.351278710936,26460.16430753248,26914.125290449785,26169.23114420427,0.008259999547588916,0.003019489554738978,0.005240509992849902,0.021993368927396284
2021-02-19,26639.584722614607,26974.48136479241,26458.595527224003,26799.865374023444,64221.4007,0.0,0.0,26799.865374023444,26639.584722614607,26974.48136479241,26458.595527224003,0.0004692148023551413,-0.004098046364396351,0.004567261166751506,0.01760148519109047
2021-02-22,26792.62216791851,27026.62814236635,26536.137435611734,26750.817605859374,58028.857599999996,0.0,0.0,26750.817605859374,26792.62216791851,27026.62814236635,26536.137435611734,-0.0011374390781632299,0.0017646398556859174,-0.0029020789338491592,0.01707737586635457
2021-02-23,26707.548946313786,26902.16832696549,26368.66404187271,26657.629236035165,74875.08639999999,0.0,0.0,26657.629236035165,26707.548946313786,26902.16832696549,26368.66404187271,0.00015612092277908284,-0.0010018515324526564,0.0011579724552317433,0.018368793146514507
2021-02-24,26664.07549596727,26775.067594889853,26458.293040543405,26542.16883740235,231529.34000000003,0.0,0.0,26542.16883740235,26664.07549596727,26775.067594889853,26458.293040543405,-0.004845810974394077,-0.0012927707832763322,-0.0035530401911177296,0.011414820438600036
2021-02-25,26609.95749760566,26821.256775898797,26497.264988674215,26721.202507617192,270313.79120000004,0.0,0.0,26721.202507617192,26609.95749760566,26821.256775898797,26497.264988674215,0.006323616413303199,0.0023652770764561897,0.003958339336847004,0.011599455421358798
2021-02-26,26714.67329834272,27018.723552020612,26475.67404534484,26861.883778125,53649.220400000006,201.74999999999997,0.0,26861.883778125,26714.67329834272,27018.723552020612,26475.67404534484,0.0034411702605605192,-0.0012601923354158434,0.004701362595976392,0.017932665236549433
2021-03-01,26935.26608809387,27199.130266772736,26644.17449558122,27082.80760019532,63563.56240000001,0.0,0.0,27082.80760019532,26935.26608809387,27199.130266772736,26644.17449558122,0.008704473618443183,0.002771938046965938,0.0059325355714772605,0.019568981244701255
2021-03-02,27186.22161695321,27317.974738372857,26769.245055163883,27101.732100390618,55538.81520000001,51.00000000000001,0.0,27101.732100390618,27186.22161695321,27317.974738372857,26769.245055163883,0.0013874854006944875,0.0037964111837872406,-0.002408925783092757,0.018283444758413377
2021-03-03,27153.951641071362,27382.21049946488,26942.344820673956,27154.388427832033,67083.71689999998,0.0,0.0,27154.388427832033,27153.951641071362,27382.21049946488,26942.344820673956,0.0037540201356452522,0.0012430485025884041,0.0025109716330568607,0.01582345280771886
2021-03-04,27198.3293445633,27292.405248647563,26414.916061269614,26729.475320410158,71552.367,0.0,0.0,26729.475320410158,27198.3293445633,27292.405248647563,26414.916061269614,-0.01212509308682015,0.0014352459731562333,-0.013560339059976372,0.027262658815645078
2021-03-05,26700.036504774776,26894.35670972847,26308.785734597666,26716.541926953134,57039.5081,0.0,0.0,26716.541926953134,26700.036504774776,26894.35670972847,26308.785734597666,0.000674663326563633,-0.0013739991072338853,0.0020486624337975236,0.022213522386836555
2021-03-08,26805.240438953864,27095.014333799743,26516.919594563045,26727.922209960936,50843.9205,0.0,0.0,26727.922209960936,26805.240438953864,27095.014333799743,26516.919594563045,0.0018148440307638276,0.004227391286558672,-0.0024125472557948655,0.020187816606051463
2021-03-09,26665.991762916725,26895.544024667324,26354.651438107812,26632.967120507812,80501.24900000001,0.0,0.0,26632.967120507812,26665.991762916725,26895.544024667324,26354.651438107812,-0.0017464561454779235,-0.0028527246583448284,0.0011062685128668875,0.019962921065232602
2021-03-10,26618.941636307754,26893.83324716945,26474.400810894673,26736.216215332028,59988.6641,0.0,0.0,26736.216215332028,26618.941636307754,26893.83324716945,26474.400810894673,0.003165527459152909,0.00022554413563723326,0.002939983323515696,0.014953288625917813
2021-03-11,26906.187460904122,27224.532633628274,26709.00462167133,27072.694390039065,48239.1846,0.0,0.0,27072.694390039065,26906.187460904122,27224.532633628274,26709.00462167133,0.01035160492249321,0.004890762824618407,0.0054608420978747955,0.017692518670239514
2021-03-12,27156.7966378111,27300.57608499465,26917.849665337486,27126.170133789055,50109.4145,0.0,0.0,27126.170133789055,27156.7966378111,27300.57608499465,26917.849665337486,0.0018928269633992176,0.0026914545833525605,-0.0007986276199533351,0.014286785574182954
2021-03-15,27156.09710402059,27399.305444826234,26993.64526973028,27271.40759150391,49085.2364,107.7,0.0,27271.40759150391,27156.09710402059,27399.305444826234,26993.64526973028,0.006209181228512963,0.001787869600690929,0.004421311627822043,0.015255235265257924
2021-03-16,27218.886134593926,27495.631781853826,26936.817782191796,27318.100164941403,79101.2962,0.0,0.0,27318.100164941403,27218.886134593926,27495.631781853826,26936.817782191796,-0.0010084744038259062,-0.003204647262841736,0.0021961728590158603,0.018960944980122962
2021-03-17,27284.423516158007,27470.32498119507,27141.802205375272,27289.62355722656,42151.63330000001,0.0,0.0,27289.62355722656,27284.423516158007,27470.32498119507,27141.802205375272,0.00047305413575915,-0.0007901943019965782,0.0012632484377557273,0.012450330479619322
2021-03-18,27419.39197650202,27485.08363625158,27050.972305723953,27289.66058046875,51185.032400000004,0.0,0.0,27289.66058046875,27419.39197650202,27485.08363625158,27050.972305723953,-0.0006856447707378124,0.004354625756089282,-0.005040270526827098,0.015347231983479629
2021-03-19,27221.714510019832,27357.513906480173,26989.877164219146,27227.620602636714,58552.941499999986,0.0,0.0,27227.620602636714,27221.714510019832,27357.513906480173,26989.877164219146,-0.0016667257397440856,-0.0012664604795689046,-0.0004002652601751953,0.012910850779602537
2021-03-22,27186.360258814577,27316.57302246048,26935.391091448284,27154.930122167967,53195.7026,0.0,0.0,27154.930122167967,27186.360258814577,27316.57302246048,26935.391091448284,-0.001029971283865584,-0.0008791361225620618,-0.00015083516130352998,0.013311429733528238
2021-03-23,27057.38146556452,27285.50731976251,26808.829932098826,27037.557242187497,50605.514400000015,0.0,0.0,27037.557242187497,27057.38146556452,27285.50731976251,26808.829932098826,-0.003979760234021361,-0.0018496853956108505,-0.0021300748384104826,0.017562761499399573
2021-03-24,26837.09721566245,27161.077165503048,26486.371951810877,26772.271823730465,58403.3799,0.0,0.0,26772.271823730465,26837.09721566245,27161.077165503048,26486.371951810877,-0.012553948514036063,-0.006742877758008199,-0.005811070756027855,0.023514045606796045
2021-03-25,26868.128707827338,27079.81739559109,26564.568127864433,26827.52574892579,51154.601500000004,0.0,0.0,26827.52574892579,26868.128707827338,27079.81739559109,26564.568127864433,0.0017389846524867821,0.0019618221260725905,-0.00022283747358583638,0.01707718986013339
2021-03-26,26721.45650062918,27014.28432661776,26185.027719771173,26716.783049316404,54010.2088,0.0,0.0,26716.783049316404,26721.45650062918,27014.28432661776,26185.027719771173,-0.006468171347043884,-0.0048240526027293045,-0.001644118744314586,0.032086259951114825
2021-03-29,26807.419638689113,27207.416961621762,26663.450661827643,27098.181193066404,45641.0278,0.0,0.0,27098.181193066404,26807.419638689113,27207.416961621762,26663.450661827643,0.01397986107190467,0.004974772742649507,0.009005088329255144,0.019439110275412005
2021-03-30,27178.96095636259,27436.748284405814,26903.008395138597,27257.293334472655,38895.67199999999,0.0,0.0,27257.293334472655,27178.96095636259,27436.748284405814,26903.008395138597,0.0023085879048695686,0.0007510497726131986,0.0015575381322563918,0.01828234258391553
2021-03-31,27212.714070903567,27569.054306090835,26871.05954023962,27463.885294921874,36998.78489999999,0.0,0.0,27463.885294921874,27212.714070903567,27569.054306090835,26871.05954023962,0.0023586527925749676,-0.0029953277083415333,0.005353980500916513,0.018801023702535266
2021-04-01,27410.028565756467,27720.249769625276,27135.81937637969,27554.589853027348,53012.8954,0.0,0.0,27554.589853027348,27410.028565756467,27720.249769625276,27135.81937637969,0.004036841961220518,-0.0007559193734487974,0.004792761334669332,0.02018828762000035
2021-04-02,27584.933537658835,27736.56199517752,27333.562183656617,27577.932199707033,42885.74760000001,0.0,0.0,27577.932199707033,27584.933537658835,27736.56199517752,27333.562183656617,0.0020475840496821844,0.0028545781663682074,-0.0008069941166860138,0.013585030605601697
2021-04-05,27762.314515899685,27885.64305726203,27238.709946059033,27441.82919648438,34911.97220000001,0.0,0.0,27441.82919648438,27762.314515899685,27885.64305726203,27238.709946059033,-0.0045712197862585145,0.0010346392514193575,-0.005605859037677879,0.01842820130035115
2021-04-06,27406.659536218165,27580.113913573234,27124.451543504067,27374.863862207025,41357.20449999999,0.0,0.0,27374.863862207025,27406.659536218165,27580.113913573234,27124.451543504067,-0.0018735826804979327,-0.00043200588937350676,-0.001441576791124426,0.013835730543491085
2021-04-07,27301.59438689619,27602.378225459706,27148.154404650886,27498.811476464838,35173.0953,0.0,0.0,27498.811476464838,27301.59438689619,27602.378225459706,27148.154404650886,0.004451141853036236,-0.0030022039128192956,0.007453345765855537,0.01608264453756516
2021-04-08,27539.118545951413,27619.419645132126,27226.723242905664,27357.53496650391,32332.8919,0.0,0.0,27357.53496650391,27539.118545951413,27619.419645132126,27226.723242905664,-0.002946010155572579,0.001848828753378658,-0.004794838908951262,0.01294978219094715
2021-04-09,27352.357050929346,27554.905516787996,27222.925805932653,27436.727446191402,57109.4837,0.0,0.0,27436.727446191402,27352.357050929346,27554.905516787996,27222.925805932653,0.003322452345545783,-0.00021534147688958319,0.0035377938224353802,0.011412764760306051
2021-04-12,27551.983467392725,27760.155453445306,27287.99909001828,27582.297300292965,53188.7957,0.0,0.0,27582.297300292965,27551.983467392725,27760.155453445306,27287.99909001828,0.004926378868830715,0.0031740916001394316,0.00175228726869129,0.0161986700697995
2021-04-13,27632.12109631111,27688.691837241284,27252.38661113327,27350.315911621088,52630.99880000001,0.0,0.0,27350.315911621088,27632.12109631111,27688.691837241284,27252.38661113327,-0.007804673957748375,0.0011836874631185007,-0.00898836142086688,0.0140716983817216
2021-04-14,27221.983318453884,27401.16534040684,26972.568859609604,27271.93067041015,45632.6355,0.0,0.0,27271.93067041015,27221.983318453884,27401.16534040684,26972.568859609604,-0.0025675238084718497,-0.006556563329319174,0.003989039520847307,0.016408484222656464
2021-04-15,27235.844276009593,27522.179236993274,27018.720584050832,27154.01031816406,48423.206300000005,0.0,0.0,27154.01031816406,27235.844276009593,27522.179236993274,27018.720584050832,-0.006137366991852064,-0.0026932573916459684,-0.003444109600206089,0.015011405239400633
2021-04-16,27095.57243095801,27311.609039580344,26678.852008967046,26919.05041816406,50090.1369,0.0,0.0,26919.05041816406,27095.57243095801,27311.609039580344,26678.852008967046,-0.008271931288940727,-0.0022861276951487825,-0.005985803593791924,0.024331470520066015
2021-04-19,26983.968292283545,27257.936918537864,26663.083039274792,27129.72964423828,55438.579,25.38,0.0,27129.72964423828,26983.968292283545,27257.936918537864,26663.083039274792,0.006730312160946146,0.0025725859662712827,0.0041577261946748436,0.02320623339006563
2021-04-20,27117.87889209824,27433.156196333617,26881.994002884207,27171.609236816406,81092.25599999998,0.0,0.0,27171.609236816406,27117.87889209824,27433.156196333617,26881.994002884207,-0.00016107447579050756,-0.00040384009388365815,0.0002427656180931617,0.02101344245612896
2021-04-21,27171.609236816406,27171.609236816406,27171.609236816406,27171.609236816406,0.0,0.0,0.0,27171.609236816406,27171.609236816406,27171.609236816406,27171.609236816406,0.0,1.2589929099249274e-17,-6.294964549624638e-18,1.2589929099249274e-17
2021-04-22,27146.786257304197,27309.147526926885,26562.00143546501,26746.748284863286,65854.3029,0.0,0.0,26746.748284863286,27146.786257304197,27309.147526926885,26562.00143546501,-0.013136191170766134,-0.0011539575381554373,-0.011982233632610695,0.027891897471403398
2021-04-23,26650.177944382434,26969.903348578304,26333.82662759249,26832.32812158203,65469.8159,0.0,0.0,26832.32812158203,26650.177944382434,26969.903348578304,26333.82662759249,0.0021502678459974327,-0.0052939049878544114,0.0074441728338518545,0.02335946795445791
2021-04-26,26882.208792071913,27007.816056250318,26253.79702920226,26577.57983652344,48976.493500000004,0.0,0.0,26577.57983652344,26882.208792071913,27007.816056250318,26253.79702920226,-0.012413917657724332,0.0007886454869877166,-0.013202563144712045,0.02746020158101196
2021-04-27,26482.108234003175,26738.010199519533,26162.64701621142,26542.71559179688,34326.87359999999,0.0,0.0,26542.71559179688,26482.108234003175,26738.010199519533,26162.64701621142,-0.0015606967763912229,-0.004573925635260331,0.0030132288588691357,0.020678991618244963
2021-04-28,26529.666845581425,26844.59612065095,26307.96908537081,26667.47205878906,34766.360199999996,0.0,0.0,26667.47205878906,26529.666845581425,26844.59612065095,26307.96908537081,0.0075191040236564895,0.0004430738487262398,0.007076030174930264,0.020976276854012866
2021-04-29,26672.207035203624,26864.0899460707,26301.49780344165,26577.55854931641,49546.7494,0.0,0.0,26577.55854931641,26672.207035203624,26864.0899460707,26301.49780344165,-0.0001704829485472394,0.0002729214354551706,-0.00044340438400241006,0.019604765834760386
2021-04-30,26577.55854931641,26577.55854931641,26577.55854931641,26577.55854931641,0.0,0.0,0.0,26577.55854931641,26577.55854931641,26577.55854931641,26577.55854931641,0.0,-1.525446435834965e-17,3.0508928716699294e-17,3.0508928716699294e-17
2021-05-03,26577.55854931641,26577.55854931641,26577.55854931641,26577.55854931641,0.0,0.0,0.0,26577.55854931641,26577.55854931641,26577.55854931641,26577.55854931641,0.0,-1.525446435834965e-17,3.0508928716699294e-17,3.0508928716699294e-17
2021-05-04,26405.655238091644,26632.182795945155,25923.882251225776,26229.532871972657,55702.9527,0.0,0.0,26229.532871972657,26405.655238091644,26632.182795945155,25923.882251225776,-0.01036387307802836,-0.007685693937435542,-0.002678179140592844,0.024568891882651885
2021-05-05,26273.553039772367,26565.41680450335,25993.07006026708,26245.535506250006,54414.4102,0.0,0.0,26245.535506250006,26273.553039772367,26565.41680450335,25993.07006026708,0.004516098425030464,0.0026093584808314207,0.0019067399441990629,0.021429312067012856
2021-05-06,26273.525097888923,26529.645430091587,25953.88805369562,26240.9795959961,59068.941,0.0,0.0,26240.9795959961,26273.525097888923,26529.645430091587,25953.88805369562,0.00045838754821188055,0.0013972288962332618,-0.0009388413480213922,0.019574390241619725
2021-05-07,26128.85135760537,26281.824757719307,25747.196024357272,25975.04177548828,59077.6397,0.0,0.024265,25975.04177548828,26128.85135760537,26281.824757719307,25747.196024357272,-0.00892315676341962,-0.005182311783205693,-0.0037408449802139258,0.01967733062732046
2021-05-10,25836.28622659748,26132.045104545112,25568.12531365001,25868.74845322265,81757.5848,0.0,0.0,25868.74845322265,25836.28622659748,26132.045104545112,25568.12531365001,-0.00036572868412348633,-0.003407226489947711,0.0030414978058242044,0.022230862602906395
2021-05-11,25864.53378880266,26306.865035360206,25658.896773110057,25894.907780175778,52545.518099999994,0.0,0.0,25894.907780175778,25864.53378880266,26306.865035360206,25658.896773110057,0.0011896152046139664,-8.029908737746923e-05,0.0012699142919914475,0.02226987297499498
2021-05-12,25841.61893929106,26177.595119435136,25700.463278344778,25969.787194921875,38964.661499999995,0.0,0.0,25969.787194921875,25841.61893929106,26177.595119435136,25700.463278344778,0.0019384965472795373,-0.002342416236047656,0.004280912783327204,0.01717369147990715
2021-05-13,25900.2848862739,26303.821011182146,25761.59066563778,26031.218118066405,58904.768500000006,23.8,0.0,26031.218118066405,25900.2848862739,26303.821011182146,25761.59066563778,0.00022471311967085962,-0.0028735821682628615,0.00309829528793369,0.018338452469272674
2021-05-14,26099.42380793467,26364.97164663424,25854.68660673435,26070.72348769531,48499.603299999995,0.0,0.0,26070.72348769531,26099.42380793467,26364.97164663424,25854.68660673435,0.0005055690145623098,0.0030303819511009644,-0.0025248129365386266,0.019035780570860767
2021-05-17,26179.027785592345,26284.93023494094,25867.530025433658,26033.292831835937,42012.7373,59.2,0.0,26033.292831835937,26179.027785592345,26284.93023494094,25867.530025433658,-0.0008488667654675979,0.0030015867076016683,-0.003850453473069272,0.01571493203514101
2021-05-18,25991.54493432128,26169.998985596983,25741.051483147625,25973.984636816407,43472.32980000001,0.0,0.0,25973.984636816407,25991.54493432128,26169.998985596983,25741.051483147625,-0.0025961808979006224,-0.0032347733149113876,0.0006385924170107897,0.017747359777842885
2021-05-19,25907.745644939867,26128.40064493633,25658.208387886873,25914.060361328127,48473.1627,0.0,0.0,25914.060361328127,25907.745644939867,26128.40064493633,25658.208387886873,-0.002007047831899103,-0.002374956359270794,0.00036790852737169494,0.01818504599726679
2021-05-20,25838.21286589784,26097.976916910495,25577.86579978457,25936.778084179685,64885.6015,0.0,0.04117,25936.778084179685,25838.21286589784,26097.976916910495,25577.86579978457,-0.001677406780065998,-0.004290606483121721,0.002613199703055731,0.018412558030265733
2021-05-21,25803.334894191652,26334.804685446106,25559.68579313123,26082.25388964843,70883.428,2.35,0.0,26082.25388964843,25803.334894191652,26334.804685446106,25559.68579313123,0.0069674493693994005,-0.00400731071262545,0.010974760082024849,0.027395705760744675
2021-05-24,26137.41148004794,26506.958799332388,25874.345551114497,26298.95529628907,61008.3184,0.0,0.0,26298.95529628907,26137.41148004794,26506.958799332388,25874.345551114497,0.008600513286485853,0.0017827922814981447,0.006817721004987684,0.024861889726051547
2021-05-25,26355.137254308178,26624.352272197375,26091.245925409497,26403.49976767578,48436.7384,0.0,0.0,26403.49976767578,26355.137254308178,26624.352272197375,26091.245925409497,0.0036283513920253047,0.001990487545066493,0.0016378638469587968,0.01909785100725486
2021-05-26,26412.603403177654,26844.894586243663,26133.10666227885,26659.42779951171,49650.018,0.0,0.0,26659.42779951171,26412.603403177654,26844.894586243663,26133.10666227885,0.007161643505608568,0.00069028141099628,0.00647136209461225,0.024272696058526333
2021-05-27,26705.43741839621,26824.71824310415,26228.621712624048,26474.387060546873,56080.2905,0.0,0.0,26474.387060546873,26705.43741839621,26824.71824310415,26228.621712624048,-0.005587526752660757,0.003457043614140186,-0.009044570366800935,0.02148487409619928
2021-05-28,26326.92887434958,26663.83220697648,26175.094178626645,26528.406880566406,48756.43200000001,0.0,0.0,26528.406880566406,26326.92887434958,26663.83220697648,26175.094178626645,0.002900397152988702,-0.005599758655862357,0.008500155808851103,0.019106442478600907
2021-05-31,26391.514579971863,26554.00726553196,25845.319445657336,26205.28483232422,67702.1418,0.0,0.0,26205.28483232422,26391.514579971863,26554.00726553196,25845.319445657336,-0.010810974322484726,-0.0031179946252569975,-0.007692979697227737,0.02526655928890126
2021-06-01,26230.62292286364,26476.800908082532,25915.015570015636,26138.795290429687,70808.3827,16.06973144,0.042664999999999995,26138.795290429687,26230.62292286364,26476.800908082532,25915.015570015636,-0.0008633879852617049,0.0032930985363638565,-0.004156486521625541,0.02184576789137193
2021-06-02,26106.108169937204,26473.174611355727,25940.188140426075,26280.933185058595,57175.573399999994,0.0,0.0,26280.933185058595,26106.108169937204,26473.174611355727,25940.188140426075,0.0073857338482632645,-0.0014379664431849546,0.008823700291448213,0.020892714713903297
2021-06-03,26371.490188139964,26743.42623925089,26112.06235224567,26484.169133984375,64130.746900000006,0.0,0.0,26484.169133984375,26371.490188139964,26743.42623925089,26112.06235224567,0.006677170253167465,0.0027729116120583366,0.0039042586411091283,0.02600183021070654
2021-06-04,26602.94601126018,26784.502119899156,26199.711151981006,26534.88572216797,70521.0536,0.0,0.0,26534.88572216797,26602.94601126018,26784.502119899156,26199.711151981006,0.0023461275886851748,0.004430900585265635,-0.002084772996580453,0.022171056261725393
2021-06-07,26564.376219094705,26806.899887472933,26028.725198226137,26545.38148417968,697165.9015000002,0.0,0.0,26545.38148417968,26564.376219094705,26806.899887472933,26028.725198226137,-0.0004788286408522073,0.001082156085661364,-0.0015609847265135748,0.029152150913266693
2021-06-08,26545.38148417968,26545.38148417968,26545.38148417968,26545.38148417968,0.0,0.0,0.0,26545.38148417968,26545.38148417968,26545.38148417968,26545.38148417968,0.0,-9.769962616701377e-18,1.9539925233402754e-17,1.9539925233402754e-17
2021-06-09,26422.662397392087,26779.11530416447,26121.465283160098,26567.37700800781,604620.7566000002,0.0,0.0,26567.37700800781,26422.662397392087,26779.11530416447,26121.465283160098,-0.0005392069189456507,-0.006586868363296741,0.006047661444351098,0.023141523038499045
2021-06-10,26588.270304441703,26901.30684445869,26312.24807889608,26677.686891015626,622984.6656000001,0.0,0.0,26677.686891015626,26588.270304441703,26901.30684445869,26312.24807889608,0.0024345380926344717,0.0005743060255657623,0.0018602320670687057,0.019949713120807157
2021-06-11,26770.906763546238,27155.35904997829,26566.153729811704,26963.689040136716,596846.514,0.0,0.0,26963.689040136716,26770.906763546238,27155.35904997829,26566.153729811704,0.006851126891148632,0.003368715386559017,0.0034824115045896135,0.02155906135888272
2021-06-14,27170.309204151527,27359.915318764575,26905.557237490328,27176.781076953124,559564.1571999999,28.6,0.0,27176.781076953124,27170.309204151527,27359.915318764575,26905.557237490328,0.009220775181214752,0.009017911643816994,0.0002028635373977491,0.018884011510211754
2021-06-15,27147.747329070127,27555.45229072191,26967.06178179827,27381.02791865234,576527.9948,13.4,0.0,27381.02791865234,27147.747329070127,27555.45229072191,26967.06178179827,0.006402292064464069,-0.0006330140993540609,0.007035306163818124,0.01883248139070763
2021-06-16,27362.14434448921,27557.0285799883,27017.314574016433,27380.739795703135,508774.5567999999,6.3,0.0,27380.739795703135,27362.14434448921,27557.0285799883,27017.314574016433,9.567946669536865e-05,-0.00023100419017963011,0.0003266836568750025,0.019671408274111176
2021-06-17,27174.5046200082,27732.466587387036,26983.42629248339,27538.787969531255,602443.8517,53.85,0.0,27538.787969531255,27174.5046200082,27732.466587387036,26983.42629248339,0.00676766400627861,-0.00534232038369652,0.0121099843899751,0.025450440551268487
2021-06-18,27604.284650918875,28091.698187005626,27431.295494267928,27900.784973437494,483019.28359999997,0.0,0.0,27900.784973437494,27604.284650918875,28091.698187005626,27431.295494267928,0.010519498958684518,0.002170439077046583,0.008349059881637946,0.02174340175014627
2021-06-21,27904.7014707745,28218.368439645386,27626.523048744533,27961.550773339848,685134.6759000001,0.0,0.0,27961.550773339848,27904.7014707745,28218.368439645386,27626.523048744533,0.0025904939572729754,0.0007646573866159368,0.0018258365706570493,0.02017651200382696
2021-06-22,28027.6275399984,28205.80740235716,27583.672405316927,27863.59982988281,470715.6695000001,0.0,0.0,27863.59982988281,28027.6275399984,28205.80740235716,27583.672405316927,-0.0022736284860524108,0.0015329174954916455,-0.003806545981544042,0.019774007171351388
2021-06-23,27768.181401126767,27982.86783789078,27483.68892896348,27735.06936445312,441998.6645,0.0,0.0,27735.06936445312,27768.181401126767,27982.86783789078,27483.68892896348,-0.006205425584083741,-0.004040956884844377,-0.0021644686992393484,0.016876613583188916
2021-06-24,27752.07096154872,27974.632665689987,27472.568014449018,27707.62903046875,347795.14770000003,0.0,0.0,27707.62903046875,27752.07096154872,27974.632665689987,27472.568014449018,-0.0014689042647155883,0.00023697559958055442,-0.0017058798642961665,0.01823260780459515
2021-06-25,27682.639554563353,27983.74945552308,27384.921339624714,27771.049413671873,355400.5019999999,0.0,0.0,27771.049413671873,27682.639554563353,27983.74945552308,27384.921339624714,0.0021943538562290486,-0.001358515108100629,0.0035528689643296927,0.02054489652300251
2021-06-28,27728.714980840832,27942.008693992255,27537.403747143886,27790.907521679692,416961.41240000003,0.0,0.0,27790.907521679692,27728.714980840832,27942.008693992255,27537.403747143886,0.0005781667815315025,-0.0021865652306345545,0.002764732012166064,0.013300143032783101
2021-06-29,27745.65056887784,28016.455059421023,27571.89953313267,27767.633090234376,658823.0539999999,0.0,0.0,27767.633090234376,27745.65056887784,28016.455059421023,27571.89953313267,-0.0002246426544655881,-0.001226735138281072,0.0010020924838155016,0.016557556603136812
2021-06-30,27790.271647901613,28033.446290448075,27604.253945351684,27859.99933222656,459713.0432,0.0,0.0,27859.99933222656,27790.271647901613,28033.446290448075,27604.253945351684,0.004121314564291941,0.002875592211030106,0.0012457223532618546,0.015421456171666431
2021-07-01,27843.353655183833,28075.73913431778,27622.072119078453,27861.131361816406,439628.2411,0.0,0.0,27861.131361816406,27843.353655183833,28075.73913431778,27622.072119078453,0.0004725052990873621,-0.0012076349866001425,0.001680140285687486,0.014988266917281917
2021-07-02,27934.088537514075,28252.99336444515,27650.566298628062,28044.47023730469,594696.2699,14.200000000000001,0.0,28044.47023730469,27934.088537514075,28252.99336444515,27650.566298628062,0.0040494732516357405,0.00169546715326106,0.002354006098374699,0.020531931314970903
2021-07-05,28044.47023730469,28044.47023730469,28044.47023730469,28044.47023730469,0.0,0.0,0.0,28044.47023730469,28044.47023730469,28044.47023730469,28044.47023730469,0.0,-1.3078427230084344e-17,2.6156854460168685e-17,2.6156854460168685e-17
2021-07-06,28044.47023730469,28044.47023730469,28044.47023730469,28044.47023730469,0.0,0.0,0.0,28044.47023730469,28044.47023730469,28044.47023730469,28044.47023730469,0.0,-1.3078427230084344e-17,2.6156854460168685e-17,2.6156854460168685e-17
2021-07-07,28044.47023730469,28044.47023730469,28044.47023730469,28044.47023730469,0.0,0.0,0.0,28044.47023730469,28044.47023730469,28044.47023730469,28044.47023730469,0.0,-1.3078427230084344e-17,2.6156854460168685e-17,2.6156854460168685e-17
2021-07-08,28044.47023730469,28044.47023730469,28044.47023730469,28044.47023730469,0.0,0.0,0.0,28044.47023730469,28044.47023730469,28044.47023730469,28044.47023730469,0.0,-1.3078427230084344e-17,2.6156854460168685e-17,2.6156854460168685e-17
2021-07-09,27498.514773167048,27869.893865483806,27142.1107848625,27479.255328417967,769821.3892999999,0.0,0.0,27479.255328417967,27498.514773167048,27869.893865483806,27142.1107848625,-0.022662871177677808,-0.02074684430795615,-0.0019160268697216416,0.02472415092666079
2021-07-12,27479.255328417967,27479.255328417967,27479.255328417967,27479.255328417967,0.0,0.0,0.0,27479.255328417967,27479.255328417967,27479.255328417967,27479.255328417967,0.0,5.69544411632705e-18,7.327471962526032e-18,2.604583215770617e-17
2021-07-13,26977.750099221328,27291.56513950116,26535.780147201145,26969.493292285155,495660.5981,71.8,0.0,26969.493292285155,26977.750099221328,27291.56513950116,26535.780147201145,-0.015272970080676473,-0.017491780233340644,0.0022188101526641937,0.028082095956214012
2021-07-14,26955.340455468748,26960.05806510229,26955.340455468748,26955.340455468748,1458.78,0.0,0.0,26955.340455468748,26955.340455468748,26960.05806510229,26955.340455468748,-0.0012662409818140427,-0.0012662409818140299,9.814371537686381e-18,0.00042509142608177907
2021-07-15,26712.119498136493,27217.05285140742,26485.75885967183,26978.205234374993,600726.7081999999,244.5,0.0,26978.205234374993,26712.119498136493,27217.05285140742,26485.75885967183,0.0007341220211245622,-0.009668200659575531,0.010402322680700071,0.026661746146144815
2021-07-16,26978.205234374993,26978.205234374993,26978.205234374993,26978.205234374993,0.0,0.0,0.0,26978.205234374993,26978.205234374993,26978.205234374993,26978.205234374993,0.0,8.31557045444242e-18,6.017408793468347e-18,2.866595849582154e-17
2021-07-19,26574.40883927558,26998.094778061375,26282.95652635228,26533.443516113282,852261.5856000001,0.0,0.0,26533.443516113282,26574.40883927558,26998.094778061375,26282.95652635228,-0.013495523327696829,-0.012020952864702306,-0.001474570462994527,0.02540546159613727
2021-07-20,26528.731658443132,26966.01270086415,26289.176332195577,26824.2476265625,615658.8789,0.0,0.0,26824.2476265625,26528.731658443132,26966.01270086415,26289.176332195577,0.009643368903714821,-0.0007171544267403295,0.01036052333045516,0.02510220208402965
2021-07-21,26913.802458662416,27166.796464866056,26686.07854118971,26873.634240332027,597308.8091000002,0.0,0.0,26873.634240332027,26913.802458662416,27166.796464866056,26686.07854118971,0.0030538642592865197,0.0024157376851534854,0.0006381265741330349,0.01809514502677004
2021-07-22,26835.97159042795,27314.600554211804,26770.481156305912,27092.295676562506,758308.4183999998,0.0,0.0,27092.295676562506,26835.97159042795,27314.600554211804,26770.481156305912,0.008536039696785395,-0.001713362321572367,0.010249402018357778,0.019267102244515107
2021-07-23,26981.814583272077,27416.04077463431,26695.581160070637,26942.29191484375,1121128.0607000003,8.52,0.0,26942.29191484375,26981.814583272077,27416.04077463431,26695.581160070637,-0.004195087229539198,-0.004094077672449375,-0.00010100955708980722,0.023529411176560856
2021-07-26,26776.654923432518,27346.13239221319,26604.390051097736,27239.78001748047,907447.5669,0.0,0.0,27239.78001748047,26776.654923432518,27346.13239221319,26604.390051097736,0.011029210383767784,-0.005212206451336948,0.01624141683510474,0.02634490280919243
2021-07-27,27339.257607263782,27623.303879608404,27010.540061994114,27218.722458105472,869038.3224,37.93388364,0.0,27218.722458105472,27339.257607263782,27623.303879608404,27010.540061994114,-0.0008839332020171909,0.0021161356106995845,-0.003000068812716754,0.019750292411050856
2021-07-28,27151.0394745941,27439.5677993766,26890.588971365378,27199.046148046877,646579.2524000001,0.0,0.0,27199.046148046877,27151.0394745941,27439.5677993766,26890.588971365378,0.0003341151506830985,-0.0013327474331228542,0.0016668625838059273,0.020299682241993355
2021-07-29,27222.363185326572,27458.774348167695,26899.282641370213,27259.61487753906,760748.7996,19.95,0.0,27259.61487753906,27222.363185326572,27458.774348167695,26899.282641370213,0.0011258915457878378,9.880045017451675e-05,0.001027091095613332,0.01869966739489934
2021-07-30,27334.59346388452,27610.58586892558,26994.187459775065,27430.31489150391,939305.7183,0.0,0.0,27430.31489150391,27334.59346388452,27610.58586892558,26994.187459775065,0.0053945844579431895,0.0014800084426372497,0.003914576015305902,0.020688436662113594
2021-08-02,27404.673572019692,27945.948190783896,27206.78499757216,27704.02618017578,4141877.6296999995,0.0,0.0,27704.02618017578,27404.673572019692,27945.948190783896,27206.78499757216,0.009407295870534554,-0.0009800816806094324,0.010387377551143996,0.02478400161422395
2021-08-03,27753.142797973982,28069.968076196838,27543.228056653927,27889.452992773433,887809.2403999999,0.0,0.0,27889.452992773433,27753.142797973982,28069.968076196838,27543.228056653927,0.006658067382947459,0.0009398690375807752,0.005718198345366688,0.01928507015365133
2021-08-04,27982.719756054685,27982.719756054685,27982.719756054685,27982.719756054685,0.0,152.75,0.0,27982.719756054685,27982.719756054685,27982.719756054685,27982.719756054685,0.002780288365184094,0.002780288365184111,-8.415490526658687e-18,1.683098105331737e-17
2021-08-05,27784.111483358764,28050.73584794804,27599.977362711616,27869.092123242186,537288.7735,0.0,0.0,27869.092123242186,27784.111483358764,28050.73584794804,27599.977362711616,-0.0036318614658745196,-0.006043254751002362,0.002411393285127849,0.01529332203766672
2021-08-06,27907.58586037892,28215.084235874237,27712.81602353036,27916.413184960933,689970.746,0.0,0.0,27916.413184960933,27907.58586037892,28215.084235874237,27712.81602353036,0.0037146624138738107,0.0013846469221061996,0.002330015491767614,0.01797514260844937
2021-08-09,27902.238216703994,28459.1181853421,27741.119105974863,28310.066319335932,644949.7964,0.0,0.0,28310.066319335932,27902.238216703994,28459.1181853421,27741.119105974863,0.014139427669639663,-0.0006113157738104467,0.01475074344345009,0.024974913080092115
2021-08-10,28310.066319335932,28310.066319335932,28310.066319335932,28310.066319335932,0.0,0.0,0.0,28310.066319335932,28310.066319335932,28310.066319335932,28310.066319335932,0.0,5.1403326040144726e-18,6.872280522429718e-18,2.4025226252888385e-17
2021-08-11,28727.44597620541,29185.99464462227,28454.659555740873,28804.625719238284,960537.1588,0.0,0.0,28804.625719238284,28727.44597620541,29185.99464462227,28454.659555740873,0.01406905771666662,0.013713764975413358,0.000355292741253263,0.024333295667252796
2021-08-12,28778.96605892983,29216.573362712392,28356.120266104557,28600.410443457033,1193507.6337000001,0.0,0.0,28600.410443457033,28778.96605892983,29216.573362712392,28356.120266104557,-0.004300529671415629,0.00019536512917046845,-0.00449589480058608,0.027507300157113664
2021-08-13,28498.694040274255,29004.112772017914,28169.713467194197,28810.858481249998,923653.6026999999,0.0,0.0,28810.858481249998,28498.694040274255,29004.112772017914,28169.713467194197,0.008237611224180458,-0.0030101351081197407,0.011247746332300183,0.027329360462424665
2021-08-16,28906.690084574195,29262.524349026935,28596.08992886651,28929.06366855469,613506.6982,18.480190785,0.0,28929.06366855469,28906.690084574195,29262.524349026935,28596.08992886651,0.005580077541742353,0.003205221891439191,0.002374855650303177,0.02237863628625445
2021-08-17,28929.06367703439,28929.06367703439,28924.34606710624,28926.704872070317,1114.84,0.0,0.0,28926.704872070317,28929.06367703439,28929.06367703439,28924.34606710624,-0.0002114076649125814,7.586420186822753e-10,-0.00021140842355458846,0.0004235732294841857
2021-08-18,28475.87243823885,29013.140167267527,28274.86420791281,28669.07577441406,786874.8868,0.0,0.0,28669.07577441406,28475.87243823885,29013.140167267527,28274.86420791281,-0.005302503413858789,-0.011712300777693528,0.0064097973638347055,0.02314172355952517
2021-08-19,28775.37438999256,29108.96458212411,28430.55203172371,28886.484289355467,722601.2553999998,0.0,0.0,28886.484289355467,28775.37438999256,29108.96458212411,28430.55203172371,0.007019072158952322,0.003077248991240632,0.003941823167711686,0.022243008907888016
2021-08-20,28863.751978791006,29051.107872978115,28076.14468064538,28319.734444726564,1243656.5428000002,0.0,0.0,28319.734444726564,28863.751978791006,29051.107872978115,28076.14468064538,-0.016966560903051674,-0.0013483876671902004,-0.015618173235861465,0.03120374588449759
2021-08-23,28159.085413126286,28427.834954035614,27635.649946993293,27924.175236718747,1035233.6074999999,0.0,0.0,27924.175236718747,28159.085413126286,28427.834954035614,27635.649946993293,-0.013206304985504404,-0.006307969050605003,-0.006898335934899407,0.026528646977541998
2021-08-24,28001.059053519944,28302.76402206473,27575.301921763858,27960.9535689453,722884.751,0.0,0.0,27960.9535689453,28001.059053519944,28302.76402206473,27575.301921763858,-0.00030800087893226584,0.001956734652581724,-0.002264735531513972,0.024774334599429064
2021-08-25,28007.7526055059,28411.137438443668,27740.414355587523,28258.216754882807,443010.5397,0.0,0.0,28258.216754882807,28007.7526055059,28411.137438443668,27740.414355587523,0.008221135458911963,0.0008145545471653766,0.007406580911746571,0.02199269000758005
2021-08-26,28399.631387419933,28814.366457300064,28181.825544916883,28530.74865673828,671188.6313,0.0,0.0,28530.74865673828,28399.631387419933,28814.366457300064,28181.825544916883,0.008290057210357943,0.0034135837587217065,0.004876473451636214,0.021236664407786224
2021-08-27,28555.51635371363,28974.91432850168,28379.817787236614,28835.25513574219,767425.6865,17.85,0.0,28835.25513574219,28555.51635371363,28974.91432850168,28379.817787236614,0.011079923954965234,0.0003361492511309348,0.010743774703834315,0.020923350561039816
2021-08-30,29103.793815184756,29421.178261834735,28773.441385932634,29149.44284023437,609168.2342000001,6.7749999999999995,0.04065,29149.44284023437,29103.793815184756,29421.178261834735,28773.441385932634,0.010693978323002834,0.008462252881832085,0.00223172544117075,0.02119996254920774
2021-08-31,29248.10264118368,29685.681721096542,28978.708918803462,29391.286373828123,697967.0169999999,0.0,0.0,29391.286373828123,29248.10264118368,29685.681721096542,28978.708918803462,0.010238924469208028,0.0030042564167603964,0.007234668052447612,0.02682685516808132
2021-09-01,29435.15795449998,29920.58487673881,29164.24080492978,29686.228755566404,602525.6939000001,0.0,0.0,29686.228755566404,29435.15795449998,29920.58487673881,29164.24080492978,0.011137879097676426,0.003280517322677419,0.007857361774999023,0.028519392852266953
2021-09-02,29686.228755566404,29686.228755566404,29686.228755566404,29686.228755566404,0.0,0.0,0.0,29686.228755566404,29686.228755566404,29686.228755566404,29686.228755566404,0.0,-1.0069722833350169e-17,2.0139445666700334e-17,2.0139445666700334e-17
2021-09-03,29686.228755566404,29686.228755566404,29686.228755566404,29686.228755566404,0.0,0.0,0.0,29686.228755566404,29686.228755566404,29686.228755566404,29686.228755566404,0.0,-1.0069722833350169e-17,2.0139445666700334e-17,2.0139445666700334e-17
2021-09-06,29717.772799562314,30223.826708799348,29384.84496207627,29839.630010156252,780661.2307,0.0,0.0,29839.630010156252,29717.772799562314,30223.826708799348,29384.84496207627,0.006995799642822287,0.0007341420940023104,0.006261657548819983,0.02690701724134217
2021-09-07,29770.19080611419,29985.370711195665,29165.394253037244,29402.72727607421,664236.8127,0.0,0.0,29402.72727607421,29770.19080611419,29985.370711195665,29165.394253037244,-0.012850805742756159,-0.0009422307135258728,-0.01190857502923029,0.030072105271714368
2021-09-08,29402.72727607421,29402.72727607421,29402.72727607421,29402.72727607421,0.0,0.0,0.0,29402.72727607421,29402.72727607421,29402.72727607421,29402.72727607421,0.0,9.892087149410143e-18,-8.992806499463775e-19,1.7985612998927533e-17
2021-09-09,29154.13189433871,29578.525111963903,28970.741067122828,29364.41667382812,521746.56409999996,0.0,0.0,29364.41667382812,29154.13189433871,29578.525111963903,28970.741067122828,-0.0022099201603091342,-0.00906151603365198,0.006851595873342824,0.01876304833299996
2021-09-10,29361.468759010877,29853.559085760575,29151.8829653648,29622.517666113283,456509.89439999993,0.0,0.0,29622.517666113283,29361.468759010877,29853.559085760575,29151.8829653648,0.007011855438844417,0.0003488450643252946,0.00666301037451916,0.02148091313314487
2021-09-13,29802.408768210593,30470.235548193083,29428.78277275131,30167.635592578124,797129.6484,0.0,0.0,30167.635592578124,29802.408768210593,30470.235548193083,29428.78277275131,0.009018970741335891,0.0026381203512926142,0.006380850390043305,0.03098198381639599
2021-09-14,30219.00488167107,30652.129503707823,29908.370882771862,30318.58161669922,652126.7922999999,0.0,0.0,30318.58161669922,30219.00488167107,30652.129503707823,29908.370882771862,0.0023064831148639866,0.0008995038045458687,0.0014069793103181469,0.021641634509376846
2021-09-15,30368.04343007861,30653.590365379318,29882.679729230036,30423.43629882813,517914.1811,0.0,0.0,30423.43629882813,30368.04343007861,30653.590365379318,29882.679729230036,0.003523707103195511,0.0015762012336288293,0.0019475058695666478,0.02301013653318281
2021-09-16,30325.84399918037,30553.246729523504,29911.630672253676,30209.139734960947,545514.144,0.0,0.0,30209.139734960947,30325.84399918037,30553.246729523504,29911.630672253676,-0.002650431425432098,-0.0008580923271404306,-0.0017923390982916552,0.020269834268801596
2021-09-17,30244.431679026187,30672.584250527772,29975.043443631457,30478.863403125,1027576.0308999999,0.0,0.0,30478.863403125,30244.431679026187,30672.584250527772,29975.043443631457,0.008822369853925191,0.0032075804065292883,0.0056147894473959235,0.02245506421373855
2021-09-20,30730.564570562306,30935.155467616507,30152.430587621384,30384.956689843748,652296.3445,0.0,0.0,30384.956689843748,30730.564570562306,30935.155467616507,30152.430587621384,-0.005068051305321326,0.0054072503045198925,-0.010475301609841212,0.02350233378502691
2021-09-21,30384.95678170774,30387.315586680576,30373.16275684357,30375.521561816404,3024.2999999999997,0.0,0.0,30375.521561816404,30384.95678170774,30387.315586680576,30373.16275684357,-0.0007676408344330506,7.425874742790337e-09,-0.0007676482603077817,0.0011514924913261367
2021-09-22,30375.521561816404,30375.521561816404,30375.521561816404,30375.521561816404,0.0,0.0,0.0,30375.521561816404,30375.521561816404,30375.521561816404,30375.521561816404,0.0,-8.415490526658687e-18,1.683098105331737e-17,1.683098105331737e-17
2021-09-23,31081.70691994127,31365.775082208103,30392.702078788556,30677.047636914063,733127.8134999999,0.0,0.0,30677.047636914063,31081.70691994127,31365.775082208103,30392.702078788556,0.009737125242981497,0.01972051683540444,-0.00998339159242296,0.027414352363650776
2021-09-24,30526.769794537253,30794.7085054099,30321.479545593254,30420.767842578127,55184524.7958,0.0,0.0,30420.767842578127,30526.769794537253,30794.7085054099,30321.479545593254,-0.005951596998697666,-0.0035775398459914082,-0.0023740571527062436,0.01673823781899641
2021-09-27,30378.807951493745,30588.08249373444,29855.209517410196,30007.121242480473,768322.6914000002,0.0,0.0,30007.121242480473,30378.807951493745,30588.08249373444,29855.209517410196,-0.012856318386200603,0.00102962913874797,-0.013885947524948565,0.025280622472219447
2021-09-28,29892.097970795356,30336.783838899104,29574.174406376078,30163.59758154297,528717.3025,0.0,0.0,30163.59758154297,29892.097970795356,30336.783838899104,29574.174406376078,0.007847935701807982,-0.0031173297864076207,0.01096526548821559,0.026233182962867495
2021-09-29,30146.222235515324,30428.28672722343,29778.33201334181,30189.070121679688,585491.4574,26.9,0.0,30189.070121679688,30146.222235515324,30428.28672722343,29778.33201334181,0.003199649049510755,-0.0009783027870782738,0.004177951836589042,0.022026500684925746
2021-09-30,30333.223675728026,30648.74765878813,30063.45027738143,30339.3671084961,435883.0673,0.0,0.0,30339.3671084961,30333.223675728026,30648.74765878813,30063.45027738143,0.007057686724114207,0.006362369182614318,0.0006953175414998958,0.01985522419618788
2021-10-01,30349.684211887867,30647.58483996895,29972.387218752025,30371.209082617184,530857.5063,0.0,0.0,30371.209082617184,30349.684211887867,30647.58483996895,29972.387218752025,-0.0002459466200198919,0.0003082631578243188,-0.0005542097778442005,0.021394996627126104
2021-10-04,30433.689277032146,30998.370775653686,29999.259331431134,30540.94743662109,88577382.69549999,0.0,0.0,30540.94743662109,30433.689277032146,30998.370775653686,29999.259331431134,0.01315388430745506,0.002760022989763183,0.010393861317691856,0.03551677289339219
2021-10-05,30540.764867215337,30924.53835173063,30214.561256845318,30632.85044794922,556284.1025,0.0,0.0,30632.85044794922,30540.764867215337,30924.53835173063,30214.561256845318,-0.00011644825236053509,-0.0002630370300116666,0.00014658877765112314,0.02359008013977002
2021-10-06,30632.85044794922,30632.85044794922,30632.85044794922,30632.85044794922,0.0,0.0,0.0,30632.85044794922,30632.85044794922,30632.85044794922,30632.85044794922,0.0,3.0642155479654312e-18,4.0034642267983136e-17,8.619771563189713e-17
2021-10-07,30749.25543032618,31180.00136244153,30463.86085427854,30940.884704589847,511364.57540000003,0.0,0.0,30940.884704589847,30749.25543032618,31180.00136244153,30463.86085427854,0.012114613048525494,0.006424037650473327,0.005690575398052169,0.025508901897455024
2021-10-08,30917.303821120924,30935.64163364423,30893.77315238925,30911.010841699223,2870.7,0.0,0.0,30911.010841699223,30917.303821120924,30935.64163364423,30893.77315238925,-0.001728099625232804,-0.001025332834576823,-0.0007027667906559687,0.0018057775929187076
2021-10-11,30911.010841699223,30911.010841699223,30911.010841699223,30911.010841699223,0.0,0.0,0.0,30911.010841699223,30911.010841699223,30911.010841699223,30911.010841699223,0.0,-6.616929226765933e-18,2.1327384303049253e-17,2.9420910152566644e-17
2021-10-12,31238.514602919633,31585.358889932962,30800.790709528548,31315.20345566406,636862.1722999999,0.0,0.0,31315.20345566406,31238.514602919633,31585.358889932962,30800.790709528548,0.008274386067733286,0.0048785162027803215,0.003395869864952958,0.02612548249819619
2021-10-13,31384.431243881292,31635.47027259337,31025.177739250834,31217.827192285153,678750.3523,0.0,0.0,31217.827192285153,31384.431243881292,31635.47027259337,31025.177739250834,-0.0033518838093786643,0.0029029041553999897,-0.006254787964778645,0.020126650092733556
2021-10-14,31217.827192285153,31217.827192285153,31217.827192285153,31217.827192285153,0.0,0.0,0.0,31217.827192285153,31217.827192285153,31217.827192285153,31217.827192285153,0.0,-1.2256862191861728e-17,2.451372438372345e-17,2.451372438372345e-17
2021-10-15,31297.327046522296,31735.176113744536,31129.85534866631,31572.693749218754,592488.0724,0.0,0.0,31572.693749218754,31297.327046522296,31735.176113744536,31129.85534866631,0.013834997614661164,0.004175087211042103,0.009659910403619057,0.019533705596536974
2021-10-18,31572.693749218754,31572.693749218754,31572.693749218754,31572.693749218754,0.0,0.0,0.0,31572.693749218754,31572.693749218754,31572.693749218754,31572.693749218754,0.0,1.1046719095020305e-17,3.9190872769268016e-18,2.9931612743894215e-17
2021-10-19,31583.777988925234,31835.39617707463,31190.687371066022,31514.007165917967,538448.0576,0.0,0.0,31514.007165917967,31583.777988925234,31835.39617707463,31190.687371066022,0.006346446096577953,0.007769462650562887,-0.001423016553984946,0.021210379233677835
2021-10-20,31476.143069641093,31796.20569429507,31016.12376269062,31329.592154980463,645827.7453000001,0.0,0.0,31329.592154980463,31476.143069641093,31796.20569429507,31016.12376269062,-0.005683632126194204,-0.002373815112090293,-0.003309817014103921,0.027211696680942393
2021-10-21,31387.012883369498,31818.231764765907,31038.06323516307,31383.26831533203,605581.2539,0.0,0.0,31383.26831533203,31387.012883369498,31818.231764765907,31038.06323516307,0.001713262163464369,0.0019756020257555226,-0.0002623398622911419,0.02356688657897004
2021-10-22,31473.80566396265,31835.027438778277,31138.96723507806,31549.720518359376,595726.5412,141.75,0.0,31549.720518359376,31473.80566396265,31835.027438778277,31138.96723507806,0.005717371893519106,0.0019167914218558937,0.0038005804716631907,0.02255689343137843
2021-10-25,31549.720518359376,31549.720518359376,31549.720518359376,31549.720518359376,0.0,0.0,0.0,31549.720518359376,31549.720518359376,31549.720518359376,31549.720518359376,0.0,6.006306563222095e-18,5.140332604014473e-18,2.229327833447314e-17
2021-10-26,31556.63707895401,31617.713646295735,31435.170146115906,31568.387408789058,71770.071,0.0,0.0,31568.387408789058,31556.63707895401,31617.713646295735,31435.170146115906,0.0009369554073707857,0.0009368973268710124,5.808049977030702e-08,0.007043842114839943
2021-10-27,31580.995367114243,31644.84556526332,31525.825461027795,31618.500790136717,114574.40079999999,0.0,0.0,31618.500790136717,31580.995367114243,31644.84556526332,31525.825461027795,0.001590550534910122,0.0006811355237285276,0.0009094150111815976,0.004304043831511971
2021-10-28,31969.220146743603,32399.048287893427,31626.902424324326,32200.22040722656,651130.2788999999,23.842591924999997,0.0,32200.22040722656,31969.220146743603,32399.048287893427,31626.902424324326,0.01616968310730582,0.008119283483975264,0.008050399623330595,0.023238180864833553
2021-10-29,32203.11315947183,32421.615542128016,31755.40775303411,32117.041249609378,787304.4552999999,0.0,0.0,32117.041249609378,32203.11315947183,32421.615542128016,31755.40775303411,-0.0019334816518334766,0.0003235743666795517,-0.0022570560185130577,0.020792762040452186
2021-11-01,32117.041249609378,32117.041249609378,32112.32363969883,32117.041249609378,14.3506,0.0,0.0,32117.041249609378,32117.041249609378,32117.041249609378,32112.32363969883,0.0,1.1113332476497815e-17,4.218847493575577e-19,0.00031626741633902544
2021-11-02,32136.10932198259,32524.184286523436,31807.646567328557,32524.184286523436,606555.2690000001,0.0,0.0,32524.184286523436,32136.10932198259,32524.184286523436,31807.646567328557,0.010932240807760214,-0.001706877081227729,0.012639117888987951,0.023808992203589077
2021-11-03,32366.62288695586,32756.689149803715,31705.059152844522,32194.495198339857,9824618.780700004,0.0,0.0,32194.495198339857,32366.62288695586,32756.689149803715,31705.059152844522,-0.015604341884549514,-0.0045021425886453414,-0.011102199295904154,0.03244823260767462
2021-11-04,32076.39434393015,32655.987539285154,31819.9194867057,32430.24879287109,569044.2149,0.0,0.0,32430.24879287109,32076.39434393015,32655.987539285154,31819.9194867057,0.008206985221930077,-0.001663770462943965,0.00987075568487405,0.02468074374007593
2021-11-05,32447.85730485624,33107.46381942731,32158.753054473524,32916.59863115234,791916.235,0.0,0.0,32916.59863115234,32447.85730485624,33107.46381942731,32158.753054473524,0.012222626821407304,0.0033717639300800675,0.008850862891327232,0.029909297021467926
2021-11-08,33125.407800706205,33598.31951667226,32741.66479480447,33242.26049121094,693100.6007,0.0,0.0,33242.26049121094,33125.407800706205,33598.31951667226,32741.66479480447,0.01096384459449169,0.00663805593538453,0.004325788659107139,0.027080120721072718
2021-11-09,33305.64977078141,33583.71155389143,32861.877325488225,33250.04610117187,598560.9335999999,0.0,0.0,33250.04610117187,33305.64977078141,33583.71155389143,32861.877325488225,0.0014213535144135322,0.0025294366979248997,-0.0011080831835113606,0.02255839231092538
2021-11-10,33210.19957268916,33512.18385261851,32799.31999881335,33210.34455,608840.2324999999,0.0,0.0,33210.34455,33210.19957268916,33512.18385261851,32799.31999881335,-0.0018122643045069354,-0.0008219026381173791,-0.0009903616663895346,0.021360266948813225
2021-11-11,33173.994927400534,33483.574386117805,32647.769281662015,32988.64005214843,884745.2597999998,0.0,0.0,32988.64005214843,33173.994927400534,33483.574386117805,32647.769281662015,-0.006266296191175889,-0.0016045593181161,-0.0046617368730597925,0.025250424883874238
2021-11-12,32936.45464887049,33312.910042539304,32603.086261401957,33030.05809462891,616362.6298999999,0.0,0.0,33030.05809462891,32936.45464887049,33312.910042539304,32603.086261401957,0.0010624908700765487,-0.002879741880422452,0.003942232750498979,0.02153293235770004
2021-11-15,33176.2802474043,33482.384830844894,32690.05104725064,32986.930709472654,715598.9214,0.0,0.0,32986.930709472654,33176.2802474043,33482.384830844894,32690.05104725064,0.00015309776388654748,0.0036959215836947076,-0.0035428238198081516,0.02454703281600805
2021-11-16,32942.89233409564,33372.21163138095,32486.81222318381,33061.311828417965,783620.2162,0.0,0.0,33061.311828417965,32942.89233409564,33372.21163138095,32486.81222318381,0.0010170021994070804,-0.001476037655570685,0.002493039854977762,0.025503692298504424
2021-11-17,33021.12300678642,33467.08931447012,32785.86381452615,33254.0723743164,727716.0974999998,0.0,0.0,33254.0723743164,33021.12300678642,33467.08931447012,32785.86381452615,0.0037232210872004054,-0.0015502418207281553,0.005273462907928599,0.020589886031711684
2021-11-18,33390.29793392815,33644.18082667407,32894.959425868255,33203.002037207014,806983.7023,0.0,0.0,33203.002037207014,33390.29793392815,33644.18082667407,32894.959425868255,0.00018627236577286943,0.004536319357795977,-0.0043500469920231205,0.022069489344345633
2021-11-19,33111.9828824084,33545.91342875639,32334.681344303994,32808.046512792964,887196.3048,0.0,0.0,32808.046512792964,33111.9828824084,33545.91342875639,32334.681344303994,-0.011222508588524274,-0.001339142205267782,-0.009883366383256502,0.03687354010329563
2021-11-22,32683.365515115966,33158.60839816145,31993.85632849775,32365.66845390625,753920.9188999999,0.0,0.0,32365.66845390625,32683.365515115966,33158.60839816145,31993.85632849775,-0.01552852968279151,-0.005645599539587024,-0.00988293014320447,0.03600286256198601
2021-11-23,32244.73197271358,32986.39103072439,31952.88919934663,32795.6400084961,510241.8578,0.0,0.0,32795.6400084961,32244.73197271358,32986.39103072439,31952.88919934663,0.01235332308668643,-0.0059730571319521406,0.018326380218638562,0.033700511414884296
2021-11-24,32917.81719424959,33537.25941535384,32336.89951413395,33111.32234873047,720057.5653,0.0,0.0,33111.32234873047,32917.81719424959,33537.25941535384,32336.89951413395,0.010508238686308348,0.0030246666885300755,0.007483571997778252,0.03876707329387811
2021-11-25,33066.65330738558,33385.239565655014,32547.359192536704,33072.46461669922,806340.4640999999,0.0,0.0,33072.46461669922,33066.65330738558,33385.239565655014,32547.359192536704,-0.0009166260309884646,-0.0029369195715225147,0.002020293540534032,0.02569512533119141
2021-11-26,32883.2432362028,33227.9862794018,32361.072258220243,32564.00554628906,614131.4369999998,0.0,0.0,32564.00554628906,32883.2432362028,33227.9862794018,32361.072258220243,-0.011627336159452358,-0.005284253516356831,-0.0063430826430955324,0.02507207579152911
2021-11-29,32088.58898377702,32981.85383497296,31772.41414315288,32555.86664599609,614802.7363999998,10.0,0.0,32555.86664599609,32088.58898377702,32981.85383497296,31772.41414315288,0.0013330366575029107,-0.014886698747607795,0.01621973540511072,0.035131350115369775
2021-11-30,32580.550382333284,33157.02804773693,32074.285017800827,32641.373053906245,687946.3950999998,0.0,0.0,32641.373053906245,32580.550382333284,33157.02804773693,32074.285017800827,0.0037689241531548134,0.0012479050049547381,0.0025210191482000575,0.030276772935415634
2021-12-01,32578.368915390132,32909.61452945458,32123.53327961699,32590.58717597656,405462.95759999997,0.0,0.0,32590.58717597656,32578.368915390132,32909.61452945458,32123.53327961699,-0.0029603330033518877,-0.0029294871376034488,-3.0845865748431e-05,0.02331198459941811
2021-12-02,32492.126827789776,32923.93729192213,32238.214548514065,32548.138908398443,414159.23900000006,0.0,0.0,32548.138908398443,32492.126827789776,32923.93729192213,32238.214548514065,1.5894464786735812e-05,-0.0033919695135716244,0.0034078639783583723,0.021562600651267888
2021-12-03,32561.16053978099,32654.396136683376,31881.839322402084,32021.498992871093,489537.4536,17.85,0.0,32021.498992871093,32561.16053978099,32654.396136683376,31881.839322402084,-0.01597557753086478,0.0010356718056480974,-0.017011249336512897,0.02427499696753757
2021-12-06,32015.996528790016,32244.712109949192,30982.75787252749,31196.213230664067,667014.4311999999,0.0,0.0,31196.213230664067,32015.996528790016,32244.712109949192,30982.75787252749,-0.023327110308928894,-0.0017064941125103557,-0.021620616196418512,0.03744379620496419
2021-12-07,31164.891756140292,32052.73636471035,30906.974245423564,31742.894799316404,455753.16879999987,0.0,0.0,31742.894799316404,31164.891756140292,32052.73636471035,30906.974245423564,0.015413693666250198,0.001739346162826126,0.013674347503424066,0.03760233988335839
2021-12-08,31859.528002007683,32125.90128836157,31500.502578185675,31800.912564160153,442101.0853999999,0.0,0.0,31800.912564160153,31859.528002007683,32125.90128836157,31500.502578185675,0.0008468069952972202,0.0037225017327514242,-0.002875694737454232,0.020129658172377777
2021-12-09,31700.913372806193,32189.21645766672,31505.11894108982,32029.841292480472,504533.3001,0.0,0.0,32029.841292480472,31700.913372806193,32189.21645766672,31505.11894108982,0.008144512642283079,-0.003297380093177284,0.011441892735460368,0.021760301256480395
2021-12-10,31925.232326144895,32384.81623901717,31616.090055084227,32069.551825976556,483802.02280000004,0.0,0.0,32069.551825976556,31925.232326144895,32384.81623901717,31616.090055084227,0.0029511326240545654,-0.0019878119510974386,0.004938944575152029,0.025235553978737557
2021-12-13,32079.396216507266,32424.311848049732,31786.03614829158,32118.190241210934,384815.3942,0.0,0.0,32118.190241210934,32079.396216507266,32424.311848049732,31786.03614829158,0.0010388321378751553,-0.0003128947097271973,0.0013517268476022865,0.020655801474001353
2021-12-14,32141.519327478647,32484.110027505463,31717.075922588523,32104.84964814453,541938.3698999999,0.0,0.0,32104.84964814453,32141.519327478647,32484.110027505463,31717.075922588523,0.0005341834443826608,-0.0004736232342078063,0.0010078066785904648,0.024069226731482717
2021-12-15,32097.444416885643,32369.24288400152,31755.090183235327,32109.04388964844,416282.66929999995,0.0,0.0,32109.04388964844,32097.444416885643,32369.24288400152,31755.090183235327,-0.0004989352887284808,-0.00046324520804284433,-3.569008068559363e-05,0.0196954461322463
2021-12-16,32140.611932344833,32488.717989065597,31759.805115363466,32040.708280175786,465806.93490000005,19.95,0.0,32040.708280175786,32140.611932344833,32488.717989065597,31759.805115363466,-0.0010460492023539622,0.0005982265386328227,-0.0016442757409867895,0.02143070428500935
2021-12-17,32072.620905957778,32301.89348296107,31653.777968922284,32026.860580761724,502221.2887,0.0,0.0,32026.860580761724,32072.620905957778,32301.89348296107,31653.777968922284,-0.00099606014707702,0.0007596382688958628,-0.001755698415972875,0.02004838595334265
2021-12-20,32030.645304571743,32222.610031494645,31529.98347798175,31789.684498730465,473004.4711999999,0.0,0.0,31789.684498730465,32030.645304571743,32222.610031494645,31529.98347798175,-0.006146746779315683,0.0002457285877247696,-0.006392475367040438,0.02195641513679204
2021-12-21,31711.99798176638,31977.790755391103,31344.63486923794,31633.732422851557,537490.9521000001,0.0,0.02616,31633.732422851557,31711.99798176638,31977.790755391103,31344.63486923794,-0.003344828371496496,-0.0036818852771866215,0.0003370569056901243,0.020810186423835034
2021-12-22,31717.51968912278,32001.600873588875,31339.823085519583,31529.74221835937,686707.5318,0.0,0.0,31529.74221835937,31717.51968912278,32001.600873588875,31339.823085519583,-0.002638811600358218,0.0030057435027337548,-0.005644555103091971,0.021076677051586258
2021-12-23,31474.463307238206,31715.63739228123,30751.98375903147,31298.72819335938,677631.3329,0.0,0.0,31298.72819335938,31474.463307238206,31715.63739228123,30751.98375903147,-0.007361226553285872,-0.002763436707774632,-0.00459778984551125,0.030388807587509135
2021-12-24,31153.017307728605,31679.23673207173,30932.960781710775,31444.850530664058,421458.39449999994,0.0,0.0,31444.850530664058,31153.017307728605,31679.23673207173,30932.960781710775,0.004546353094950765,-0.004302533231937215,0.008848886326887967,0.023821799888573313
2021-12-27,31374.64967665798,31830.993115129564,31029.58655893476,31576.67286875,320275.99630000006,0.0,0.0,31576.67286875,31374.64967665798,31830.993115129564,31029.58655893476,0.004034874798689071,-0.0017784936382932912,0.005813368436982378,0.025415206864969737
2021-12-28,31572.235962887047,31867.03329673333,31190.177848091207,31667.14988105469,395325.1194000001,121.05,0.0,31667.14988105469,31572.235962887047,31867.03329673333,31190.177848091207,0.0021633795833485158,-0.0009277787708726918,0.0030911583542212006,0.021727937706416983
2021-12-29,31592.351816535924,32037.14208569055,31258.296452644972,31599.90828330078,314535.6566,9.72350245,0.0,31599.90828330078,31592.351816535924,32037.14208569055,31258.296452644972,-0.0030279409029731275,-0.002258200937505212,-0.0007697399654679042,0.02488863321345279
2021-12-30,31600.463225258296,31965.00456036542,31222.143844578964,31744.273894140624,295132.73819999996,0.0,0.0,31744.273894140624,31600.463225258296,31965.00456036542,31222.143844578964,0.004810541986216446,0.00014339794275977354,0.004667144043456698,0.024124481647807013
2021-12-31,31644.904653858066,32223.560339338386,31254.656075426803,31750.95735302735,402924.10750000016,0.0,0.0,31750.95735302735,31644.904653858066,32223.560339338386,31254.656075426803,-0.00173085591339239,-0.002364552361349459,0.0006336964479570614,0.026921656966568498
2022-01-03,31750.95735302735,31750.95735302735,31750.95735302735,31750.95735302735,0.0,0.0,0.0,31750.95735302735,31750.95735302735,31750.95735302735,31750.95735302735,0.0,-6.827871601444713e-18,1.3655743202889422e-17,1.3655743202889422e-17
2022-01-04,31733.655424756547,32249.444372472415,31427.035293091372,31962.708462207032,559451.8426999999,0.0,0.0,31962.708462207032,31733.655424756547,32249.444372472415,31427.035293091372,0.006043224629760003,0.0002996159137126739,0.005743608716047301,0.026348608378044334
2022-01-05,32014.040651397067,32301.13053213501,31668.34520555249,32016.349006347657,511187.82039999997,12.644628083999999,0.0,32016.349006347657,32014.040651397067,32301.13053213501,31668.34520555249,0.0005042584886289274,0.0007352606885337825,-0.00023100219990485358,0.020979832331518976
2022-01-06,31896.45161458272,32195.515975611503,31573.38646812844,31794.075274707036,392531.14930000005,0.0,0.0,31794.075274707036,31896.45161458272,32195.515975611503,31573.38646812844,-0.00574360726812748,-0.0034025373868701754,-0.002341069881257318,0.019328677652997322
2022-01-07,31787.40725608332,32055.97642172058,31266.9390194632,31730.58982373047,465228.6433,68.0,0.0,31730.58982373047,31787.40725608332,32055.97642172058,31266.9390194632,0.00042065781215506435,0.00021735021908426714,0.00020330759307077924,0.024772793365653974
2022-01-10,31722.336710163483,31915.60885277062,31090.322263494447,31376.73025830079,648373.7356,0.0,0.0,31376.73025830079,31722.336710163483,31915.60885277062,31090.322263494447,-0.010925642620546058,-0.0022943367134728404,-0.00863130590707321,0.026485678878316432
2022-01-11,31305.38920272851,31555.84124489597,30892.791166678686,31221.12964277344,554095.9035000002,0.0,0.0,31221.12964277344,31305.38920272851,31555.84124489597,30892.791166678686,-0.005128712127531904,-0.0021443258946672694,-0.0029843862328646437,0.02113715466719039
2022-01-12,31205.482836163283,31500.861473028224,30570.79420096645,31221.81010410156,482071.9221,0.0,0.0,31221.81010410156,31205.482836163283,31500.861473028224,30570.79420096645,-0.0019652532954035186,-0.00105286330143667,-0.0009123899939668525,0.030387459732200434
2022-01-13,31361.93016383981,31607.194281206714,30815.39742259246,31230.568729296872,406096.0232,4.7,0.0,31230.568729296872,31361.93016383981,31607.194281206714,30815.39742259246,-0.000867614252878495,0.004193662827342865,-0.005061277080221406,0.024704327088480672
2022-01-14,31050.36653263204,31396.635163730436,30722.0595076749,31098.21898642578,215732.6143,50.0,0.0,31098.21898642578,31050.36653263204,31396.635163730436,30722.0595076749,-0.004043813501041767,-0.005110617009027614,0.0010668035079858655,0.022216502709527998
2022-01-17,31068.978567014186,31330.347760650147,30156.128105444473,30372.612708789064,471784.7276,91.65,0.0,30372.612708789064,31068.978567014186,31330.347760650147,30156.128105444473,-0.022996033157375702,-0.00020578134306499215,-0.022790251814310707,0.03811087974707936
2022-01-18,30165.64473500263,30684.188574436015,29786.519907839418,30290.092191601554,428640.77209999994,0.0,0.0,30290.092191601554,30165.64473500263,30684.188574436015,29786.519907839418,-0.003566617829723176,-0.006778376920881858,0.003211759091158661,0.03141098968413543
2022-01-19,30226.18792630498,30783.598450181235,30001.314345264367,30561.33618759765,248466.0667,0.0,0.0,30561.33618759765,30226.18792630498,30783.598450181235,30001.314345264367,0.008825775683021553,-0.0013128991912232546,0.010138674874244798,0.025523394251580594
2022-01-20,30570.506299369452,31178.109545883635,30236.27444695052,30866.931495312507,331964.67639999994,0.0,0.05562,30866.931495312507,30570.506299369452,31178.109545883635,30236.27444695052,0.009103097191022792,-0.0021424565808088854,0.011245553771831689,0.03262446608131326
2022-01-21,30863.572076653218,31070.962744676188,30338.29264617026,30659.067616113272,242487.1159000001,0.0,0.0,30659.067616113272,30863.572076653218,31070.962744676188,30338.29264617026,-0.007275169978247275,-0.00017022330725515502,-0.0071049466709921,0.023503378082433274
2022-01-24,30690.44468944926,30832.70374845681,30071.653110778756,30278.822960937498,376148.5525,0.0,0.0,30278.822960937498,30690.44468944926,30832.70374845681,30071.653110778756,-0.008812251795006318,0.0030712858982333215,-0.011883537693239622,0.024598426000479942
2022-01-25,30012.95515974008,30646.77754174803,29785.201931487038,30337.507376660156,277624.2825,0.0,0.0,30337.507376660156,30012.95515974008,30646.77754174803,29785.201931487038,0.0005293604290631615,-0.009278922137783734,0.009808282566846892,0.0260598391199684
2022-01-26,30480.10219034599,30710.924737189463,29983.01117075304,30388.9953834961,312477.45089999994,0.0,0.0,30388.9953834961,30480.10219034599,30710.924737189463,29983.01117075304,0.0019029121533779374,0.00521617497338734,-0.003313262820009408,0.023264820087697834
2022-01-27,30396.282436606783,30664.098176436437,29874.223416177378,30350.048135156252,265949.5887,0.0,0.0,30350.048135156252,30396.282436606783,30664.098176436437,29874.223416177378,-0.0036661993938285962,-0.000565188050894642,-0.0031010113429339684,0.02509114536493128
2022-01-28,30321.462956707754,30834.309580289286,30085.735279966197,30735.456362304685,354116.19889999996,0.0,0.0,30735.456362304685,30321.462956707754,30834.309580289286,30085.735279966197,0.012469709842531382,-0.0006006931726992659,0.013070403015230627,0.025529569435148985
2022-01-31,30735.456362304685,30735.456362304685,30735.456362304685,30735.456362304685,0.0,0.0,0.0,30735.456362304685,30735.456362304685,30735.456362304685,30735.456362304685,0.0,7.18314296932476e-18,5.850875339774574e-18,2.606803661819867e-17
2022-02-01,30735.456362304685,30735.456362304685,30735.456362304685,30735.456362304685,0.0,0.0,0.0,30735.456362304685,30735.456362304685,30735.456362304685,30735.456362304685,0.0,7.18314296932476e-18,5.850875339774574e-18,2.606803661819867e-17
2022-02-02,30735.456362304685,30735.456362304685,30735.456362304685,30735.456362304685,0.0,0.0,0.0,30735.456362304685,30735.456362304685,30735.456362304685,30735.456362304685,0.0,7.18314296932476e-18,5.850875339774574e-18,2.606803661819867e-17
2022-02-03,30735.456362304685,30735.456362304685,30735.456362304685,30735.456362304685,0.0,0.0,0.0,30735.456362304685,30735.456362304685,30735.456362304685,30735.456362304685,0.0,7.18314296932476e-18,5.850875339774574e-18,2.606803661819867e-17
2022-02-04,30735.456362304685,30735.456362304685,30735.456362304685,30735.456362304685,0.0,0.0,0.0,30735.456362304685,30735.456362304685,30735.456362304685,30735.456362304685,0.0,7.18314296932476e-18,5.850875339774574e-18,2.606803661819867e-17
2022-02-07,31134.460579632785,31651.90556564339,30720.802674331946,31288.15811406249,266260.6101,0.0,0.0,31288.15811406249,31134.460579632785,31651.90556564339,30720.802674331946,0.017197284472089642,0.012322338832506132,0.004874945639583506,0.02837235753972201
2022-02-08,31404.788661477756,31961.55623389504,31029.95925263244,31619.05488183594,350459.63209999993,0.0,0.0,31619.05488183594,31404.788661477756,31961.55623389504,31029.95925263244,0.008598326945417947,0.0020735560808711846,0.006524770864546742,0.027776960000455833
2022-02-09,31673.02075130083,31933.802829974884,31328.71519860255,31684.869226660157,333305.35870000004,0.0,0.0,31684.869226660157,31673.02075130083,31933.802829974884,31328.71519860255,0.002908984704978782,0.0026748855189044317,0.00023409918607434808,0.018478053837089628
2022-02-10,31728.75480496035,32008.49049663914,31167.03523271835,31663.128342968746,360069.759,0.0,0.0,31663.128342968746,31728.75480496035,32008.49049663914,31167.03523271835,-0.001085505019677363,0.0006936417949908859,-0.0017791468146682735,0.023955664849939495
2022-02-11,31554.25295617526,32052.39354154856,31332.511852306983,31843.401052246096,341532.6428,0.0,0.0,31843.401052246096,31554.25295617526,32052.39354154856,31332.511852306983,0.0065724582403240165,-0.002519541796619107,0.009092000036943158,0.02299372458196782
2022-02-14,31571.02199146139,32453.963614895794,31253.101708139242,32150.477119628908,430988.20579999994,0.0,0.0,32150.477119628908,31571.02199146139,32453.963614895794,31253.101708139242,0.0076072508043746835,-0.006462894324725447,0.014070145129100127,0.031355118744968435
2022-02-15,32150.477119628908,32150.477119628908,32150.477119628908,32150.477119628908,0.0,0.0,0.0,32150.477119628908,32150.477119628908,32150.477119628908,32150.477119628908,0.0,9.803269307440131e-18,3.241851231905456e-18,2.6090241078691177e-17
2022-02-16,32263.259389870946,32551.25564801277,31850.705997047007,32243.94195507813,344620.01860000007,0.0,0.0,32243.94195507813,32263.259389870946,32551.25564801277,31850.705997047007,0.0020773386194876875,0.0010191546063046382,0.0010581840131830412,0.021084996476451602
2022-02-17,32159.988846203894,32730.111905084006,31904.101217256346,32554.152518164068,436996.4658,0.0,0.0,32554.152518164068,32159.988846203894,32730.111905084006,31904.101217256346,0.007507162347367135,-0.0035592514250817687,0.011066413772448864,0.024179578227211194
2022-02-18,32338.869848343733,32885.190051344965,32110.27528358657,32721.724043164068,495747.96030000015,56.7,0.0,32721.724043164068,32338.869848343733,32885.190051344965,32110.27528358657,0.004294273559059333,-0.0056371301422760405,0.009931403701335353,0.022476864883962056
2022-02-21,32657.48134046776,33139.186212871995,32418.34771824204,32873.78305976562,508531.70850000007,0.0,0.0,32873.78305976562,32657.48134046776,33139.186212871995,32418.34771824204,0.0054764578319579675,-0.0007156249173703891,0.0061920827493283275,0.022254226071447978
2022-02-22,32657.816323295414,33048.19765580303,32103.520505860914,32828.6416491211,568838.8361,0.0,0.0,32828.6416491211,32657.816323295414,33048.19765580303,32103.520505860914,-0.0037318137966099213,-0.007276399629709204,0.0035445858330992895,0.024796341450097285
2022-02-23,32876.794179817676,33351.729834679456,32635.590815898333,33047.39238652344,562957.5696000002,0.0,0.0,33047.39238652344,32876.794179817676,33351.729834679456,32635.590815898333,0.006309235708775955,0.0017718982809884244,0.004537337427787534,0.02120028149599054
2022-02-24,32831.09288834564,33241.52978094486,32162.842637877577,32819.90297314453,590110.3539,0.0,0.0,32819.90297314453,32831.09288834564,33241.52978094486,32162.842637877577,-0.008483401942683598,-0.0048925037614233865,-0.003590898181260203,0.03187232384908367
2022-02-25,32859.72102961237,33351.27204494186,32615.741669697265,33069.07993222656,638741.2901000001,0.0,0.0,33069.07993222656,32859.72102961237,33351.27204494186,32615.741669697265,0.00783611954368766,0.0015096380433494603,0.0063264815003382215,0.02155643613572031
2022-02-28,33027.35130164436,33397.136000755214,32692.485686010754,33198.64931074219,525888.7322000001,0.0,0.0,33198.64931074219,33027.35130164436,33397.136000755214,32692.485686010754,0.004010568398745416,-0.0016930369446826307,0.005703605343428031,0.020921887216337413
2022-03-01,33269.160191095456,33530.4558517957,32821.24149094393,33167.90426923827,470141.2149999999,0.0,0.0,33167.90426923827,33269.160191095456,33530.4558517957,32821.24149094393,0.0002150624203152201,0.0013481225934265492,-0.0011330601731113568,0.020980099813063115
2022-03-02,33055.885956062455,33386.29029036192,32645.99071464126,33068.966803027346,499845.7200000001,51.00000000000001,0.0,33068.966803027346,33055.885956062455,33386.29029036192,32645.99071464126,-0.004516191618429471,-0.004042888771954017,-0.0004733028464754481,0.021889008535151244
2022-03-03,33069.72656332461,33781.984092424245,32764.155236265146,33489.961996679674,753530.5750000001,0.0,0.0,33489.961996679674,33069.72656332461,33781.984092424245,32764.155236265146,0.012326742788244416,-0.0005534751093080419,0.012880217897552438,0.0309627915794941
2022-03-04,33498.34820108811,33856.76330538676,32967.51509456696,33313.3520196289,583680.0599,0.0,0.0,33313.3520196289,33498.34820108811,33856.76330538676,32967.51509456696,-0.0009136746837517095,0.0016136763103034354,-0.0025273509940551423,0.024859276813663848
2022-03-07,33071.42962127641,33597.34485996212,32621.932041234963,33163.714007031245,715716.9545999999,0.0,0.0,33163.714007031245,33071.42962127641,33597.34485996212,32621.932041234963,-0.0027186990847462896,-0.004840540834213169,0.0021218417494668677,0.027108636764895364
2022-03-08,32912.07125522539,33481.93868505063,32414.336575692938,32754.63039179688,852610.9532000001,0.0,0.0,32754.63039179688,32912.07125522539,33481.93868505063,32414.336575692938,-0.011187499069422378,-0.0069965060000763465,-0.0041909930693460155,0.02948422592340885
2022-03-09,32739.656758890236,33467.794202437784,32273.766248847172,33008.31013847657,721773.0901000001,0.0,0.0,33008.31013847657,32739.656758890236,33467.794202437784,32273.766248847172,0.006071811610698634,-0.0004884834441273137,0.00656029505482595,0.032840583679226314
2022-03-10,33052.25188238865,33785.33694688057,32773.09126234848,33253.12361835938,415975.9483,0.0,0.0,33253.12361835938,33052.25188238865,33785.33694688057,32773.09126234848,0.006983474010475768,0.002854253535928039,0.004129220474547704,0.02806478394299251
2022-03-11,33198.12428741211,33645.12386056584,32783.957851599946,33141.24035644531,612380.6982,0.0,0.0,33141.24035644531,33198.12428741211,33645.12386056584,32783.957851599946,-0.002870716157370567,-0.0021633057550998567,-0.0007074104022706991,0.02349955127179577
2022-03-14,32951.72586600552,33235.375538260654,32219.995832223634,32702.770122167974,574510.4935,0.0,0.0,32702.770122167974,32951.72586600552,33235.375538260654,32219.995832223634,-0.01199660214915221,-0.005511356855619164,-0.006485245293533029,0.028765877076592023
2022-03-15,32588.037784696215,33003.323411469304,32017.616342216344,32576.710038378915,518179.35309999995,0.0,0.0,32576.710038378915,32588.037784696215,33003.323411469304,32017.616342216344,-0.0026566013320727788,-0.002308487059677987,-0.0003481142723948305,0.027099693148194645
2022-03-16,32570.430665886604,33191.16630628908,32369.987301481826,32864.99973876953,483247.7713000001,0.0,0.0,32864.99973876953,32570.430665886604,33191.16630628908,32369.987301481826,0.007074688314434387,0.0008029658564475514,0.006271722457986863,0.02297575564345602
2022-03-17,32946.47091662805,33128.65164528923,32468.706442182025,32818.94841445313,374168.0741,89.829108354,0.0,32818.94841445313,32946.47091662805,33128.65164528923,32468.706442182025,-0.0009282274148313753,0.002206552744038782,-0.0031347801588701655,0.019395605017942477
2022-03-18,32841.71426592805,33132.955816512425,32469.70345772635,32758.79915361329,579949.6321999999,0.0,0.0,32758.79915361329,32841.71426592805,33132.955816512425,32469.70345772635,-0.00279103405660147,-0.0017459377270727353,-0.0010450963295287102,0.02064558494539412
2022-03-21,32802.14354892136,33301.312304340754,32548.191566160713,33012.23895117187,584116.1363999998,0.0,0.0,33012.23895117187,32802.14354892136,33301.312304340754,32548.191566160713,0.006120427894114054,-0.00022016979093367043,0.006340597685047722,0.021880423316701744
2022-03-22,32990.62430033386,33443.98407345006,32745.27595771725,33172.2098147461,668224.1751999999,0.0,0.0,33172.2098147461,32990.62430033386,33443.98407345006,32745.27595771725,0.0023482050136885957,-0.0009710764143436299,0.003319281428032226,0.019557594690694187
2022-03-23,33182.867722783005,33839.51568105117,33026.15302856298,33555.07008603516,703945.1395,0.0,0.0,33555.07008603516,33182.867722783005,33839.51568105117,33026.15302856298,0.00878009540739858,0.00020099006752349118,0.008579105339875057,0.020963715223559075
2022-03-24,33517.8450281421,33884.000713801564,33179.676746035664,33602.37907939453,733046.2579,0.0,0.0,33602.37907939453,33517.8450281421,33884.000713801564,33179.676746035664,0.0013221770001598694,-0.0007736410516418911,0.0020958180518017523,0.018467819400292424
2022-03-25,33674.8547942481,34023.192140665604,33296.0555623986,33765.08961513672,713357.9288000001,0.0,0.0,33765.08961513672,33674.8547942481,34023.192140665604,33296.0555623986,0.002763301793399844,0.002427802190681594,0.0003354996027182603,0.02014710035712221
2022-03-28,33784.54898481747,34375.04709399763,33402.530534701335,34114.589762792966,935013.0311999999,0.0,0.0,34114.589762792966,33784.54898481747,34375.04709399763,33402.530534701335,0.005363032664018015,0.0001201684952070385,0.005242864168810962,0.0235537792225032
2022-03-29,34294.11929371091,34702.11242897544,33802.089033762604,34342.42700273437,1216563.8202,0.0,0.0,34342.42700273437,34294.11929371091,34702.11242897544,33802.089033762604,0.006627945253172449,0.004700602294267934,0.0019273429589044956,0.022317945085986887
2022-03-30,34220.723301265956,34595.71800446215,33747.55095584798,34225.156494140625,864107.056,0.0,0.0,34225.156494140625,34220.723301265956,34595.71800446215,33747.55095584798,-0.0030530465053777685,-0.003159734278597634,0.00010668777321987736,0.021300487760508115
2022-03-31,34285.23846228007,34860.15603540057,33906.333426716956,34356.77955644532,764096.8319000001,0.0,0.0,34356.77955644532,34285.23846228007,34860.15603540057,33906.333426716956,0.005155660463268101,0.0027626523983130735,0.002393008064955044,0.024991128699870642
2022-04-01,34310.37250061548,35224.619035502066,34037.76262231163,35015.80691660156,1080300.9522000002,0.0,0.0,35015.80691660156,34310.37250061548,35224.619035502066,34037.76262231163,0.016649574963976357,-0.0013766052303702866,0.01802618019434667,0.03171863395048907
2022-04-04,35235.63092962506,35538.934579741384,34733.81197889106,35062.38577978515,724124.9885999999,26.9,0.0,35062.38577978515,35235.63092962506,35538.934579741384,34733.81197889106,0.004301363121379415,0.006046221412001836,-0.0017448582906224768,0.022606839054558032
2022-04-05,35008.27425193103,35460.23110679792,34713.181367108016,35069.88181494141,551526.1343,0.0,0.0,35069.88181494141,35008.27425193103,35460.23110679792,34713.181367108016,-0.0007333034722380731,-0.0008872166848444426,0.0001539132126063725,0.021492589771875292
2022-04-06,34996.23966182597,35670.75314241847,34571.6208799236,35335.75022333984,910338.2488000001,0.0,0.0,35335.75022333984,34996.23966182597,35670.75314241847,34571.6208799236,0.0061423990297627415,-0.0007992035550535225,0.006941602584816264,0.028342095540318968
2022-04-07,35202.10950380739,35627.47012149323,34746.856780569804,35078.55030097657,896643.6663,0.0,0.0,35078.55030097657,35202.10950380739,35627.47012149323,34746.856780569804,-0.0061645516336150084,-0.0024028861683319525,-0.003761665465283048,0.022082327563633434
2022-04-08,34953.870438679034,35238.52708711117,34214.75163008402,34536.74535957031,791376.3229,0.0,0.0,34536.74535957031,34953.870438679034,35238.52708711117,34214.75163008402,-0.013181533491771215,-0.002628185941593391,-0.01055334755017784,0.025857160937678016
2022-04-11,34536.74535957031,34536.74535957031,34536.74535957031,34536.74535957031,0.0,0.0,0.0,34536.74535957031,34536.74535957031,34536.74535957031,34536.74535957031,0.0,4.274358644806851e-18,7.73825448163734e-18,2.4025226252888385e-17
2022-04-12,34549.0140777483,34915.91929709288,33745.9443152536,34243.456663574216,720051.5210000001,0.0,0.0,34243.456663574216,34549.0140777483,34915.91929709288,33745.9443152536,-0.010175745118867893,-0.0014407924271195905,-0.008734952691748303,0.03404788897760089
2022-04-13,34256.70426729633,35049.4719958492,33871.0290822652,34824.26556894531,850516.6410000001,0.0,0.0,34824.26556894531,34256.70426729633,35049.4719958492,33871.0290822652,0.011669868681944856,-0.00016617083684765063,0.011836039518792488,0.03445289675198655
2022-04-14,34877.80301951449,35557.938230859036,34587.377834688785,35272.5989265625,780048.2753,0.0,0.0,35272.5989265625,34877.80301951449,35557.938230859036,34587.377834688785,0.0074169599336969365,0.00014118870444707673,0.007275771229249896,0.02527997611900599
2022-04-15,35138.36664580984,35918.77468598042,34900.834227816886,35523.72085712891,904955.9551000001,0.0,0.0,35523.72085712891,35138.36664580984,35918.77468598042,34900.834227816886,0.006962715213180896,-0.0039967522888298855,0.01095946750201078,0.028078609153099086
2022-04-18,35503.03780307515,36048.07559840214,35010.14710322492,35592.01626914062,970042.1780000002,0.0,0.0,35592.01626914062,35503.03780307515,36048.07559840214,35010.14710322492,0.0008894561555876492,-0.0026457562621560603,0.003535212417743726,0.027717685192812102
2022-04-19,35721.65954740095,36353.89220636776,35094.29028807044,35628.56749980469,1004999.383,11.0243538,0.029324999999999997,35628.56749980469,35721.65954740095,36353.89220636776,35094.29028807044,0.00012625776063387778,0.0022093498031395377,-0.002083092042505659,0.03239484666169092
2022-04-20,35543.49614303824,36051.86828573878,34577.98698535855,35130.52704042969,900665.6254,0.0,0.0,35130.52704042969,35543.49614303824,36051.86828573878,34577.98698535855,-0.014436173097048812,-0.000608174449730612,-0.013827998647318242,0.039335551437621
2022-04-21,34604.00272065243,35351.36513743498,33992.12559777591,34795.01945556641,951648.7180000002,0.0,0.0,34795.01945556641,34604.00272065243,35351.36513743498,33992.12559777591,-0.01132892846136893,-0.014588745219433968,0.003259816758065049,0.03776473939740818
2022-04-22,34724.51559320731,35348.58336867284,33075.64838210793,34142.56301875,1397055.2246,0.0,0.0,34142.56301875,34724.51559320731,35348.58336867284,33075.64838210793,-0.016222310457971546,-0.0028518745198238063,-0.013370435938147733,0.05473987404701281
2022-04-25,33946.54698810019,34286.3220348205,32333.21206109291,32624.774624414054,1022011.8424000001,0.0,0.0,32624.774624414054,33946.54698810019,34286.3220348205,32333.21206109291,-0.04015766136892392,-0.004452176385076231,-0.03570548498384768,0.054621539549953295
2022-04-26,31802.830916997566,33363.76062301149,31265.587241041816,33182.63172802734,1024446.6391000001,0.0,0.0,33182.63172802734,31802.830916997566,33363.76062301149,31265.587241041816,0.01570169313695708,-0.02161551033190617,0.03731720346886326,0.05775962190427305
2022-04-27,32822.07689239378,33668.18847645891,32439.760014906427,33473.212267968745,518347.85120000015,0.0,0.0,33473.212267968745,32822.07689239378,33668.18847645891,32439.760014906427,0.009510013366554168,-0.008073157142429463,0.01758317050898362,0.03519208434647513
2022-04-28,33346.92314316574,33912.232385532036,32987.84914564525,33545.34821943359,530109.3178000001,0.0,0.0,33545.34821943359,33346.92314316574,33912.232385532036,32987.84914564525,0.003283606065634121,-0.0017244352796670734,0.005008041345301192,0.025033607977066115
2022-04-29,33444.443500045956,34254.753277289296,33083.886386431426,33907.10487558593,722557.1536000001,0.0,0.0,33907.10487558593,33444.443500045956,34254.753277289296,33083.886386431426,0.010011232225261249,-0.004195745343772386,0.014206977569033604,0.03142770086401492
2022-05-02,33907.10487558593,33907.10487558593,33907.10487558593,33907.10487558593,0.0,0.0,0.0,33907.10487558593,33907.10487558593,33907.10487558593,33907.10487558593,0.0,1.5099033134902127e-17,-7.549516567451065e-18,1.5099033134902127e-17
2022-05-03,33907.10487558593,33907.10487558593,33907.10487558593,33907.10487558593,0.0,0.0,0.0,33907.10487558593,33907.10487558593,33907.10487558593,33907.10487558593,0.0,1.5099033134902127e-17,-7.549516567451065e-18,1.5099033134902127e-17
2022-05-04,33854.775234764784,34282.53805268687,33452.382840786544,33874.77987597656,400177.152,0.0,0.0,33874.77987597656,33854.775234764784,34282.53805268687,33452.382840786544,-0.0009317987864130329,4.3844946269050444e-06,-0.000936183281039966,0.023301124471147832
2022-05-05,34028.88308245549,34395.274743121874,33147.619936382325,33882.62694179687,488708.1751000001,0.0,0.0,33882.62694179687,34028.88308245549,34395.274743121874,33147.619936382325,-0.0022835104653909258,0.003363388483937546,-0.005646898949328468,0.03276388495866435
2022-05-06,33516.1335408479,34045.593577819105,33073.54588218522,33439.43922822266,583691.3986,27.0487,0.0,33439.43922822266,33516.1335408479,34045.593577819105,33073.54588218522,-0.012873219310090969,-0.008314634396865372,-0.004558584913225592,0.026804160625056233
2022-05-09,32976.22047861791,33300.65331566289,31674.03853835544,31831.58377255859,882957.4624,58.8,0.0,31831.58377255859,32976.22047861791,33300.65331566289,31674.03853835544,-0.04414429156641902,-0.010691510034746826,-0.03345278153167219,0.046955995596372264
2022-05-10,31181.104279051135,32542.66475655972,30939.78660926074,32422.052792675782,723750.8710999999,0.0,0.0,32422.052792675782,31181.104279051135,32542.66475655972,30939.78660926074,0.014509087161127374,-0.019982434148629147,0.034491521309756495,0.046178039002715714
2022-05-11,32517.71150121817,33040.81411340415,31971.912144594517,32635.69230996094,485782.6034000001,54.0,0.0,32635.69230996094,32517.71150121817,33040.81411340415,31971.912144594517,0.008643628841934996,0.0023074543328753033,0.006336174509059751,0.032878965077943315
2022-05-12,32534.063319124176,32876.067320680806,31525.411453311135,31675.26286474609,639495.4535000002,0.0,0.0,31675.26286474609,32534.063319124176,32876.067320680806,31525.411453311135,-0.027570413814098336,-0.0021631370250300382,-0.025407276789068282,0.03786290850247167
2022-05-13,31499.305282463833,31841.75270002197,30080.365658692703,30589.08226347656,898574.5451000001,0.0,0.0,30589.08226347656,31499.305282463833,31841.75270002197,30080.365658692703,-0.03158374967754418,-0.0053946032467323095,-0.02618914643081186,0.053444839393925095
2022-05-16,30784.167862755123,31427.42271411325,29928.046336477237,30309.13962236328,528387.3643,0.0,0.0,30309.13962236328,30784.167862755123,31427.42271411325,29928.046336477237,-0.004634805910952191,0.0049789335720859754,-0.009613739483038161,0.0439804177087494
2022-05-17,29896.464025410078,31583.148931841155,29606.684252318642,31376.07282050782,504262.5087,0.0,0.029324999999999997,31376.07282050782,29896.464025410078,31583.148931841155,29606.684252318642,0.028923016855007772,-0.01246942670236521,0.041392443557372975,0.05766784457618075
2022-05-18,31583.881415535117,31981.89437049513,30969.826258239667,31556.491179199213,468863.8962,0.0,0.0,31556.491179199213,31583.881415535117,31981.89437049513,30969.826258239667,0.00644467307071111,0.008901247943420818,-0.002456574872709708,0.03153866421336261
2022-05-19,31034.436377222406,31874.651006309814,30736.54851183104,31739.022635058594,408990.4160999999,0.0,0.0,31739.022635058594,31034.436377222406,31874.651006309814,30736.54851183104,0.004154306592183142,-0.014840266518865938,0.018994573111049087,0.033217759113670045
2022-05-20,31619.201714651426,32004.759720285765,31231.136432465577,31581.12665478516,403617.43,37.93388364,0.0,31581.12665478516,31619.201714651426,32004.759720285765,31231.136432465577,-0.00273906181109312,-0.0018883392137634559,-0.0008507225973296615,0.023396358888531754
2022-05-23,31638.179012214154,31958.23288655447,30984.380666700228,31386.453385449226,352399.36540000007,0.0,0.0,31386.453385449226,31638.179012214154,31958.23288655447,30984.380666700228,-0.0054386901712696325,2.328883364883529e-05,-0.005461979004918465,0.030392367574101995
2022-05-24,31240.163895522415,31680.22282793644,30905.26246198473,31511.042702050785,382395.6413000001,0.0,0.0,31511.042702050785,31240.163895522415,31680.22282793644,30905.26246198473,0.0026796064138936925,-0.005668497698229857,0.008348104112123556,0.02397515781047989
2022-05-25,31710.26427988271,32549.317335484655,31440.967602885088,32317.243933496098,688360.0056000001,0.0,0.0,32317.243933496098,31710.26427988271,32549.317335484655,31440.967602885088,0.023203798967365772,0.006436852498608936,0.016766946468756833,0.03141538736104147
2022-05-26,32451.893660956142,32848.460962751386,31958.467272107708,32507.802535058592,436264.993,0.0,0.0,32507.802535058592,32451.893660956142,32848.460962751386,31958.467272107708,0.00694336708854024,0.00402972969320778,0.0029136373953324193,0.026398271224600853
2022-05-27,32429.814199566743,33125.712214990825,32138.633664470148,32924.129529589845,873545.164,0.0,0.0,32924.129529589845,32429.814199566743,33125.712214990825,32138.633664470148,0.009120379917912029,-0.0030945969866976665,0.012214976904609704,0.02738308805566145
2022-05-30,32975.32614444166,33403.30835145704,32557.62654978732,33108.98084589844,541902.8082,0.0,0.0,33108.98084589844,32975.32614444166,33403.30835145704,32557.62654978732,0.0072068500274420745,0.0027810723778170883,0.004425777649624983,0.025094895579925884
2022-05-31,33042.40072551873,33452.02876263562,32530.575247624623,33083.85422207031,558411.9260000001,0.0,0.0,33083.85422207031,33042.40072551873,33452.02876263562,32530.575247624623,-0.0009894194395552998,-0.0024948676148963886,0.0015054481753410905,0.02542958402887287
2022-06-01,32924.27473769452,33599.26018208857,32693.657230612116,33340.36025732422,556798.8963,0.0,0.0,33340.36025732422,32924.27473769452,33599.26018208857,32693.657230612116,0.0033254502128463328,-0.006611879274269149,0.00993732948711549,0.024981527275293583
2022-06-02,33340.36025732422,33354.51308715147,33326.20742749697,33340.36025732422,2443.16,0.0,0.0,33340.36025732422,33340.36025732422,33354.51308715147,33326.20742749697,0.0,7.971401316808623e-18,-3.985700658404312e-18,0.0020450302410203536
2022-06-03,33574.847198185016,34041.92797201115,33220.462369495006,33717.59057011718,500192.2385999999,0.0,0.045787,33717.59057011718,33574.847198185016,34041.92797201115,33220.462369495006,0.0037416248602800527,0.00103620415170594,0.0027054207085741005,0.023280235198276586
2022-06-06,33814.27463599834,34406.07552885878,33464.27940118213,33895.27285068359,838629.2544,0.0,0.0,33895.27285068359,33814.27463599834,34406.07552885878,33464.27940118213,0.0072057231161924695,0.0002840733054835361,0.006921649810708916,0.02902755158422679
2022-06-07,33807.52412605649,34475.973426606644,33172.858346494686,34253.76789677734,938490.4966000001,13.549999999999999,0.04117,34253.76789677734,33807.52412605649,34475.973426606644,33172.858346494686,0.00799825805427364,-0.0018052195244303863,0.009803477578704046,0.03457578579921187
2022-06-08,34523.72255210441,35024.2335117765,34062.47508551301,34564.21592392578,747190.1493000002,0.0,0.0,34564.21592392578,34523.72255210441,35024.2335117765,34062.47508551301,0.011388007034937793,0.006588371515613112,0.004799635519324708,0.026407168981572398
2022-06-09,34453.66528713113,34853.51085535999,34110.59569313576,34543.68725029297,584265.0862,216.2,0.0,34543.68725029297,34453.66528713113,34853.51085535999,34110.59569313576,0.002396075960763984,-0.003977514006751813,0.006373589967515799,0.021155985424746955
2022-06-10,34337.364544326236,34823.34893773729,33736.12480608456,33930.238821289066,828722.3704999998,0.0,0.0,33930.238821289066,34337.364544326236,34823.34893773729,33736.12480608456,-0.015841188137610547,-0.005386072566842748,-0.010455115570767797,0.027819476177890774
2022-06-13,33090.85377485301,33827.90138355563,32427.213646803,32779.19456972656,924251.9682,22.1762282,0.04452,32779.19456972656,33090.85377485301,33827.90138355563,32427.213646803,-0.029599547760641103,-0.02253995812972676,-0.00705958963091434,0.0397755568698914
2022-06-14,32441.41065758239,33286.886702520904,32067.28700522106,32871.61399863281,641278.8306,0.0,0.0,32871.61399863281,32441.41065758239,33286.886702520904,32067.28700522106,0.001527393959965186,-0.011072185158362408,0.012599579118327596,0.03762311505664433
2022-06-15,33132.268172224256,33475.55870935988,32252.358052922467,32922.858865820315,727568.1117999998,0.0,0.0,32922.858865820315,33132.268172224256,33475.55870935988,32252.358052922467,-0.0017987407201479487,0.004177450912829831,-0.005976191632977778,0.03465919468288853
2022-06-16,33285.402948073024,34073.666685758326,32785.88151661456,33807.691518164065,1019220.9529,0.0,0.0542,33807.691518164065,33285.402948073024,34073.666685758326,32785.88151661456,0.02152583761789288,0.00815383165714757,0.013372005960745285,0.03711564443680396
2022-06-17,33444.911257531625,34093.62960012318,32798.99141493899,33705.49776015626,751906.7539,0.0,0.0,33705.49776015626,33444.911257531625,34093.62960012318,32798.99141493899,-0.0037097640549919255,-0.01055166596814584,0.006841901913153884,0.0354263102736217
2022-06-20,33654.99384635899,34024.71777682184,32830.88316755115,33041.87932324218,687417.6384,0.0,0.0,33041.87932324218,33654.99384635899,34024.71777682184,32830.88316755115,-0.016738965591694098,-0.00039019281095796087,-0.016348772780736143,0.032835279665802665
2022-06-21,33023.22805758918,33484.082152857256,32042.72669084541,32548.919687109374,882862.1765999999,0.0,0.0,32548.919687109374,33023.22805758918,33484.082152857256,32042.72669084541,-0.01381920775731868,-0.0016948047642791502,-0.012124402993039504,0.037485794304976165
2022-06-22,32777.951505563135,33044.62807812679,31654.631445452495,32063.679324999997,858564.0875,0.0,0.0,32063.679324999997,32777.951505563135,33044.62807812679,31654.631445452495,-0.012818667522219548,0.004029262143602416,-0.01684792966582196,0.03763055390715685
2022-06-23,31815.35179492066,32736.443724625944,31432.117481484125,32564.334062792965,567092.7906,18.9,0.0,32564.334062792965,31815.35179492066,32736.443724625944,31432.117481484125,0.014147411111194283,-0.005487533391531426,0.01963494450272572,0.03597149039438064
2022-06-24,32711.28766451735,33123.73914038965,32235.228074746996,32708.061814257813,362961.2366,12.78,0.0,32708.061814257813,32711.28766451735,33123.73914038965,32235.228074746996,0.0042105982644658055,0.0020571030582345585,0.002153495206231261,0.026398788484063677
2022-06-27,32724.127619306877,33329.97240798793,32346.73115873801,32959.045050878914,436462.62280000007,0.0,0.0,32959.045050878914,32724.127619306877,33329.97240798793,32346.73115873801,0.007582017789957654,0.00033273686004440584,0.007249280929913239,0.027496691420889157
2022-06-28,33068.233423469945,33433.165856430045,32482.397600175922,33047.18588740234,656131.2421999999,0.0,0.0,33047.18588740234,33068.233423469945,33433.165856430045,32482.397600175922,0.0023780038431116704,0.0024019579413281293,-2.3954098216438964e-05,0.02733083721519796
2022-06-29,32836.49541353481,33466.986579448596,32448.826936107733,33104.573127734366,407752.0777999999,0.0,0.0,33104.573127734366,32836.49541353481,33466.986579448596,32448.826936107733,0.003130127558225897,-0.005977202120429278,0.00910732967865519,0.02787584866392414
2022-06-30,33122.18291613985,33452.32482728052,32619.92414939807,32897.69474296876,447211.18940000003,0.0,0.0,32897.69474296876,33122.18291613985,33452.32482728052,32619.92414939807,-0.004016804625522695,0.0009500887840244071,-0.004966893409547098,0.024479200415162026
2022-07-01,32656.42383226042,32989.36076298944,31940.409256304363,32541.087095898438,567836.5704999998,0.0,0.0,32541.087095898438,32656.42383226042,32989.36076298944,31940.409256304363,-0.011361690981379822,-0.009026743902158543,-0.0023349470792212294,0.030560884214283702
2022-07-04,32697.85819210161,33044.614910592,32021.03160786769,32399.71762529297,434866.88009999995,0.0,0.0,32399.71762529297,32697.85819210161,33044.614910592,32021.03160786769,0.0004979984041877078,0.003618279282006485,-0.003120280877818762,0.02943233751446212
2022-07-05,32334.51144830463,32547.02009743637,31429.610333602723,31789.28123017578,639096.9789000001,0.0,0.0,31789.28123017578,32334.51144830463,32547.02009743637,31429.610333602723,-0.01588350157954657,-0.004199689034177282,-0.01168381254536928,0.03091689220098051
2022-07-06,31405.417139514306,32034.338752474447,30945.57539296727,31338.969807617184,478511.92900000006,51.5,0.02616,31338.969807617184,31405.417139514306,32034.338752474447,30945.57539296727,-0.012158513465595568,-0.01067793594393395,-0.0014805775216616018,0.03075472804568181
2022-07-07,31112.202061322016,31740.34443546973,30806.774965002354,31572.174104882815,341231.78429999994,0.0,0.0,31572.174104882815,31112.202061322016,31740.34443546973,30806.774965002354,0.00535633232182702,-0.007239183492014828,0.01259551581384186,0.025900875773340958
2022-07-08,31711.12568139581,32019.40518068014,31401.818469539186,31711.73950546875,340652.99459999986,0.0,0.0,31711.73950546875,31711.12568139581,32019.40518068014,31401.818469539186,0.005505520287892091,0.0053780689556829995,0.00012745133220911053,0.017426375358680354
2022-07-11,31622.734150521366,31926.43465703694,31141.11444493449,31555.375424316408,304604.8784,0.0,0.0,31555.375424316408,31622.734150521366,31926.43465703694,31141.11444493449,-0.003747071282966847,-0.002484479995290483,-0.0012625912876763608,0.02439237131861855
2022-07-12,31555.37550594215,31574.245946206287,31555.37550594215,31564.810726074218,6309.5199999999995,0.0,0.0,31564.810726074218,31555.37550594215,31574.245946206287,31555.37550594215,0.0005674733780915889,4.932833847861206e-09,0.0005674684452577479,0.0011295579617621786
2022-07-13,31941.84259082964,32242.00651419872,31543.582274702705,31902.030591601564,313558.5519,0.0,0.0,31902.030591601564,31941.84259082964,32242.00651419872,31543.582274702705,0.01315098376340022,0.013174612906677615,-2.362914327740513e-05,0.019669220107535176
2022-07-14,31781.930821929476,32151.813572584382,31504.384220219854,31954.411266503907,293833.7328,0.0,0.0,31954.411266503907,31781.930821929476,32151.813572584382,31504.384220219854,0.0012909925589275502,-0.0027352030449024674,0.0040261956038300075,0.020189064288659804
2022-07-15,31899.09166035722,32171.3090703684,31533.729977958745,31818.313293749998,410760.3828,0.0,0.0,31818.313293749998,31899.09166035722,32171.3090703684,31533.729977958745,-0.0029648256570622943,-0.0024598942780525664,-0.0005049313790097598,0.019721554433825342
2022-07-18,31930.9138901958,32307.037098235385,31634.768573796227,31925.416560449223,327801.10949999996,0.0,0.0,31925.416560449223,31930.9138901958,32307.037098235385,31634.768573796227,0.004091740036432921,0.004590348127739152,-0.0004986080913062429,0.02016167509311014
2022-07-19,32051.371930338584,32435.13876184045,31705.658140874544,32253.732155078127,443121.8237999999,226.17000000000002,0.0,32253.732155078127,32051.371930338584,32435.13876184045,31705.658140874544,0.010395703966903959,0.004755373500414605,0.005640330466489335,0.021818938316525645
2022-07-20,32490.69497184062,33056.78019989168,32181.514188903446,32661.742322167975,751619.6836,0.0,0.0,32661.742322167975,32490.69497184062,33056.78019989168,32181.514188903446,0.009604577723608511,0.005957824349807947,0.003646753373800556,0.024957363833737617
2022-07-21,32620.470846804754,33265.55877834394,32399.068850526193,32841.49166953125,507339.7484,0.0,0.0,32841.49166953125,32620.470846804754,33265.55877834394,32399.068850526193,0.0020951695456536933,-0.0010880977722140886,0.0031832673178677604,0.02325751345941615
2022-07-22,33004.55541923089,33476.58881324309,32415.506628972882,32836.526486328126,440040.3929,0.0,0.0,32836.526486328126,33004.55541923089,33476.58881324309,32415.506628972882,-0.00026080481569794897,0.006261475796885152,-0.006522280612583089,0.029147284253660987
2022-07-25,32806.08823610538,33125.989830340885,32388.433821644496,32784.05015605469,482818.3759,0.0,0.0,32784.05015605469,32806.08823610538,33125.989830340885,32388.433821644496,0.0002997978948450129,-0.0013588407490458766,0.0016586386438908816,0.021105457419707953
2022-07-26,32638.57112083705,32961.87916271649,32262.429201462648,32586.775488476564,362968.20489999995,0.0,0.0,32586.775488476564,32638.57112083705,32961.87916271649,32262.429201462648,-0.0068907774284441585,-0.0031901035268649533,-0.0037006739015791835,0.020908509861039055
2022-07-27,32490.233468971725,32935.235160428645,32194.38124757607,32697.35582607422,273843.92889999994,0.0,0.0,32697.35582607422,32490.233468971725,32935.235160428645,32194.38124757607,0.0041055658003598325,-0.0013416382909289476,0.005447204091288812,0.021304567028672686
2022-07-28,32922.71265517012,33485.24963085866,32684.87969907205,33192.94519726562,575068.3303,0.0,0.0,33192.94519726562,32922.71265517012,33485.24963085866,32684.87969907205,0.014100589905185989,0.005890114915672994,0.008210474989513016,0.022613319811809623
2022-07-29,33321.192985612186,33822.06495441566,32857.91348647837,33233.29822070313,654812.9931999999,0.0,0.0,33233.29822070313,33321.192985612186,33822.06495441566,32857.91348647837,-0.00021058028854181385,0.002007039337797063,-0.002217619626338883,0.025250727012679396
2022-08-01,33464.07083041405,34059.88564515411,33094.62089800507,33817.63804365234,627779.8784999999,0.0,0.0,33817.63804365234,33464.07083041405,34059.88564515411,33094.62089800507,0.015822262603247934,0.006658392922951035,0.009163869680296899,0.026243797342490476
2022-08-02,33755.39207572405,34216.8701231913,33339.20206683224,33900.69867167969,515502.1679,0.0,0.0,33900.69867167969,33755.39207572405,34216.8701231913,33339.20206683224,0.001829403288590539,-0.0016875938228585563,0.003516997111449104,0.023807905215167343
2022-08-03,33742.38106294056,34319.96060084845,33520.56626385567,34032.712974121096,571421.4733999999,0.0,0.0,34032.712974121096,33742.38106294056,34319.96060084845,33520.56626385567,0.0018565562196954726,-0.004052022042774803,0.005908578262470281,0.02064558020248271
2022-08-04,34043.16421520783,34437.88085695294,33541.04943850643,33983.87392919922,672959.2333000001,0.0,0.0,33983.87392919922,34043.16421520783,34437.88085695294,33541.04943850643,7.892372945035326e-06,0.0007241029553958476,-0.0007162105824508221,0.022403914064767765
2022-08-05,33819.99415471361,34325.905457714725,33499.01112023955,33915.74233955079,451848.43239999993,0.0,0.0,33915.74233955079,33819.99415471361,34325.905457714725,33499.01112023955,-0.0007411149627718325,-0.003362609040540551,0.0026214940777687214,0.022965753993633237
2022-08-08,33961.974309321544,34398.42143283345,33570.42489860355,34050.91611210938,475611.3673,0.0,0.0,34050.91611210938,33961.974309321544,34398.42143283345,33570.42489860355,0.004567220761109429,0.000530691610508221,0.004036529150601217,0.02100002668314874
2022-08-09,34108.78234438995,34493.95286825103,33776.37997017566,34127.37050048829,615464.0774,0.0,0.0,34127.37050048829,34108.78234438995,34493.95286825103,33776.37997017566,0.00161293380820244,0.0009637362543820432,0.0006491975538203435,0.020325608986692136
2022-08-10,34172.66121220272,34654.30629754266,33916.09547265402,34394.967691503894,408428.82109999994,0.0,0.0,34394.967691503894,34172.66121220272,34654.30629754266,33916.09547265402,0.007491061246451332,0.0002508308140415625,0.007240230432409782,0.020422925051202585
2022-08-11,34525.32271165136,34754.0779728638,33854.6831741503,34176.97687900391,541352.6804,0.0,0.0,34176.97687900391,34525.32271165136,34754.0779728638,33854.6831741503,-0.004837321274655101,0.0028876791414421668,-0.007725000416097268,0.025253821904096044
2022-08-12,34201.90468025246,34543.70841562972,33758.427691999445,34287.38470332031,417881.4501000001,0.0,0.0,34287.38470332031,34201.90468025246,34543.70841562972,33758.427691999445,0.0031160563263868423,0.0005824631171464839,0.0025335932092403392,0.022280315268329447
2022-08-15,34381.23306569784,34855.855213809125,34033.822180836134,34565.66051064453,815492.6844000001,15.0,0.0,34565.66051064453,34381.23306569784,34855.855213809125,34033.822180836134,0.006060023910163879,0.0019533348884600227,0.004106689021703875,0.021584376825456525
2022-08-16,34648.05591199704,35042.393274324524,34381.14580697012,34755.35604638672,566093.6367999999,0.0,0.0,34755.35604638672,34648.05591199704,35042.393274324524,34381.14580697012,0.004030744143349212,0.0015452044949109136,0.00248553964843827,0.018425979084706563
2022-08-17,34748.7632695029,34952.92683937116,34289.18387974056,34576.61028173828,529914.5739999999,0.0,0.0,34576.61028173828,34748.7632695029,34952.92683937116,34289.18387974056,-0.005300808937321485,-0.00046783806250499656,-0.00483297087481651,0.018210079030503114
2022-08-18,34580.45109875632,35115.71372915939,34283.106499139656,34696.06787705078,646750.4306,0.0,0.0,34696.06787705078,34580.45109875632,35115.71372915939,34283.106499139656,0.0008291955926707881,-0.00018183463142665274,0.0010110302240974624,0.019459109146318848
2022-08-19,34653.282479632304,35033.84950003424,34280.02540367155,34639.04027939453,534260.2315000001,0.0,0.0,34639.04027939453,34653.282479632304,35033.84950003424,34280.02540367155,-0.0010523829945506557,-0.00042884606662311244,-0.0006235369279275571,0.018919959862937093
2022-08-22,34578.38471070794,34949.79042424134,34335.208559856015,34726.23964648438,549648.2677,0.0,0.0,34726.23964648438,34578.38471070794,34949.79042424134,34335.208559856015,0.002156181220613129,-0.002736855119154758,0.004893036339767882,0.016702819968981736
2022-08-23,34568.17465151479,34990.443415571746,34396.81132509675,34792.24848867187,532873.0004000001,17.85,0.0,34792.24848867187,34568.17465151479,34990.443415571746,34396.81132509675,0.003473831098375848,-0.0053169118291786594,0.00879074292755451,0.015644492507101634
2022-08-24,34802.47895917663,35268.21478006651,34535.490029569395,34917.35377685546,570262.5017,22.1762282,0.0,34917.35377685546,34802.47895917663,35268.21478006651,34535.490029569395,0.0037191213890383408,-8.831965964670738e-05,0.003807441048685049,0.018025711507212463
2022-08-25,34953.04269840496,35434.83060315598,34695.044600187204,35046.719783789056,654972.2084,0.0,0.0,35046.719783789056,34953.04269840496,35434.83060315598,34695.044600187204,0.0019901038929529373,0.0006192666853498984,0.0013708372076030517,0.01851367247799875
2022-08-26,35073.02946350444,35413.75432827792,34615.954196732804,35030.17754296875,750657.6984,0.0,0.0,35030.17754296875,35073.02946350444,35413.75432827792,34615.954196732804,-0.0025290913858151075,0.0007233619614502088,-0.003252453347265336,0.020343563805054123
2022-08-29,34639.14249260927,35229.574586301445,34226.060966568526,34990.48333300781,865779.8740000002,205.38,0.0,34990.48333300781,34639.14249260927,35229.574586301445,34226.060966568526,-0.0023128734426106023,-0.008832996770945381,0.00652012332833477,0.024801651416426238
2022-08-30,35069.84165794555,35429.05582168599,34664.39482159311,35049.65597685546,559748.7158000002,0.0,0.0,35049.65597685546,35069.84165794555,35429.05582168599,34664.39482159311,0.0023639615395587093,0.0019892619436555387,0.00037469959590320106,0.021439116223437263
2022-08-31,35030.98612889584,35592.65977779045,34660.60767552697,35280.48487626953,671740.0020000001,0.0,0.0,35280.48487626953,35030.98612889584,35592.65977779045,34660.60767552697,0.008107015240393606,-0.0004160564928172071,0.008523071733210834,0.028970819442110978
2022-09-01,35280.48487626953,35280.48487626953,35280.48487626953,35280.48487626953,0.0,0.0,0.0,35280.48487626953,35280.48487626953,35280.48487626953,35280.48487626953,0.0,0.0,0.0,0.0
2022-09-02,35280.48487626953,35280.48487626953,35280.48487626953,35280.48487626953,0.0,0.0,0.0,35280.48487626953,35280.48487626953,35280.48487626953,35280.48487626953,0.0,0.0,0.0,0.0
2022-09-05,35226.73462322278,35615.49705175876,34848.00171596323,35248.98246357421,438655.4279,0.0,0.0,35248.98246357421,35226.73462322278,35615.49705175876,34848.00171596323,-0.001771528727715551,-0.001360373961640796,-0.000411154766074755,0.022940819496962323
2022-09-06,35309.35843587984,35582.74504695147,34992.35916510699,35152.89554160156,558190.0379,0.0,0.0,35152.89554160156,35309.35843587984,35582.74504695147,34992.35916510699,-0.0025527918065550363,0.0013984708821075814,-0.003951262688662643,0.015855119472677995
2022-09-07,35150.09232132015,35390.98520908553,34401.235629159826,34589.06384248048,782154.0022000001,0.0,0.0,34589.06384248048,35150.09232132015,35390.98520908553,34401.235629159826,-0.01233284730443614,0.0005660078119079518,-0.012898855116344064,0.02566366102332549
2022-09-08,34698.087805126415,35087.39639160927,34274.09161964937,34683.86114121094,525280.5618,0.0,0.0,34683.86114121094,34698.087805126415,35087.39639160927,34274.09161964937,0.0009532057181155769,0.0014336465515597445,-0.0004804408334441767,0.023250207883600882
2022-09-09,34761.832837858245,35347.35465626984,34465.99557962523,35157.6428078125,590110.6134,0.0,0.0,35157.6428078125,34761.832837858245,35347.35465626984,34465.99557962523,0.014289618215447624,0.0023124353269130347,0.01197718288853458,0.02649098888100672
2022-09-12,35295.94271792835,35774.078289276724,35067.203375622375,35351.79238710937,538623.3803000002,0.0,0.0,35351.79238710937,35295.94271792835,35774.078289276724,35067.203375622375,0.005129447242673303,0.00416610633196113,0.0009633409107121607,0.018765217163142736
2022-09-13,35360.53166513979,35638.976382243265,34909.085159690025,35275.71844277343,412721.8596999999,0.0,0.0,35275.71844277343,35360.53166513979,35638.976382243265,34909.085159690025,-0.0032129136461372942,-0.0002692260405909722,-0.002943687605546332,0.020210214307275643
2022-09-14,34870.88241279525,35377.58727326112,34580.01748764228,35020.39812666016,577144.3395,0.0,0.0,35020.39812666016,34870.88241279525,35377.58727326112,34580.01748764228,-0.0037220605719838124,-0.011029453452144527,0.007307392880160711,0.023580813781848824
2022-09-15,35086.789664543896,35469.06326591405,34834.58438161543,35162.47000830078,466998.48319999996,0.0,0.0,35162.47000830078,35086.789664543896,35469.06326591405,34834.58438161543,0.00372164169085621,0.00015244354986980793,0.0035691981409864395,0.017459809489256163
2022-09-16,35104.97053589695,35507.32339481548,34523.25694186825,34844.30838916015,686621.1140000001,0.0,0.0,34844.30838916015,35104.97053589695,35507.32339481548,34523.25694186825,-0.008554435140959138,-0.004446110835320445,-0.004108324305638668,0.02742314698075512
2022-09-19,34663.944899931674,34984.39705541533,34077.82133079789,34321.80240703125,668165.9101,25.560000000000002,0.0,34321.80240703125,34663.944899931674,34984.39705541533,34077.82133079789,-0.0160398509899565,-0.005850803812882145,-0.010189047177074353,0.02714342018703596
2022-09-20,34516.04315335868,34926.073017016985,33890.44432771058,34581.64023515624,445250.41799999995,141.75,0.0,34581.64023515624,34516.04315335868,34926.073017016985,33890.44432771058,0.006464429104385059,0.004149888007452954,0.0023145410969321366,0.029788296773927126
2022-09-21,34405.19557540875,34802.47400121454,34164.26487315105,34563.187340625,316843.47980000003,0.0,0.0,34563.187340625,34405.19557540875,34802.47400121454,34164.26487315105,0.0009778176112418063,-0.004950089142794983,0.005927906754036798,0.019149910994182038
2022-09-22,34238.63516934765,34768.38194343948,33947.91935541494,34585.86381386719,525235.4892999999,0.0,0.0,34585.86381386719,34238.63516934765,34768.38194343948,33947.91935541494,0.0015144172012740399,-0.011448677029715108,0.012963094230989132,0.023884558252371166
2022-09-23,34555.84697972705,34776.681064404685,34126.59913087649,34419.23936757813,364452.11689999996,0.0,0.0,34419.23936757813,34555.84697972705,34776.681064404685,34126.59913087649,-0.0043962281254943955,-0.0020388242858674663,-0.0023574038396269223,0.019611548186460007
2022-09-26,33938.70322899496,34177.65225990851,33181.39303268977,33570.40056152344,745204.3677000001,0.0,0.0,33570.40056152344,33938.70322899496,34177.65225990851,33181.39303268977,-0.02373080356223122,-0.012512773894774645,-0.01121802966745656,0.029033068050261093
2022-09-27,33488.09902103836,34006.56484446831,33015.81505010764,33525.54548017579,430070.2079,0.0,0.0,33525.54548017579,33488.09902103836,34006.56484446831,33015.81505010764,0.002917301746780123,-0.003227433301354706,0.006144735048134821,0.031210554786688407
2022-09-28,33381.55008645475,33641.29679727753,32557.490764421593,33068.37224560547,518674.6158999999,0.0,0.0,33068.37224560547,33381.55008645475,33641.29679727753,32557.490764421593,-0.01172437338946646,-0.0042404383892663605,-0.007483935000200082,0.030806154345213974
2022-09-29,33383.234578763564,33550.71532604889,32499.38844184843,32742.835501855472,512522.0372000001,0.0,0.0,32742.835501855472,33383.234578763564,33550.71532604889,32499.38844184843,-0.008947241531356762,0.006666438713419822,-0.015613680244776556,0.03157057350703921
2022-09-30,32260.442497605214,33293.569884817065,31653.12804940636,33119.54234873047,691146.0536,0.0,0.0,33119.54234873047,32260.442497605214,33293.569884817065,31653.12804940636,0.010120450661755355,-0.014613358777029338,0.024733809438784653,0.04902481764653146
2022-10-03,32804.18207664016,33134.695038957296,31829.76655911953,32129.02204560548,468719.2364,0.0,0.0,32129.02204560548,32804.18207664016,33134.695038957296,31829.76655911953,-0.02883463903833403,-0.009093111885314172,-0.019741527153019876,0.039413090406264485
2022-10-04,32124.21340131729,32660.06566997242,31555.244023652634,32086.83176660156,577673.7458999997,0.0,0.0,32086.83176660156,32124.21340131729,32660.06566997242,31555.244023652634,-0.0075208800103740096,-0.002390317963612871,-0.005130562046761141,0.03503881329226878
2022-10-05,32304.61500203744,32808.29257248434,32004.09412620336,32574.72644414062,426980.18129999994,0.0,0.0,32574.72644414062,32304.61500203744,32808.29257248434,32004.09412620336,0.016174901093083935,0.0056701348442037385,0.010504766248880207,0.025255471483813147
2022-10-06,32497.482443326808,32801.71296601635,31559.205607078587,31987.920191601563,460296.1435999999,8.040000000000001,0.0,31987.920191601563,32497.482443326808,32801.71296601635,31559.205607078587,-0.013621379027640212,-0.00016545405570364308,-0.013455924971936572,0.03903391449058343
2022-10-07,31600.559077023616,32069.266432540906,30824.83283242092,31491.722538085938,699560.6699,17.485,0.0,31491.722538085938,31600.559077023616,32069.266432540906,30824.83283242092,-0.01685736264710791,-0.010513974122922945,-0.006343388524184982,0.041687080459948324
2022-10-10,31076.46106538654,32061.718489815194,30808.6847726073,31723.090258984375,508405.4931999999,0.0,0.0,31723.090258984375,31076.46106538654,32061.718489815194,30808.6847726073,0.008119052086766108,-0.01466108308232739,0.022780135169093482,0.039926829305599834
2022-10-11,31528.00680669167,31954.011133950182,30689.77836151612,31065.378672460938,450053.26660000003,0.0,0.0,31065.378672460938,31528.00680669167,31954.011133950182,30689.77836151612,-0.02128298475666479,-0.008304805206371243,-0.012978179550293527,0.04245518751518138
2022-10-12,31235.89727908886,32004.12553640752,30777.915294407685,31592.355825683582,461473.9356,0.0,0.0,31592.355825683582,31235.89727908886,32004.12553640752,30777.915294407685,0.017082219323088878,0.004237832583482287,0.012844386739606596,0.03959023131929137
2022-10-13,31698.02337915032,32191.708244267964,31344.903526371752,31961.9401211914,328740.655,51.5,0.0,31961.9401211914,31698.02337915032,32191.708244267964,31344.903526371752,0.009156675983879758,0.003951039695394873,0.005205636288484873,0.02537374576666414
2022-10-14,32163.93431831285,32469.428539967706,31663.425611240913,32151.799788183598,531935.6285999999,0.0,0.0,32151.799788183598,32163.93431831285,32469.428539967706,31663.425611240913,0.0041857814282110165,0.0023516741941945266,0.0018341072340165,0.022992688736049587
2022-10-17,32099.0763173958,32655.611049001578,31537.638062489226,32255.012771582027,396253.90930000006,0.0,0.0,32255.012771582027,32099.0763173958,32655.611049001578,31537.638062489226,0.004539163678187373,-0.0013640730015309346,0.005903236679718298,0.03209471036901449
2022-10-18,32621.680979599932,32889.3622021615,32083.41938733684,32492.24972587891,435431.1372,0.0,0.0,32492.24972587891,32621.680979599932,32889.3622021615,32083.41938733684,0.005433972259739154,0.009427362356429294,-0.003993390096690138,0.024893077784950503
2022-10-19,32523.166201009866,32812.271889348,32264.840657779983,32593.718691796872,317953.95910000004,0.0,0.0,32593.718691796872,32523.166201009866,32812.271889348,32264.840657779983,0.00130413495180996,0.0010785262371922517,0.000225608714617718,0.016432035785243927
2022-10-20,32582.699398982506,32946.90274057035,32240.10769921576,32600.725271875002,503649.27540000004,0.0,0.0,32600.725271875002,32582.699398982506,32946.90274057035,32240.10769921576,-0.0006135410000534536,0.0016040564538161743,-0.0022175974538696385,0.022294310873747787
2022-10-21,32448.669246710797,32727.18415509049,31490.810013836788,31907.862479003903,634490.4968,0.0,0.0,31907.862479003903,32448.669246710797,32727.18415509049,31490.810013836788,-0.022412031208873768,-0.005696020787976466,-0.016716010420897293,0.0379802449502927
2022-10-24,31989.37839038267,32480.226215160783,30740.427127101513,31111.429755468755,551778.7510999999,0.0,0.0,31111.429755468755,31989.37839038267,32480.226215160783,30740.427127101513,-0.01937775041656588,0.0015032118399014997,-0.020880962256467375,0.04741051585062876
2022-10-25,31052.088255480267,32001.090353857504,30621.67197135009,31367.051097656255,601139.7139,0.0,0.0,31367.051097656255,31052.088255480267,32001.090353857504,30621.67197135009,0.0026618485584145417,-0.005572697338439155,0.008234545896853686,0.039803348281779005
2022-10-26,31573.92291385158,31930.515878879345,30974.32398175163,31313.668434765623,345740.57950000005,124.0,0.0,31313.668434765623,31573.92291385158,31930.515878879345,30974.32398175163,-0.0016362814124447956,0.004930504255851882,-0.006566785668296683,0.030805328725511845
2022-10-27,31266.639637621214,32127.386180120997,30941.385226537142,31991.221051660155,490542.77660000016,0.0,0.0,31991.221051660155,31266.639637621214,32127.386180120997,30941.385226537142,0.021721796260947113,-0.0018932864098226525,0.02361508267076977,0.03688253750502524
2022-10-28,32254.676852185075,32666.955746377516,31771.93676106148,32053.53535205077,401670.41080000007,0.0,0.0,32053.53535205077,32254.676852185075,32666.955746377516,31771.93676106148,0.003658242328153753,0.005904264236860013,-0.0022460219087062396,0.027396255631337452
2022-10-31,32120.97120675214,32362.12352486743,31313.417362685334,31847.859913281256,497773.9997000001,0.0,0.0,31847.859913281256,32120.97120675214,32362.12352486743,31313.417362685334,-0.005520212150411961,0.0010531376963645212,-0.006573349846776485,0.03204968647861026
2022-11-01,32136.53894311391,32489.31326439939,31526.219605705555,31931.361717968754,335966.7036,0.0,0.0,31931.361717968754,32136.53894311391,32489.31326439939,31526.219605705555,0.0035639772805580484,0.008860385056973986,-0.0052964077764159345,0.02953398117372911
2022-11-02,31907.81355227356,32181.075534113068,31294.176847509865,31657.602113183602,466379.77200000006,0.0,0.0,31657.602113183602,31907.81355227356,32181.075534113068,31294.176847509865,-0.007507977914901462,-0.0008861972207845979,-0.006621780694116883,0.027391135124106278
2022-11-03,31520.070542653728,31921.621925374333,31215.6885131444,31507.020568164065,358347.1023,0.0,0.0,31507.020568164065,31520.070542653728,31921.621925374333,31215.6885131444,-0.005503963718809568,-0.00587357128866493,0.00036960756985536134,0.02202355239954235
2022-11-04,31352.956028265584,31621.03176729086,30522.877766819685,30941.532140429692,706093.4208000002,0.0,0.0,30941.532140429692,31352.956028265584,31621.03176729086,30522.877766819685,-0.019600157670667518,-0.005092946249750743,-0.01450721142091677,0.035929731401150265
2022-11-07,30872.0882341056,31174.271292677564,29952.60201290036,30299.013825000005,552785.6879000001,0.0,0.0,30299.013825000005,30872.0882341056,31174.271292677564,29952.60201290036,-0.023687076468755026,-0.002768002464496785,-0.02091907400425822,0.04019365591301948
2022-11-08,30011.289285155766,30683.537054811124,29544.88546104838,30229.960629101563,475796.3831999999,0.0,0.0,30229.960629101563,30011.289285155766,30683.537054811124,29544.88546104838,9.646372236954106e-05,-0.014446382822303951,0.014542846544673504,0.041538570509005876
2022-11-09,30352.53390671778,31000.126745111997,29984.424780642436,30539.8758546875,295966.32289999997,0.0,0.0,30539.8758546875,30352.53390671778,31000.126745111997,29984.424780642436,0.008230876944500806,0.0036288400373494538,0.004602036907151351,0.03479853836388129
2022-11-10,30144.254071581934,30459.34419439952,29297.423805062197,29727.426821289064,531763.6858,0.0,0.0,29727.426821289064,30144.254071581934,30459.34419439952,29297.423805062197,-0.027821258008000692,-0.016109719497383317,-0.011711538510617382,0.03887391207908408
2022-11-11,30086.969777123977,30417.239937723727,29244.66586083459,29806.45688935547,475167.96729999996,0.0,0.0,29806.45688935547,30086.969777123977,30417.239937723727,29244.66586083459,0.00016272216124741545,0.009352276056468305,-0.009189553895220911,0.03837348290972559
2022-11-14,29532.17683189348,29957.361609727395,28557.824036233367,29395.137578125,471727.69250000006,0.0,0.0,29395.137578125,29532.17683189348,29957.361609727395,28557.824036233367,-0.020908283953843813,-0.010688382364536255,-0.010219901589307563,0.04432164442363147
2022-11-15,29031.030785584928,29305.166622838242,27790.276207011975,28297.977040527345,550392.3406000001,246.7,0.0,28297.977040527345,29031.030785584928,29305.166622838242,27790.276207011975,-0.040356257302198065,-0.016398132318390896,-0.023958124983807175,0.05300767786081474
2022-11-16,27313.13835596996,28977.02970828923,26941.576666074314,28561.52054150391,1064462.7545,0.0,0.0,28561.52054150391,27313.13835596996,28977.02970828923,26941.576666074314,0.012963049874360616,-0.03849098339452559,0.05145403326888619,0.08159668572684188
2022-11-17,28977.39434101466,29747.106021880434,28417.63118530504,29201.96324833984,440658.95359999995,19.0,0.0,29201.96324833984,28977.39434101466,29747.106021880434,28417.63118530504,0.02502362003062939,0.013455871480363465,0.011567748550265895,0.04289951378456963
2022-11-18,29155.409596150545,29544.240742285183,28384.043695375414,29157.462322753912,587799.4463,26.599999999999998,0.0,29157.462322753912,29155.409596150545,29544.240742285183,28384.043695375414,0.0038144364239758566,-0.0022233672931666047,0.006037803717142471,0.040498630380072974
2022-11-21,29131.690613056395,29547.83794518374,28745.20175711608,29175.11031796876,411239.13480000006,0.0,0.0,29175.11031796876,29131.690613056395,29547.83794518374,28745.20175711608,0.0017927196619695524,-0.0008504500582411978,0.0026431697202107408,0.027648606169440867
2022-11-22,29073.93923128472,29643.537251466903,28758.222230709565,29184.03651494141,679247.5673,0.0,0.0,29184.03651494141,29073.93923128472,29643.537251466903,28758.222230709565,0.001057734162534399,-0.0030996507567326846,0.004157384919267089,0.03286934358041564
2022-11-23,29069.796673076587,29597.88514004852,28798.52640257052,29275.271084375,275125.3391,0.0,0.0,29275.271084375,29069.796673076587,29597.88514004852,28798.52640257052,0.0029983989477461513,-0.005294562354625415,0.008292961302371577,0.030791800908421915
2022-11-24,29124.74838525757,29392.98452500125,28681.538731227793,29056.758080273434,529941.5120000001,0.0,0.0,29056.758080273434,29124.74838525757,29392.98452500125,28681.538731227793,-0.008096030915176208,-0.008243366900121476,0.00014733598494526176,0.028571936048781197
2022-11-25,29156.080868282275,29663.694282428285,28879.7723042507,29403.10795029297,486687.4262000001,0.0,0.0,29403.10795029297,29156.080868282275,29663.694282428285,28879.7723042507,0.014308624944182158,0.004278301451736702,0.010030323492445432,0.02743789218715359
2022-11-28,29290.19042084187,30304.45054968893,29100.979620248134,29976.381396484372,564279.0771000001,0.0,0.0,29976.381396484372,29290.19042084187,30304.45054968893,29100.979620248134,0.021887844709386598,0.0008205289519377836,0.0210673157574488,0.03706964162614291
2022-11-29,30058.71261606934,30603.828863950388,29505.537002465135,30244.546851367188,643073.1115999998,0.0,0.0,30244.546851367188,30058.71261606934,30603.828863950388,29505.537002465135,0.009631088185310591,0.0019561216554742833,0.007674966529836309,0.0359077906514418
2022-11-30,30400.304060142138,31221.714881472937,29896.671978240593,30984.619775878906,605211.2050000001,0.0,0.0,30984.619775878906,30400.304060142138,31221.714881472937,29896.671978240593,0.02165363467829181,0.003911231832719225,0.01774240284557261,0.042824600745544214
2022-12-01,31042.895202791024,31354.641397670053,30235.962086475352,30592.70193564453,701412.8305,0.0,0.0,30592.70193564453,31042.895202791024,31354.641397670053,30235.962086475352,-0.008537821456077222,0.0018631476003176748,-0.01040096905639489,0.03419395781021788
2022-12-02,30539.785130906865,31151.659979041433,30032.185024728038,30827.431047070317,760928.9933999999,0.0,0.0,30827.431047070317,30539.785130906865,31151.659979041433,30032.185024728038,0.005457506013662079,-0.0031979025024590152,0.008655408516121134,0.0357157594979564
2022-12-05,30996.35372905902,31488.984518324734,30573.44680841774,31083.633302929687,519408.05059999996,0.0,0.0,31083.633302929687,30996.35372905902,31488.984518324734,30573.44680841774,0.00794001106007859,0.005123527639443307,0.002816483420635301,0.030288580274274113
2022-12-06,30913.0890182574,31438.121182595038,30326.32906626572,30821.39795273437,698303.075,0.0,0.0,30821.39795273437,30913.0890182574,31438.121182595038,30326.32906626572,-0.004669972706964773,-0.006109716908440594,0.0014397442014758323,0.038034310717706556
2022-12-07,30695.80205330824,31090.61691769184,30316.253989686335,30807.79562607422,410081.7575,0.0,0.0,30807.79562607422,30695.80205330824,31090.61691769184,30316.253989686335,-0.0006853192862214354,-0.0028242559160180924,0.0021389366297966794,0.025905512157750277
2022-12-08,31014.98005539322,31430.43471291068,30468.316466773817,31046.872615527343,498582.5653,0.0,0.0,31046.872615527343,31014.98005539322,31430.43471291068,30468.316466773817,0.006633653993617685,0.006576502814763522,5.715117885414422e-05,0.0320271069131057
2022-12-09,31010.41669510617,31390.15223683899,30634.332528865165,31190.102916796877,401935.4906000001,0.0,0.0,31190.102916796877,31010.41669510617,31390.15223683899,30634.332528865165,0.004723518477935644,-0.0014339445015887397,0.006157462979524397,0.02643271545200737
2022-12-12,31405.271172725377,31823.35928502324,30825.524766262668,31193.233128027347,546333.2254000001,0.0,0.0,31193.233128027347,31405.271172725377,31823.35928502324,30825.524766262668,0.0016737034297066636,0.007070789744203231,-0.005397086314496563,0.03345010922670872
2022-12-13,31169.052859700856,31734.850580097343,30707.285595633155,31404.74986289062,404549.8094,0.0,0.0,31404.74986289062,31169.052859700856,31734.850580097343,30707.285595633155,0.006240808716138622,-0.0017716305081177392,0.008012439224256391,0.033785718067594665
2022-12-14,31686.24198360748,31863.11950520048,31125.47838978313,31493.952991308597,435333.69450000016,96.80000000000001,0.0,31493.952991308597,31686.24198360748,31863.11950520048,31125.47838978313,0.0025701510959851635,0.0071295519248312424,-0.004559400828846078,0.023406220092566415
2022-12-15,31408.87063753872,31901.517129911237,31139.891310545387,31693.68606357422,401684.4887000001,14.200000000000001,0.0,31693.68606357422,31408.87063753872,31901.517129911237,31139.891310545387,0.006098746765419834,-0.003496057448186609,0.009594804213606431,0.02475005424144791
2022-12-16,31556.37309342245,31989.256379961604,31223.21427120452,31765.760916699222,470301.62590000004,0.0,0.0,31765.760916699222,31556.37309342245,31989.256379961604,31223.21427120452,0.003393683774819779,-0.003909033392964671,0.007302717167784428,0.02383612847557583
2022-12-19,31728.726876873847,32084.107966633488,31260.524361270654,31557.783106738287,532513.0431,63.300000000000004,0.0,31557.783106738287,31728.726876873847,32084.107966633488,31260.524361270654,-0.004891699308348776,-0.0014836974786765285,-0.003408001829672232,0.02607130879264173
2022-12-20,31422.031116708324,31810.78432224979,30680.550907753437,31343.48025927734,518449.85529999994,85.0,0.0,31343.48025927734,31422.031116708324,31810.78432224979,30680.550907753437,-0.006312491421589268,-0.006352562273919846,4.007085233058698e-05,0.037926722554951775
2022-12-21,31465.149430191235,31677.223213532063,30814.10650383282,31325.276455078118,287888.80130000005,0.0,0.0,31325.276455078118,31465.149430191235,31677.223213532063,30814.10650383282,-0.002700729084822117,0.003492197504611497,-0.006192926589433611,0.028353778945020072
2022-12-22,31494.7021038839,31721.4769317109,30883.45179603871,31284.925594238284,227377.3657,0.0,0.0,31284.925594238284,31494.7021038839,31721.4769317109,30883.45179603871,-0.002199890105969814,0.005078631375334304,-0.007278521481304104,0.028160693358273658
2022-12-23,31248.764068616256,31525.65718056565,30858.502745026075,31146.768060839833,296100.7756,10.0,0.0,31146.768060839833,31248.764068616256,31525.65718056565,30858.502745026075,-0.005860710832317108,-0.002636626888594332,-0.0032240839437227688,0.024656145392993566
2022-12-26,31118.328082947504,31318.10211298665,30226.312480331915,30533.818367480464,338330.5809,0.0,0.0,30533.818367480464,31118.328082947504,31318.10211298665,30226.312480331915,-0.01938720082969831,-0.0004037876768312107,-0.018983413152867095,0.03650162448290139
2022-12-27,30228.992846391608,31067.511455863078,29933.26897949492,30716.958392871093,274752.87100000004,0.0,0.0,30716.958392871093,30228.992846391608,31067.511455863078,29933.26897949492,0.005460326349098088,-0.010111161236977423,0.015571487586075506,0.03681151614761937
2022-12-28,30756.685422915707,31087.037982592614,30379.231558085456,31019.20657705078,235041.3118,0.0,0.0,31019.20657705078,30756.685422915707,31087.037982592614,30379.231558085456,0.009110099794506839,0.0018737848237471548,0.007236314970759703,0.021373636688435525
2022-12-29,30896.949021000557,31237.425604576958,30631.70557964325,30934.831836328125,183052.9249,37.93388364,0.0,30934.831836328125,30896.949021000557,31237.425604576958,30631.70557964325,-0.0009639465002773281,-0.0031905296446968117,0.0022265831444194897,0.021003132345085416
2022-12-30,30964.151853660638,31475.664900670654,30460.384621605957,30978.01255957031,215367.4543,0.0,0.0,30978.01255957031,30964.151853660638,31475.664900670654,30460.384621605957,0.0031702725648620925,-0.000654235909397608,0.0038245084742596874,0.03034995045615235
2023-01-02,,,,,,,,,,,,,,,
2023-01-03,,,,,,,,,,,,,,,
2023-01-04,,,,,,,,,,,,,,,
2023-01-05,,,,,,,,,,,,,,,
2023-01-06,,,,,,,,,,,,,,,
2023-01-09,,,,,,,,,,,,,,,
2023-01-10,,,,,,,,,,,,,,,
2023-01-11,,,,,,,,,,,,,,,
2023-01-12,,,,,,,,,,,,,,,
2023-01-13,,,,,,,,,,,,,,,
2023-01-16,,,,,,,,,,,,,,,
2023-01-17,,,,,,,,,,,,,,,
2023-01-18,,,,,,,,,,,,,,,
2023-01-19,,,,,,,,,,,,,,,
2023-01-20,,,,,,,,,,,,,,,
2023-01-23,,,,,,,,,,,,,,,
2023-01-24,,,,,,,,,,,,,,,
2023-01-25,,,,,,,,,,,,,,,
2023-01-26,,,,,,,,,,,,,,,
2023-01-27,,,,,,,,,,,,,,,
2023-01-30,,,,,,,,,,,,,,,
2023-01-31,,,,,,,,,,,,,,,
2023-02-01,,,,,,,,,,,,,,,
2023-02-02,,,,,,,,,,,,,,,
2023-02-03,,,,,,,,,,,,,,,
2023-02-06,,,,,,,,,,,,,,,
2023-02-07,,,,,,,,,,,,,,,
2023-02-08,,,,,,,,,,,,,,,
2023-02-09,,,,,,,,,,,,,,,
2023-02-10,,,,,,,,,,,,,,,
2023-02-13,,,,,,,,,,,,,,,
2023-02-14,,,,,,,,,,,,,,,
2023-02-15,,,,,,,,,,,,,,,
2023-02-16,,,,,,,,,,,,,,,
2023-02-17,,,,,,,,,,,,,,,
2023-02-20,,,,,,,,,,,,,,,
2023-02-21,,,,,,,,,,,,,,,
2023-02-22,,,,,,,,,,,,,,,
2023-02-23,,,,,,,,,,,,,,,
2023-02-24,,,,,,,,,,,,,,,
2023-02-27,,,,,,,,,,,,,,,
2023-02-28,,,,,,,,,,,,,,,
2023-03-01,,,,,,,,,,,,,,,
2023-03-02,,,,,,,,,,,,,,,
2023-03-03,,,,,,,,,,,,,,,
2023-03-06,,,,,,,,,,,,,,,
2023-03-07,,,,,,,,,,,,,,,
2023-03-08,,,,,,,,,,,,,,,
2023-03-09,,,,,,,,,,,,,,,
2023-03-10,,,,,,,,,,,,,,,
2023-03-13,,,,,,,,,,,,,,,
2023-03-14,,,,,,,,,,,,,,,
2023-03-15,,,,,,,,,,,,,,,
2023-03-16,,,,,,,,,,,,,,,
2023-03-17,,,,,,,,,,,,,,,
2023-03-20,,,,,,,,,,,,,,,
2023-03-21,,,,,,,,,,,,,,,
2023-03-22,,,,,,,,,,,,,,,
2023-03-23,,,,,,,,,,,,,,,
2023-03-24,,,,,,,,,,,,,,,
2023-03-27,,,,,,,,,,,,,,,
2023-03-28,,,,,,,,,,,,,,,
2023-03-29,,,,,,,,,,,,,,,
2023-03-30,,,,,,,,,,,,,,,
2023-03-31,,,,,,,,,,,,,,,
2023-04-03,,,,,,,,,,,,,,,
2023-04-04,,,,,,,,,,,,,,,
2023-04-05,,,,,,,,,,,,,,,
2023-04-06,,,,,,,,,,,,,,,
2023-04-07,,,,,,,,,,,,,,,
2023-04-10,,,,,,,,,,,,,,,
2023-04-11,,,,,,,,,,,,,,,
2023-04-12,,,,,,,,,,,,,,,
2023-04-13,,,,,,,,,,,,,,,
2023-04-14,,,,,,,,,,,,,,,
2023-04-17,,,,,,,,,,,,,,,
2023-04-18,,,,,,,,,,,,,,,
2023-04-19,,,,,,,,,,,,,,,
2023-04-20,,,,,,,,,,,,,,,
2023-04-21,,,,,,,,,,,,,,,
2023-04-24,,,,,,,,,,,,,,,
2023-04-25,,,,,,,,,,,,,,,
2023-04-26,,,,,,,,,,,,,,,
2023-04-27,,,,,,,,,,,,,,,
2023-04-28,,,,,,,,,,,,,,,
2023-05-01,,,,,,,,,,,,,,,
2023-05-02,,,,,,,,,,,,,,,
2023-05-03,,,,,,,,,,,,,,,
2023-05-04,,,,,,,,,,,,,,,
2023-05-05,,,,,,,,,,,,,,,
2023-05-08,,,,,,,,,,,,,,,
2023-05-09,,,,,,,,,,,,,,,
2023-05-10,,,,,,,,,,,,,,,
2023-05-11,,,,,,,,,,,,,,,
2023-05-12,,,,,,,,,,,,,,,
2023-05-15,,,,,,,,,,,,,,,
2023-05-16,,,,,,,,,,,,,,,
2023-05-17,,,,,,,,,,,,,,,
2023-05-18,,,,,,,,,,,,,,,
2023-05-19,,,,,,,,,,,,,,,
2023-05-22,,,,,,,,,,,,,,,
2023-05-23,,,,,,,,,,,,,,,
2023-05-24,,,,,,,,,,,,,,,
2023-05-25,,,,,,,,,,,,,,,
2023-05-26,,,,,,,,,,,,,,,
2023-05-29,,,,,,,,,,,,,,,
2023-05-30,,,,,,,,,,,,,,,
2023-05-31,,,,,,,,,,,,,,,
2023-06-01,,,,,,,,,,,,,,,
2023-06-02,,,,,,,,,,,,,,,
2023-06-05,,,,,,,,,,,,,,,
2023-06-06,,,,,,,,,,,,,,,
2023-06-07,,,,,,,,,,,,,,,
2023-06-08,,,,,,,,,,,,,,,
2023-06-09,,,,,,,,,,,,,,,
2023-06-12,,,,,,,,,,,,,,,
2023-06-13,,,,,,,,,,,,,,,
2023-06-14,,,,,,,,,,,,,,,
2023-06-15,,,,,,,,,,,,,,,
2023-06-16,,,,,,,,,,,,,,,
2023-06-19,,,,,,,,,,,,,,,
2023-06-20,,,,,,,,,,,,,,,
2023-06-21,,,,,,,,,,,,,,,
2023-06-22,,,,,,,,,,,,,,,
2023-06-23,,,,,,,,,,,,,,,
2023-06-26,,,,,,,,,,,,,,,
2023-06-27,,,,,,,,,,,,,,,
2023-06-28,,,,,,,,,,,,,,,
2023-06-29,,,,,,,,,,,,,,,
2023-06-30,,,,,,,,,,,,,,,
2023-07-03,,,,,,,,,,,,,,,
2023-07-04,,,,,,,,,,,,,,,
2023-07-05,,,,,,,,,,,,,,,
2023-07-06,,,,,,,,,,,,,,,
2023-07-07,,,,,,,,,,,,,,,
2023-07-10,,,,,,,,,,,,,,,
2023-07-11,,,,,,,,,,,,,,,
2023-07-12,,,,,,,,,,,,,,,
2023-07-13,,,,,,,,,,,,,,,
2023-07-14,,,,,,,,,,,,,,,
2023-07-17,,,,,,,,,,,,,,,
2023-07-18,,,,,,,,,,,,,,,
2023-07-19,,,,,,,,,,,,,,,
2023-07-20,,,,,,,,,,,,,,,
2023-07-21,,,,,,,,,,,,,,,
2023-07-24,,,,,,,,,,,,,,,
2023-07-25,,,,,,,,,,,,,,,
2023-07-26,,,,,,,,,,,,,,,
2023-07-27,,,,,,,,,,,,,,,
2023-07-28,,,,,,,,,,,,,,,
2023-07-31,,,,,,,,,,,,,,,
2023-08-01,,,,,,,,,,,,,,,
2023-08-02,,,,,,,,,,,,,,,
2023-08-03,,,,,,,,,,,,,,,
2023-08-04,,,,,,,,,,,,,,,
2023-08-07,,,,,,,,,,,,,,,
2023-08-08,,,,,,,,,,,,,,,
2023-08-09,,,,,,,,,,,,,,,
2023-08-10,,,,,,,,,,,,,,,
2023-08-11,,,,,,,,,,,,,,,
2023-08-14,,,,,,,,,,,,,,,
2023-08-15,,,,,,,,,,,,,,,
2023-08-16,,,,,,,,,,,,,,,
2023-08-17,,,,,,,,,,,,,,,
2023-08-18,,,,,,,,,,,,,,,
2023-08-21,,,,,,,,,,,,,,,
2023-08-22,,,,,,,,,,,,,,,
2023-08-23,,,,,,,,,,,,,,,
2023-08-24,,,,,,,,,,,,,,,
2023-08-25,,,,,,,,,,,,,,,
2023-08-28,,,,,,,,,,,,,,,
2023-08-29,,,,,,,,,,,,,,,
2023-08-30,,,,,,,,,,,,,,,
2023-08-31,,,,,,,,,,,,,,,
2023-09-01,,,,,,,,,,,,,,,
2023-09-04,,,,,,,,,,,,,,,
2023-09-05,,,,,,,,,,,,,,,
2023-09-06,,,,,,,,,,,,,,,
2023-09-07,,,,,,,,,,,,,,,
2023-09-08,,,,,,,,,,,,,,,
2023-09-11,,,,,,,,,,,,,,,
2023-09-12,,,,,,,,,,,,,,,
2023-09-13,,,,,,,,,,,,,,,
2023-09-14,,,,,,,,,,,,,,,
2023-09-15,,,,,,,,,,,,,,,
2023-09-18,,,,,,,,,,,,,,,
2023-09-19,,,,,,,,,,,,,,,
2023-09-20,,,,,,,,,,,,,,,
2023-09-21,,,,,,,,,,,,,,,
2023-09-22,,,,,,,,,,,,,,,
2023-09-25,,,,,,,,,,,,,,,
2023-09-26,,,,,,,,,,,,,,,
2023-09-27,,,,,,,,,,,,,,,
2023-09-28,,,,,,,,,,,,,,,
2023-09-29,,,,,,,,,,,,,,,
2023-10-02,,,,,,,,,,,,,,,
2023-10-03,,,,,,,,,,,,,,,
2023-10-04,,,,,,,,,,,,,,,
2023-10-05,,,,,,,,,,,,,,,
2023-10-06,,,,,,,,,,,,,,,
2023-10-09,,,,,,,,,,,,,,,
2023-10-10,,,,,,,,,,,,,,,
2023-10-11,,,,,,,,,,,,,,,
2023-10-12,,,,,,,,,,,,,,,
2023-10-13,,,,,,,,,,,,,,,
2023-10-16,,,,,,,,,,,,,,,
2023-10-17,,,,,,,,,,,,,,,
2023-10-18,,,,,,,,,,,,,,,
2023-10-19,,,,,,,,,,,,,,,
2023-10-20,,,,,,,,,,,,,,,
2023-10-23,,,,,,,,,,,,,,,
2023-10-24,,,,,,,,,,,,,,,
2023-10-25,,,,,,,,,,,,,,,
2023-10-26,,,,,,,,,,,,,,,
2023-10-27,,,,,,,,,,,,,,,
2023-10-30,,,,,,,,,,,,,,,
2023-10-31,,,,,,,,,,,,,,,
2023-11-01,,,,,,,,,,,,,,,
2023-11-02,,,,,,,,,,,,,,,
2023-11-03,,,,,,,,,,,,,,,
2023-11-06,,,,,,,,,,,,,,,
2023-11-07,,,,,,,,,,,,,,,
2023-11-08,,,,,,,,,,,,,,,
2023-11-09,35420.52525313267,35807.01099198869,35105.67152332464,35349.61171933594,756535.6302,0.0,0.0,35349.61171933594,35420.52525313267,35807.01099198869,35105.67152332464,,,-0.0009550054583471066,0.020866778019859637
2023-11-10,35273.51961828884,35728.39442989927,34900.59183156394,35340.71579199218,748727.2299000002,0.0,0.0,35340.71579199218,35273.51961828884,35728.39442989927,34900.59183156394,0.002635333290270667,-0.0019185033240408736,0.004553836614311508,0.02426763835849193
2023-11-13,35378.1058880515,35678.56407019095,35040.251821261605,35325.12054882812,519923.56529999996,0.0,0.0,35325.12054882812,35378.1058880515,35678.56407019095,35040.251821261605,-0.001556592273932229,0.0024737540009409724,-0.0040303462748731995,0.01888385534456342
2023-11-14,35505.891986008406,35779.51678486512,35116.049154259235,35409.45500273437,754393.3433,0.0,0.0,35409.45500273437,35505.891986008406,35779.51678486512,35116.049154259235,0.001900028774176913,0.004806180466952281,-0.0029061516927753536,0.01835197872020977
2023-11-15,35656.120197409735,35901.72530970314,35309.41472351601,35570.29299570313,689264.7553,0.0,0.0,35570.29299570313,35656.120197409735,35901.72530970314,35309.41472351601,0.004296184589846447,0.007356781632172151,-0.003060597042325694,0.01650175628974994
2023-11-16,35572.48103633636,35793.63849845711,35245.700922775184,35596.22452802734,608281.2,0.0,0.0,35596.22452802734,35572.48103633636,35793.63849845711,35245.700922775184,-0.00010370992637490458,-0.001498736067237468,0.0013950261408625234,0.015012611156708912
2023-11-17,35676.04829453585,35879.590928713995,35132.363903726924,35383.44392763672,781692.7046999999,0.0,0.0,35383.44392763672,35676.04829453585,35879.590928713995,35132.363903726924,-0.006515448696857968,0.001572758952585039,-0.008088207649442984,0.019203515338371932
2023-11-20,35284.28700400213,35716.30479619115,34957.03842004568,35324.16105878907,493152.0054,260.0,0.0,35324.16105878907,35284.28700400213,35716.30479619115,34957.03842004568,-0.0015154333143320856,-0.002254622594432133,0.0007391892801000529,0.02227555819182592
2023-11-21,35537.47450413113,35821.626499630154,35232.44744369266,35665.79614941406,434323.7005,107.7,0.0,35665.79614941406,35537.47450413113,35821.626499630154,35232.44744369266,0.00757077127086394,0.005450722200867449,0.0021200490699964727,0.015550039594445555
2023-11-22,35606.85213955752,35945.455640816384,35361.66287972381,35686.05989521484,815946.9198000001,0.0,0.0,35686.05989521484,35606.85213955752,35945.455640816384,35361.66287972381,0.0003435641788791431,-0.0030220769654402914,0.0033656411443194474,0.016177650950423287
2023-11-23,35725.54292956905,35973.50299978917,34962.251464480636,35088.59904804687,643003.5502,0.0,0.0,35088.59904804687,35725.54292956905,35973.50299978917,34962.251464480636,-0.012048362556000032,0.00046421887308869267,-0.012512581429088723,0.02414658103179973
2023-11-24,35138.0820404941,35517.70762308909,34618.17755830234,35225.54807001953,689201.902,0.0,0.0,35225.54807001953,35138.0820404941,35517.70762308909,34618.17755830234,0.0006141632464396129,0.0013536081908394747,-0.000739444944399846,0.02463610739428482
2023-11-27,35281.17359455278,35557.875980578705,34941.36192291024,35293.73240029297,407366.71009999997,0.0,0.0,35293.73240029297,35281.17359455278,35557.875980578705,34941.36192291024,0.0014098109543270315,0.0015713823580175235,-0.00016157140369049136,0.016013446256351423
2023-11-28,35353.05318890399,35534.166653975495,34800.644514757805,35343.712417382805,392728.768,0.0,0.0,35343.712417382805,35353.05318890399,35534.166653975495,34800.644514757805,0.002065839997675813,0.0008987901832929855,0.0011670498143828566,0.020384377536958532
2023-11-29,35436.422724163065,35793.255286759435,35155.62425055719,35631.84417236328,455200.7900999999,0.0,0.0,35631.84417236328,35436.422724163065,35793.255286759435,35155.62425055719,0.005051598872813741,0.0013985203932992765,0.003653078479514478,0.016963511011316556
2023-11-30,35650.49342907373,35937.064534658275,35398.68710426463,35595.68753857422,384776.5493,0.0,0.0,35595.68753857422,35650.49342907373,35937.064534658275,35398.68710426463,0.001937978583408983,0.0022360394292878514,-0.0002980608458788878,0.015498634529692206
2023-12-01,35767.99328669951,35881.08481389435,35367.756539584014,35673.96662236329,317514.8644000001,0.0,0.0,35673.96662236329,35767.99328669951,35881.08481389435,35367.756539584014,0.0027826952568436513,0.005129103290911265,-0.002346408034067623,0.014218817998768517
2023-12-04,35760.850718144335,36232.12144639077,35528.471060309115,36006.59811748047,755745.1675999999,0.0,0.0,36006.59811748047,35760.850718144335,36232.12144639077,35528.471060309115,0.008359367455048136,0.0018062744842689822,0.006553092970779113,0.017928422905364092
2023-12-05,36186.81930188697,36458.853073094346,35787.95489392565,36132.89183144532,644053.2827000002,0.0,0.0,36132.89183144532,36186.81930188697,36458.853073094346,35787.95489392565,0.003614161202205515,0.003847676679025783,-0.0002335154768202629,0.019018568000526138
2023-12-06,36157.965938285546,36477.34603949987,35821.06321629869,36301.58036718749,526114.4694999999,0.0,0.0,36301.58036718749,36157.965938285546,36477.34603949987,35821.06321629869,0.003455954138983154,0.00141995479630486,0.0020359993426782874,0.01810382656169012
2023-12-07,36330.71562670324,36552.69878137879,35767.85486616989,36254.61372460938,804521.3300000001,0.0,0.0,36254.61372460938,36330.71562670324,36552.69878137879,35767.85486616989,1.2111323976165102e-07,0.0014239461731709662,-0.0014238250599312085,0.021560836013922897
2023-12-08,36254.449309806165,36520.98301992551,35990.52225526431,36361.08531894531,786801.3202999999,0.0,0.0,36361.08531894531,36254.449309806165,36520.98301992551,35990.52225526431,0.0021631902009034173,2.874034344209017e-05,0.0021344498574613225,0.014159493336123336
2023-12-11,36362.87358365449,36540.074418459444,36091.67920815847,36363.309994531235,392139.15129999997,0.0,0.0,36363.309994531235,36362.87358365449,36540.074418459444,36091.67920815847,-0.0010164360670864745,-0.0017469232301144506,0.0007304871630279538,0.01253916380872512
2023-12-12,36396.94918701557,36633.55477230545,36103.85163020504,36358.21474160156,578710.6351,0.0,0.0,36358.21474160156,36396.94918701557,36633.55477230545,36103.85163020504,0.0007963218390291644,0.0007198494513697393,7.647238765942231e-05,0.015212308185258667
2023-12-13,36451.33734156709,36714.55872033829,35976.43834037937,36135.209365820316,632393.2024,0.0,0.0,36135.209365820316,36451.33734156709,36714.55872033829,35976.43834037937,-0.004911670501074318,0.0027454944285708327,-0.007657164929645147,0.019319141037020513
2023-12-14,36264.97493174369,36517.72028307234,35827.5447844652,36049.13183574219,462647.39209999994,28.6,0.0,36049.13183574219,36264.97493174369,36517.72028307234,35827.5447844652,-0.003615278306162509,0.0014056409579588929,-0.005020919264121388,0.018362287775537382
2023-12-15,36088.386227326984,36244.62890570905,35778.37745334575,35938.872987500006,557509.9228000001,0.0,0.0,35938.872987500006,36088.386227326984,36244.62890570905,35778.37745334575,-0.0018351205472589538,0.0015051994444503604,-0.0033403199917092976,0.013806893771028382
2023-12-18,35951.97907545699,36199.078662373206,35479.117365429585,35674.781618261724,523397.2622,152.75,0.0,35674.781618261724,35951.97907545699,36199.078662373206,35479.117365429585,-0.00637544027932829,0.0002981680656554618,-0.006673608344983786,0.01870377396642915
2023-12-19,35681.65675203636,36034.107191358344,35435.29893620304,35860.36409882813,388555.0235,87.10000000000001,0.0,35860.36409882813,35681.65675203636,36034.107191358344,35435.29893620304,0.0035417176040676243,-0.0008906107479117982,0.004432328351979427,0.01705575663903557
2023-12-20,35845.48752440384,36337.059967747744,35645.696480274004,36135.52767021484,575600.9829999999,0.0,0.0,36135.52767021484,35845.48752440384,36337.059967747744,35645.696480274004,0.005747065062991436,-0.0014820136734564832,0.007229078736447942,0.016882248201381973
2023-12-21,36091.90972654887,36343.90549322501,35868.70935090608,36267.226739843754,501439.5198,0.0,0.0,36267.226739843754,36091.90972654887,36343.90549322501,35868.70935090608,0.003038919616190816,-0.0017234553150123982,0.004762374931203205,0.01400335194124675
2023-12-22,36145.96923617106,36726.63129269127,35892.123868319264,36528.07736191407,467996.40230000013,0.0,0.0,36528.07736191407,36145.96923617106,36726.63129269127,35892.123868319264,0.0022341897264853295,-0.0028092675628806343,0.005043457289365945,0.01978047440938224
2023-12-25,36435.86620846961,37229.267538132764,36259.78875298536,37009.93820751954,559174.5689999998,0.0,0.0,37009.93820751954,36435.86620846961,37229.267538132764,36259.78875298536,0.009791126683710604,-0.002143916047463624,0.011935042731174215,0.022345410793981738
2023-12-26,37145.168360231226,37557.14636206614,36688.35523755358,37261.803451464846,659263.314,52.70833249,0.0,37261.803451464846,37145.168360231226,37557.14636206614,36688.35523755358,0.005759649107517912,0.0016322729939216613,0.004127376113596244,0.021390755204501174
2023-12-27,37148.92056196916,37507.180770647516,36816.789933856795,37233.10045234375,529031.7725999999,0.0,0.0,37233.10045234375,37148.92056196916,37507.180770647516,36816.789933856795,-0.0012702516868910603,-0.0015613561217019765,0.000291104434810914,0.01672635508965441
2023-12-28,37199.31282981287,37648.17304817034,36939.52808006755,37246.631926171875,526782.8162,193.67999999999998,0.0,37246.631926171875,37199.31282981287,37648.17304817034,36939.52808006755,0.0008630449576104725,-0.0011033210446185257,0.0019663660022290136,0.017312611669453283
2023-12-29,37386.56831355157,37584.03796962059,36923.561222561846,37304.28133261719,524362.2929,6.3,0.0,37304.28133261719,37386.56831355157,37584.03796962059,36923.561222561846,0.003437568782058744,0.003949998521344817,-0.0005124297392860794,0.017616109276714514
2024-01-01,32279.89492841797,32279.89492841797,32279.89492841797,32279.89492841797,0.0,0.0,0.0,32279.89492841797,32279.89492841797,32279.89492841797,32279.89492841797,0.0,6.306066779870889e-18,-3.1530333899354448e-18,6.306066779870889e-18
2024-01-02,32295.212912146286,32560.01590213272,31832.633069766558,32178.849504882815,463290.2768999999,0.0,0.0,32178.849504882815,32295.212912146286,32560.01590213272,31832.633069766558,-0.0034807699231658076,0.001171239886595571,-0.00465200980976136,0.01619213234354202
2024-01-03,32291.53157281652,32572.3134192578,32046.12149158273,32315.98372978516,415827.42499999993,117.8,0.0,32315.98372978516,32291.53157281652,32572.3134192578,32046.12149158273,0.005760377551512767,0.004174041329551798,0.0015863362219609935,0.014020762429267739
2024-01-04,32406.419461834503,32789.063640721426,31971.025645560552,32325.619718261718,661168.6034999999,0.0,0.0,32325.619718261718,32406.419461834503,32789.063640721426,31971.025645560552,0.0019780866366253783,0.0027173435125225653,-0.0007392568758971938,0.018687513108552888
2024-01-05,32338.029178291225,32468.383412495692,31922.81667984386,32255.98049365234,438411.37229999993,0.0,0.0,32255.98049365234,32338.029178291225,32468.383412495692,31922.81667984386,-0.0004974644079044499,0.00033667756832132556,-0.0008341419762257847,0.014688650938782667
2024-01-08,32196.31575726717,32592.00711092128,31957.197673319803,32275.848772363286,467034.8037,0.0,0.0,32275.848772363286,32196.31575726717,32592.00711092128,31957.197673319803,0.0017543416530690524,-0.0017944318101235275,0.0035487734631925814,0.016641568423745427
2024-01-09,32273.228004311914,32428.35163079396,32013.157410648444,32251.246244628906,510631.53349999996,0.0,0.0,32251.246244628906,32273.228004311914,32428.35163079396,32013.157410648444,-0.0006456016119094396,-4.861620376127231e-05,-0.0005969854081481903,0.010264767104713822
2024-01-10,32194.77056446422,32420.887418055772,31936.776044051265,32073.37075263672,622451.4053000001,0.0,0.0,32073.37075263672,32194.77056446422,32420.887418055772,31936.776044051265,-0.00433366597779125,-0.0016786135088225503,-0.002655052468968701,0.01221361023671899
2024-01-11,32110.01095845311,32317.387927716612,31956.875558008993,32135.79916953125,366137.06600000005,0.0,0.0,32135.79916953125,32110.01095845311,32317.387927716612,31956.875558008993,0.00013418922745192844,0.0007999553942844545,-0.0006657661668325263,0.009220062239809756
2024-01-12,31960.154129807088,32212.919774508293,31751.43297294365,31998.766516894535,538565.7194000001,0.0,0.0,31998.766516894535,31960.154129807088,32212.919774508293,31751.43297294365,-0.003070362030642121,-0.00393458205140465,0.0008642200207625485,0.012070772263945135
2024-01-15,32083.58625592296,32426.90064711491,31853.64788498772,32097.020240429687,435439.2113999999,0.0,0.0,32097.020240429687,32083.58625592296,32426.90064711491,31853.64788498772,0.0014650355652112408,0.002503480576516598,-0.0010384450113053456,0.01457609014059213
2024-01-16,32070.90564690933,32286.146834321906,31873.72310344349,32162.69360537109,641761.1598999999,0.0,0.0,32162.69360537109,32070.90564690933,32286.146834321906,31873.72310344349,0.002189590457770961,-0.001023567983925283,0.0032131584416962415,0.01087867126295997
2024-01-17,32237.727136603768,32439.702736263476,31976.260794134912,32180.406026855475,532950.4284999998,0.0,0.0,32180.406026855475,32237.727136603768,32439.702736263476,31976.260794134912,0.00024377417885181716,0.0028563589040520665,-0.002612584725200267,0.013017880449501291
2024-01-18,32215.98406848034,32487.578555926673,32041.82155592375,32278.17356904297,464167.6635999999,0.0,0.0,32278.17356904297,32215.98406848034,32487.578555926673,32041.82155592375,0.002675172816250041,0.001091340912864895,0.0015838319033851182,0.012708532221850609
2024-01-19,32241.03043035144,32518.222063781006,32134.430105652827,32347.396091406248,485338.50599999994,0.0,0.0,32347.396091406248,32241.03043035144,32518.222063781006,32134.430105652827,0.0018705109148875658,-0.0005939799379921294,0.002464490852879685,0.0095888099125785
2024-01-22,32354.854646963337,32673.293558945832,32082.82142696017,32489.248549414064,414689.3133000001,0.0,0.0,32489.248549414064,32354.854646963337,32673.293558945832,32082.82142696017,0.002709521332440137,-0.00047422643260277046,0.0031837477650428977,0.014169873342742325
2024-01-23,32473.244549253457,32634.341899907435,32128.194378779008,32404.776212109384,402821.57960000006,0.0,0.0,32404.776212109384,32473.244549253457,32634.341899907435,32128.194378779008,-0.0012889365913074263,-0.0006696148673294676,-0.0006193217239779469,0.012914227565412058
2024-01-24,32340.29458857691,32536.08826964909,32105.785057688947,32274.6444375,472861.0386,0.0,0.0,32274.6444375,32340.29458857691,32536.08826964909,32105.785057688947,-0.0021382166539289094,-0.0016972553151190055,-0.0004409613388098998,0.010648030408418746
2024-01-25,32274.6444375,32274.6444375,32274.6444375,32274.6444375,0.0,0.0,0.0,32274.6444375,32274.6444375,32274.6444375,32274.6444375,0.0,0.0,0.0,0.0
2024-01-26,32289.149515738427,32574.952732044847,32062.16898568053,32379.804330078125,279438.43479999993,0.0,0.0,32379.804330078125,32289.149515738427,32574.952732044847,32062.16898568053,0.0029829725384451973,0.0005334762235941093,0.002449496314851088,0.011906325436131408
2024-01-29,32401.835363323407,32788.2077679157,32129.191760648588,32501.482247656248,359477.3512,0.0,0.0,32501.482247656248,32401.835363323407,32788.2077679157,32129.191760648588,0.004035998424318057,0.001070016853401213,0.002965981570916855,0.017779751756196005
2024-01-30,32552.14736879683,32764.513346969405,32276.941334247047,32568.138794042963,395805.24340000004,0.0,0.0,32568.138794042963,32552.14736879683,32764.513346969405,32276.941334247047,0.0022675935251709697,0.0003191316497635945,0.001948461875407359,0.01267689158993089
2024-01-31,32610.672193190465,32936.74032811387,32271.61936918807,32620.15253798828,545566.8859,0.0,0.0,32620.15253798828,32610.672193190465,32936.74032811387,32271.61936918807,-0.00079918031206012,0.0007967639605977822,-0.001595944272657919,0.016652266315900256
2024-02-01,32638.44294277756,33172.42174625879,32411.873923410876,33042.09450615234,880009.5840000003,0.0,0.0,33042.09450615234,32638.44294277756,33172.42174625879,32411.873923410876,0.007461329839705815,-0.0008545820651221187,0.008315911904827946,0.01837847323459136
2024-02-02,33042.09450615234,33042.09450615234,33042.09450615234,33042.09450615234,0.0,0.0,0.0,33042.09450615234,33042.09450615234,33042.09450615234,33042.09450615234,0.0,0.0,0.0,0.0
2024-02-05,33035.81435118261,33360.8776262442,32808.063302432325,33137.339891699216,520204.8126000001,0.0,0.0,33137.339891699216,33035.81435118261,33360.8776262442,32808.063302432325,0.0019599461012099035,0.00027603922628295174,0.001683906874926947,0.014625885668808888
2024-02-06,33252.636410530606,33602.93588327048,32887.39199693018,33212.07793564453,467469.6022999999,0.0,0.0,33212.07793564453,33252.636410530606,33602.93588327048,32887.39199693018,0.0007914543941879011,0.003748096697196222,-0.00295664230300831,0.017325326622017523
2024-02-07,33334.53298441686,33559.12705178941,33107.56359878352,33338.13621210937,449197.7287000001,0.0,0.0,33338.13621210937,33334.53298441686,33559.12705178941,33107.56359878352,0.004045750407536313,0.003689438016362736,0.0003563123911736129,0.012614604735434836
2024-02-08,33338.13621210937,33338.13621210937,33338.13621210937,33338.13621210937,0.0,0.0,0.0,33338.13621210937,33338.13621210937,33338.13621210937,33338.13621210937,0.0,-2.7755575615628914e-19,5.551115123125782e-19,5.551115123125782e-19
2024-02-09,33338.13621210937,33338.13621210937,33338.13621210937,33338.13621210937,0.0,0.0,0.0,33338.13621210937,33338.13621210937,33338.13621210937,33338.13621210937,0.0,-2.7755575615628914e-19,5.551115123125782e-19,5.551115123125782e-19
2024-02-15,33504.32835574118,33766.43604718214,32997.23772450427,33327.70837255859,577568.0211000002,0.0,0.0,33327.70837255859,33504.32835574118,33766.43604718214,32997.23772450427,0.0017991168889777568,0.0034109151427236003,-0.001611798253745827,0.02007523786304735
2024-02-16,33334.982889947925,33627.232725874375,33149.689229894655,33365.71290361329,446268.4456,0.0,0.0,33365.71290361329,33334.982889947925,33627.232725874375,33149.689229894655,0.0008601922226644456,0.0002521651392316664,0.0006080270834327888,0.011873203853859721
2024-02-19,33449.00827248899,33778.39715982002,33185.9566730332,33448.70229492188,579309.9332,0.0,0.0,33448.70229492188,33449.00827248899,33778.39715982002,33185.9566730332,0.0031754063800248644,0.0016635824846810395,0.001511823895343844,0.014043718940727595
2024-02-20,33489.810361653464,33658.306984624025,33178.254469467334,33507.77177753906,557621.5477999998,0.0,0.0,33507.77177753906,33489.810361653464,33658.306984624025,33178.254469467334,0.0015256292931362814,0.0002808110388878919,0.0012448182542484046,0.012238592766746072
2024-02-21,33509.5066474171,34017.72030122685,33276.500477718306,33844.08604707032,666804.2613,0.0,0.0,33844.08604707032,33509.5066474171,34017.72030122685,33276.500477718306,0.006381230730022064,-0.0005807739818576709,0.006962004711879757,0.017416102684078626
2024-02-22,33874.914013203765,34263.900350519616,33603.04862029547,33945.779728613285,606356.1057,0.0,0.0,33945.779728613285,33874.914013203765,34263.900350519616,33603.04862029547,0.001576765523010175,-0.0001702076974343578,0.0017469732204445096,0.015240026089116987
2024-02-23,34063.058852240036,34384.10548720076,33591.20404326203,33860.29152451172,984224.9251999999,0.0,0.0,33860.29152451172,34063.058852240036,34384.10548720076,33591.20404326203,-0.004289183548716615,0.0027141114793223097,-0.007003295028038925,0.01805228662556501
2024-02-26,33848.7882893537,34497.81351925607,33666.78910333235,34319.70528935547,911543.8821,0.0,0.0,34319.70528935547,33848.7882893537,34497.81351925607,33666.78910333235,0.008024776719415861,-0.0006843977652659977,0.008709174484681876,0.017471649484398583
2024-02-27,34502.22048159057,34710.39378646574,34084.72343438486,34475.85348154297,635684.3919,0.0,0.0,34475.85348154297,34502.22048159057,34710.39378646574,34084.72343438486,0.004772759740059353,0.0038370674312041345,0.0009356923088552107,0.014073031387003892
2024-02-28,34476.83615076651,34754.253994862716,34140.34564330261,34479.067857617185,787808.5904,0.0,0.0,34479.067857617185,34476.83615076651,34754.253994862716,34140.34564330261,0.0015396892337212766,-0.00030350903086026783,0.0018431982645815358,0.014186772850471941
2024-02-29,34582.52357188011,34927.95756301746,34275.291228322625,34623.84981738281,728816.5177999999,0.0,0.0,34623.84981738281,34582.52357188011,34927.95756301746,34275.291228322625,0.0018439350913434145,0.0026214311633656036,-0.0007774960720221846,0.013982707282904456
2024-03-01,34698.70680251338,35104.14846884958,34424.15576278357,34870.410890136714,987219.5619,0.0,0.0,34870.410890136714,34698.70680251338,35104.14846884958,34424.15576278357,0.0067028662834843185,0.0015004746152434373,0.005202391668240854,0.016461735590747647
2024-03-04,34943.27603498541,35414.57900897105,34662.07606570523,35074.950132128906,1050519.0405000001,0.0,0.0,35074.950132128906,34943.27603498541,35414.57900897105,34662.07606570523,0.005767401261570396,0.0025790397500193643,0.0031883615115510496,0.01779436357465421
2024-03-05,35068.75153405259,35525.28496182756,34701.076803970034,35208.14372851562,1061983.9086000002,0.0,0.0,35208.14372851562,35068.75153405259,35525.28496182756,34701.076803970034,0.0014164223979556039,7.798681751867391e-05,0.0013384355804369314,0.01918635360324548
2024-03-06,35215.396396884404,35420.49340256618,34764.70331537084,35043.10221503906,833964.1026,0.0,0.0,35043.10221503906,35215.396396884404,35420.49340256618,34764.70331537084,-0.00312526389778506,0.001230342940138176,-0.004355606837923253,0.014606283655032751
2024-03-07,35095.33605209074,35682.51891641144,34841.92996257486,35468.04644765625,810135.8178,0.0,0.0,35468.04644765625,35095.33605209074,35682.51891641144,34841.92996257486,0.007714310295112766,0.0016194617726160545,0.006094848522496733,0.017007607106644555
2024-03-08,35493.63647736093,35797.486150901816,34996.92572120905,35328.8997084961,1047981.7245000001,0.0,0.0,35328.8997084961,35493.63647736093,35797.486150901816,34996.92572120905,-0.0032606970439212953,9.073064300195505e-05,-0.0033514276869232367,0.016505034938693146
2024-03-11,35317.38747494082,35779.14678263441,35025.234968842415,35289.235320214844,863094.5057000002,15.299999999999999,0.0,35289.235320214844,35317.38747494082,35779.14678263441,35025.234968842415,-0.0011684568021078008,-0.00029592631052203914,-0.0008725304915857648,0.01686423158273878
2024-03-12,35339.60956803912,35811.4718954834,35140.03866204207,35574.25567890625,896208.0729999999,0.0,0.0,35574.25567890625,35339.60956803912,35811.4718954834,35140.03866204207,0.006016997941078387,0.0016957126886603207,0.004321285252418055,0.015184658179285404
2024-03-13,35722.207992643016,36275.17376991485,35391.863572188195,36030.485977539065,975218.5959000002,0.0,0.0,36030.485977539065,35722.207992643016,36275.17376991485,35391.863572188195,0.008887064137145037,0.003229150665994036,0.0056579134711510215,0.018976265812379225
2024-03-14,36143.3872854203,36684.50897648258,35817.48619892553,36167.16195761719,1024179.3629999998,127.36000000000001,0.0,36167.16195761719,36143.3872854203,36684.50897648258,35817.48619892553,0.004850379901973995,0.0010798894087603217,0.0037704904932136605,0.02007687409415972
2024-03-15,36168.771910542164,36413.99077255179,35662.89398958456,36033.70548271485,832432.9602999999,0.0,0.0,36033.70548271485,36168.771910542164,36413.99077255179,35662.89398958456,-0.0013305626025439821,-0.0008147908775363998,-0.000515771725007598,0.016990890227268466
2024-03-18,36097.24425597604,36247.185711928694,34775.12353088458,35279.70293632813,1364268.3724000002,0.0,0.0,35279.70293632813,36097.24425597604,36247.185711928694,34775.12353088458,-0.014990734543964268,0.001565544408114611,-0.016556278952078864,0.03149276077091803
2024-03-19,35448.690409499664,35905.522321413075,35047.10717805802,35488.36155341797,643068.1157999997,83.55,0.0,35488.36155341797,35448.690409499664,35905.522321413075,35047.10717805802,0.004196427379321624,0.0028122930041611463,0.001384134375160477,0.02037161215031537
2024-03-20,35517.18919928758,35921.82235029405,35096.46217894519,35680.06430683594,925163.3992999999,0.0,0.0,35680.06430683594,35517.18919928758,35921.82235029405,35096.46217894519,0.0030136068634999368,0.0007857571922378067,0.0022278496712621327,0.018604819151623632
2024-03-21,35883.599371359145,36100.158061564434,35502.00790463155,35855.59285800781,737687.0525000001,0.0,0.0,35855.59285800781,35883.599371359145,36100.158061564434,35502.00790463155,0.0033531196040308257,0.0034653811367971123,-0.0001122615327662879,0.013080348323885969
2024-03-22,35928.920388781495,36224.96615155932,35617.446620318675,35953.54586679688,735916.3379,0.0,0.0,35953.54586679688,35928.920388781495,36224.96615155932,35617.446620318675,0.0017342907764396423,0.0008642942944942201,0.0008699964819454342,0.013501140384355941
2024-03-25,35903.79706788326,36238.92050832271,35434.33450171785,35704.72238642578,664394.6729999998,0.0,0.0,35704.72238642578,35903.79706788326,36238.92050832271,35434.33450171785,-0.003774404185001336,-0.0021447395310054363,-0.0016296646539959076,0.019095027533158573
2024-03-26,35443.93262305019,35968.05135727582,35196.700673727275,35734.41882587891,488536.2140000001,0.0,0.0,35734.41882587891,35443.93262305019,35968.05135727582,35196.700673727275,0.001004063232841808,-0.0052439383044081455,0.006248001537249975,0.017308605188218328
2024-03-27,35742.8843300632,36131.23085752202,35553.58448193097,35972.07564404296,677941.3755000001,0.0,0.0,35972.07564404296,35742.8843300632,36131.23085752202,35553.58448193097,0.0044161829708657206,-0.0008125315563991197,0.005228714527264854,0.012786439174959512
2024-03-28,36215.14831374777,36480.314211750585,35855.168464374765,36160.78207705078,641602.4938,0.0,0.0,36160.78207705078,36215.14831374777,36480.314211750585,35855.168464374765,0.0028883635288180247,0.004901574790259382,-0.002013211261441341,0.013951747240523298
2024-03-29,36098.01246637627,36496.82112066524,35855.1501897973,36157.07478691406,610183.2649,0.0,0.0,36157.07478691406,36098.01246637627,36496.82112066524,35855.1501897973,0.0007726132016121386,-0.001569153407273588,0.0023417666088857213,0.01334572013349212
2024-04-01,36084.628129534925,36447.76177530473,35713.97173501767,36115.75886240234,700496.8719000001,0.0,0.0,36115.75886240234,36084.628129534925,36447.76177530473,35713.97173501767,-0.0015424732775675813,-0.0014397018843669894,-0.00010277139320058481,0.015049308490898273
2024-04-02,36030.19185381739,36550.45304898992,35771.965677822234,36418.98160019532,719547.8654,0.0,0.0,36418.98160019532,36030.19185381739,36550.45304898992,35771.965677822234,0.0061100667372198745,-0.001999847386579781,0.00810991412379965,0.017254903966816053
2024-04-03,36424.144378000055,36734.74718108777,35942.194680792054,36167.35187343751,899919.2202,0.0,0.0,36167.35187343751,36424.144378000055,36734.74718108777,35942.194680792054,-0.004838971722408338,0.0003499133774257597,-0.0051888850998341,0.016688882060866297
2024-04-04,36173.38342051534,36627.91482921809,35756.577559147496,36379.70209121094,768515.9590999999,0.0,0.0,36379.70209121094,36173.38342051534,36627.91482921809,35756.577559147496,0.0018724832806055543,-0.00017405972707124951,0.002046543007676806,0.018587886571222036
2024-04-05,36137.913415785384,36636.37995141459,35697.443068994544,36069.843048730465,641685.1977000001,0.0,0.0,36069.843048730465,36137.913415785384,36636.37995141459,35697.443068994544,-0.005806071077665961,-0.00429869085756429,-0.0015073802201016773,0.01952512294600517
2024-04-08,36085.53830727017,36326.04079472785,35651.87376266806,35851.07449052735,479354.95639999997,0.0,0.0,35851.07449052735,36085.53830727017,36326.04079472785,35651.87376266806,-0.004585206327566445,0.00013407528112844585,-0.004719281608694902,0.014269666738062757
2024-04-09,36039.857242165686,36314.188053218124,35673.66221450707,36033.812921875004,738955.0869999998,0.0,0.0,36033.812921875004,36039.857242165686,36314.188053218124,35673.66221450707,0.0036108195397443147,0.004021843460925387,-0.00041102392118106117,0.013762661031860877
2024-04-10,36141.17346535247,36429.4757471681,35898.33662830737,36142.26941152344,507534.0691,0.0,0.0,36142.26941152344,36141.17346535247,36429.4757471681,35898.33662830737,0.0019881564838593866,0.0022537912752337618,-0.0002656347913743669,0.011256316576500154
2024-04-11,35985.13476869568,36321.91431626626,35784.36615984411,36140.06243476562,425315.81630000006,0.0,0.0,36140.06243476562,35985.13476869568,36321.91431626626,35784.36615984411,-0.0003075516464890852,-0.003060382409690083,0.0027528307632009945,0.010862652174060442
2024-04-12,36233.374662061826,36736.852733735956,36022.380178492516,36609.07819335938,485907.9556,17.950193352000003,0.0,36609.07819335938,36233.374662061826,36736.852733735956,36022.380178492516,0.008047707073544868,0.001509061207090394,0.006538645866454477,0.013706142807769122
2024-04-15,36766.900799060226,37009.18708009067,35452.59017976592,35594.29060810546,960715.8367999999,0.0,0.0,35594.29060810546,36766.900799060226,37009.18708009067,35452.59017976592,-0.022163582104613944,0.0028127804393421243,-0.024976362543956073,0.031893732922828426
2024-04-16,35518.618242088705,35997.71898487868,34750.47686140488,35458.96362695312,823182.1366,0.0,0.0,35458.96362695312,35518.618242088705,35997.71898487868,34750.47686140488,-0.0035635389309124394,-0.0030764265833546304,-0.000487112347557812,0.027576179813935855
2024-04-17,35503.03686794497,35773.06431520088,35000.341725123326,35235.73751015625,469107.4578,0.0,0.0,35235.73751015625,35503.03686794497,35773.06431520088,35000.341725123326,-0.005070659375842214,6.105775552430999e-05,-0.005131717131366522,0.016947083232612983
2024-04-19,34748.57839610697,35226.848573130555,34032.40994091954,34453.0209734375,854731.6774999999,0.0,0.0,34453.0209734375,34748.57839610697,35226.848573130555,34032.40994091954,-0.016000368332094048,-0.01147775944615072,-0.004522608885943337,0.027290256854724037
2024-04-22,34520.881498048366,34981.78361037519,34202.29868214507,34635.23841748047,603529.9805000001,0.0,0.0,34635.23841748047,34520.881498048366,34981.78361037519,34202.29868214507,0.004830240742786114,0.002517418904017216,0.0023128218387689125,0.018866615306528826
2024-04-23,34782.13231497198,35093.555389420246,34393.50241515903,34800.1280890625,817050.1751000001,0.0,0.0,34800.1280890625,34782.13231497198,35093.555389420246,34393.50241515903,0.0017937321880765224,0.0029385294642930286,-0.0011447972762165064,0.015465204074017221
2024-04-24,34914.82970916267,35660.81665336311,34718.35625004473,35517.26273964843,1054332.9255999997,0.0,0.0,35517.26273964843,34914.82970916267,35660.81665336311,34718.35625004473,0.013974336431784556,0.0025413011457300753,0.01143303528605447,0.019601467502350745
2024-04-25,35577.49953066589,36100.44689956774,35204.06606276999,35720.63366152344,910982.8302,0.0,0.0,35720.63366152344,35577.49953066589,36100.44689956774,35204.06606276999,0.00277359851665645,0.0013810761892294895,0.0013925223274269447,0.018135385302736482
2024-04-26,35477.858875162674,36154.36465439181,35205.104425734404,35817.47632744141,691182.2692000001,0.0,0.0,35817.47632744141,35477.858875162674,36154.36465439181,35205.104425734404,0.0016949526518295016,-0.004336783812431703,0.0060317364642612,0.01955677240071181
2024-04-29,35817.47632744141,35817.47632744141,35817.47632744141,35817.47632744141,0.0,0.0,0.0,35817.47632744141,35817.47632744141,35817.47632744141,35817.47632744141,0.0,0.0,0.0,0.0
2024-04-30,35817.47632744141,35817.47632744141,35817.47632744141,35817.47632744141,0.0,0.0,0.0,35817.47632744141,35817.47632744141,35817.47632744141,35817.47632744141,0.0,0.0,0.0,0.0
2024-05-02,35932.684397520505,36550.140691502136,35590.21341970291,36275.26011035156,982512.906,0.0,0.0,36275.26011035156,35932.684397520505,36550.140691502136,35590.21341970291,0.007268107932521948,0.002127372623860651,0.005140735308661286,0.02019240626742733
2024-05-03,36376.22590762115,36786.23420871965,35970.81979083876,36354.060187988296,1190616.3139,15.659999999999998,0.0,36354.060187988296,36376.22590762115,36786.23420871965,35970.81979083876,0.0016531973677760495,0.0027105941775016767,-0.0010573968097256246,0.01734580909785015
2024-05-06,36463.65705049056,37019.02243014373,36235.35847690842,36790.30651513673,658348.8826000002,0.0,0.0,36790.30651513673,36463.65705049056,37019.02243014373,36235.35847690842,0.009550301046691799,0.0017672046344519858,0.007783096412239814,0.01785733359429687
2024-05-07,36902.1962966444,37471.124017001755,36576.49094963982,37073.74222578125,646027.0270000001,0.0,0.0,37073.74222578125,36902.1962966444,37471.124017001755,36576.49094963982,0.005151565096412469,0.0023716052795204807,0.002779959816891991,0.01690858810432469
2024-05-08,36978.57780814682,37349.312639900236,36717.94973224021,37155.11814130859,714397.0637,13.666666120000002,0.0,37155.11814130859,36978.57780814682,37349.312639900236,36717.94973224021,0.002827236675120377,-0.001497347652332644,0.004324584327453015,0.014619850879217834
2024-05-09,37099.65274584947,37769.4260692349,36880.713734772,37223.61958701172,716867.569,0.0,0.0,37223.61958701172,37099.65274584947,37769.4260692349,36880.713734772,0.0016951929969010006,-0.0015434986108562583,0.0032386916077572505,0.018458969506588426
2024-05-10,37281.09524009382,37654.15104684205,36939.809879055916,37366.92021396484,669953.8317999998,0.0,0.0,37366.92021396484,37281.09524009382,37654.15104684205,36939.809879055916,0.003615458244117396,0.0011276906475769146,0.0024877675965404916,0.016103357824614327
2024-05-13,37471.748762147705,37717.42110736554,36864.23357674488,37280.953021875,529510.7547,0.0,0.0,37280.953021875,37471.748762147705,37717.42110736554,36864.23357674488,-0.0015564950678567749,0.001774441873270842,-0.0033309369411275904,0.018254097965768237
2024-05-14,37361.48501132436,37705.64328160095,37064.33053440785,37393.99076552735,679814.6973,0.0,0.0,37393.99076552735,37361.48501132436,37705.64328160095,37064.33053440785,0.003024569270314139,0.0008131534629471278,0.002211415807367023,0.014264676564932584
2024-05-15,37526.86135737547,37985.269714698654,37337.62745914712,37794.63557861328,762205.5663000001,0.0,0.0,37794.63557861328,37526.86135737547,37985.269714698654,37337.62745914712,0.008080700345732366,0.0020289042271994556,0.006051796118532888,0.013677640953554402
2024-05-16,37936.66453639471,38198.159882771644,37533.073925772944,37843.17046904297,750910.5772000002,0.0,0.0,37843.17046904297,37936.66453639471,38198.159882771644,37533.073925772944,0.001464300093886076,0.002761469429984961,-0.0012971693360988913,0.013704268323069134
2024-05-17,37924.91266457608,38279.18416439398,37619.86215862734,37885.876846484374,837996.0443000001,202.455,0.0,37885.876846484374,37924.91266457608,38279.18416439398,37619.86215862734,0.004068642479576844,0.0022148026537552384,0.001853839825821606,0.0165233456893797
2024-05-20,37934.164264945466,38358.88507112673,37612.968481004515,37765.78055361329,888561.2971000001,0.0,0.0,37765.78055361329,37934.164264945466,38358.88507112673,37612.968481004515,-0.0006644670058214985,0.000717665046560353,-0.0013821320523818854,0.015545829924194583
2024-05-21,37899.15585197045,38359.90254142192,37607.55345041257,38059.85959169922,734781.9559000002,0.0,0.031395,38059.85959169922,37899.15585197045,38359.90254142192,37607.55345041257,0.006283864841627866,0.0034577741307536955,0.002826090710874144,0.01464551422197075
2024-05-22,38111.36555518748,38592.87253119897,37759.11162582121,38171.073033789056,961312.5720000002,0.0,0.0,38171.073033789056,38111.36555518748,38592.87253119897,37759.11162582121,0.0025360563991781333,-0.0002658849865027192,0.002801941385680862,0.01941097795007247
2024-05-23,38268.819807532935,38649.571933664316,37805.64023255474,38371.16099013671,959069.5146999998,42.6,0.0,38371.16099013671,38268.819807532935,38649.571933664316,37805.64023255474,0.003929890164975169,0.002839449550686064,0.0010904406142890968,0.017705602888277196
2024-05-24,38158.91267943283,38749.01170606508,37595.060074392,38180.20408593749,1813327.6275999998,0.0,0.0,38180.20408593749,38158.91267943283,38749.01170606508,37595.060074392,-0.004022646763374571,-0.006378277904722771,0.0023556311413482143,0.02438546280308735
2024-05-27,38196.101938481115,38655.04945909497,37849.572118059375,38292.28303476563,772645.8295,9.120000000000001,0.0,38292.28303476563,38196.101938481115,38655.04945909497,37849.572118059375,0.003418554322400878,0.0008761505317213809,0.002542403790679499,0.017286187077486775
2024-05-28,38451.064069254986,38988.61409608387,38125.482272054884,38561.079575390635,1021479.4037000001,0.0,0.0,38561.079575390635,38451.064069254986,38988.61409608387,38125.482272054884,0.005721070222133895,0.0027475337323147574,0.002973536489819124,0.01837108026752543
2024-05-29,38686.32110845105,38989.54174203074,38279.55387432334,38472.983943945306,1068825.4159000001,0.0,0.0,38472.983943945306,38686.32110845105,38989.54174203074,38279.55387432334,-0.000554223655067959,0.0030411574455879572,-0.0035953811006559262,0.01544716808982814
2024-05-30,38373.881485995735,38670.25956684178,37913.706313842806,38430.91852578126,1346874.2423999996,0.0,0.0,38430.91852578126,38373.881485995735,38670.25956684178,37913.706313842806,0.00033208009621974875,-0.0014394152140189184,0.0017714953102386717,0.01609325824967062
2024-05-31,38486.895229284724,38854.99529884082,38168.69571490689,38537.50022802735,738044.4408000001,0.0,0.0,38537.50022802735,38486.895229284724,38854.99529884082,38168.69571490689,0.002187039541308334,0.0005378399244075434,0.001649199616900795,0.014614333829348316
2024-06-03,38537.50022802735,38537.50022802735,38537.50022802735,38537.50022802735,0.0,0.0,0.0,38537.50022802735,38537.50022802735,38537.50022802735,38537.50022802735,0.0,1.1368683772161602e-17,-5.684341886080802e-18,1.1368683772161602e-17
2024-06-04,39026.39901537178,39263.20452329137,38570.23365469594,38842.040750195316,905114.9737000002,16.94,0.0,38842.040750195316,39026.39901537178,39263.20452329137,38570.23365469594,0.004879139375272287,0.009430898677751357,-0.0045517593024790685,0.015442171914356633
2024-06-05,38888.323890411106,39300.60533053044,38607.643451886135,38822.7017696289,1162918.2731,0.0,0.0,38822.7017696289,38888.323890411106,39300.60533053044,38607.643451886135,-2.2742482661665972e-05,0.0012008605896034982,-0.0012236030722651812,0.01483466670367762
2024-06-06,39027.36969635103,39370.787548164146,38646.58791419308,38910.35979414063,898430.1558,0.0,0.0,38910.35979414063,39027.36969635103,39370.787548164146,38646.58791419308,0.003140805830660769,0.003882007601177359,-0.0007412017705165949,0.014318579462462396
2024-06-07,38957.806797635385,39269.436989231996,38666.93993885946,39003.4720522461,637756.1445,0.0,0.0,39003.4720522461,38957.806797635385,39269.436989231996,38666.93993885946,0.00254697256408249,0.0007365309123296152,0.0018104416517529041,0.013148141870836344
2024-06-10,39071.804985195915,39669.04299631642,38791.78585005753,39215.653517968756,784749.0813000001,204.806059954,0.0,39215.653517968756,39071.804985195915,39669.04299631642,38791.78585005753,0.006109523778518988,0.0010105865697495103,0.005098937208769462,0.020323222151792948
2024-06-11,39468.66964795004,39710.61451999199,38834.49138378779,39094.810693945314,928986.8850000001,0.0,0.0,39094.810693945314,39468.66964795004,39710.61451999199,38834.49138378779,-0.002598169461530156,0.006036193606681235,-0.00863436306821139,0.018071522529627505
2024-06-12,39207.77707793914,39626.10701092846,38852.20886654919,39357.78960898437,999143.9031,28.853755525,0.04197499999999999,39357.78960898437,39207.77707793914,39626.10701092846,38852.20886654919,0.0032153513299999457,0.0020392305611022414,0.0011761207688977026,0.016952911860219022
2024-06-13,39039.03488317806,39361.24641357918,38637.18484570145,38912.712131933586,938646.4084000002,0.0,0.0,38912.712131933586,39039.03488317806,39361.24641357918,38637.18484570145,-0.00983514776083916,-0.00823896600865329,-0.0015961817521858413,0.01515563800821219
2024-06-14,39278.69811272189,39553.40059709878,38829.874116767984,38988.83607304687,1307541.9686999996,0.0,0.0,38988.83607304687,39278.69811272189,39553.40059709878,38829.874116767984,0.0017885523644750908,0.007166714021780162,-0.005378161657305091,0.016019444057000693
2024-06-17,39106.085410274856,39317.615590231275,38682.7624272277,38877.95477607421,802736.5515,0.0,0.0,38877.95477607421,39106.085410274856,39317.615590231275,38682.7624272277,-0.0012932632248940906,0.002644107967416053,-0.0039373711923101325,0.013567358369789334
2024-06-18,38980.144146427665,39648.13164235957,38757.45224504228,39304.65865585937,1094687.2252000002,0.0,0.0,39304.65865585937,38980.144146427665,39648.13164235957,38757.45224504228,0.007139346330634639,0.0021100820453720487,0.0050292642852625665,0.01853612435393772
2024-06-19,39085.4436620038,39450.83682342368,38661.23403537591,39099.43170283203,1020807.4665999999,119.0912,0.0,39099.43170283203,39085.4436620038,39450.83682342368,38661.23403537591,-0.005452183515848347,-0.004503100319958771,-0.0009490831958895777,0.015992431390928222
2024-06-20,38379.45847333235,38754.25384331072,38005.64846914693,38394.50806679688,1122180.4020999998,11.6,0.0,38394.50806679688,38379.45847333235,38754.25384331072,38005.64846914693,-0.01817077253302541,-0.01773633344206151,-0.0004344390909639051,0.016752679925998944
2024-06-21,38524.168397139954,39158.279766541666,38178.91503989307,38781.24295742187,1004091.7228,0.0,0.0,38781.24295742187,38524.168397139954,39158.279766541666,38178.91503989307,0.00558804029651952,0.0030724113729740836,0.002515628923545449,0.019291100081660847
2024-06-24,38864.63645054859,39176.20133308551,38093.82444716357,38345.95013076172,1481559.9946,8.760330568,0.02332,38345.95013076172,38864.63645054859,39176.20133308551,38093.82444716357,-0.010703235977162502,0.0014314825713916293,-0.012134718548554153,0.023299417866892658
2024-06-25,38316.27984619955,38725.49507082052,37962.197369981135,38283.98224492188,1080877.3256,0.0,0.0,38283.98224492188,38316.27984619955,38725.49507082052,37962.197369981135,0.0002880771322258754,-0.0007569473166256667,0.0010450244488515008,0.015155669404709781
2024-06-26,38371.497934875515,38624.79728895315,37797.32330817035,38326.373043359374,870382.4163,0.0,0.0232,38326.373043359374,38371.497934875515,38624.79728895315,37797.32330817035,0.0013359585211129852,0.002037784634161619,-0.0007018261130486562,0.0189361623351631
2024-06-27,38398.66008675957,38663.376704225906,37955.91939396516,38199.730979394524,735227.9509999999,273.386363107,0.0,38199.730979394524,38398.66008675957,38663.376704225906,37955.91939396516,-0.0013863293954071044,0.0014882584316706624,-0.002874587827077757,0.014951976552108746
2024-06-28,38213.47815738582,38538.32561256332,37568.31417037398,37786.27626015624,868408.2429000001,12.35,0.0,37786.27626015624,38213.47815738582,38538.32561256332,37568.31417037398,-0.0066183708247272745,0.00020625791068049003,-0.006824628735407732,0.021300646902644972
2024-07-01,37901.77213164149,38221.25289191777,37453.29595116449,37898.93175966796,1129342.0790999995,53.25,0.051250000000000004,37898.93175966796,37901.77213164149,38221.25289191777,37453.29595116449,0.004624803078391794,0.003562940314437466,0.0010618627639543245,0.016031314335095276
2024-07-02,37987.38957475247,38321.74564065601,37699.45184093087,37965.82800390625,712326.2832000001,0.0,0.0,37965.82800390625,37987.38957475247,38321.74564065601,37699.45184093087,0.0008074752459746367,0.002055039646991036,-0.0012475644010164091,0.012202947106655173
2024-07-03,38027.8341531717,38583.69028621081,37884.5695837009,38372.83773925781,804228.6442000001,0.0,0.0,38372.83773925781,38027.8341531717,38583.69028621081,37884.5695837009,0.008138382229879351,0.0009640751444193343,0.007174307085460009,0.014397783470400726
2024-07-04,38472.50197339839,38822.43061241538,38194.25199617401,38593.774343945304,797278.0673999999,0.0,0.0,38593.774343945304,38472.50197339839,38822.43061241538,38194.25199617401,0.004285618766736928,0.0015744388574475917,0.002711179909289328,0.01322627870118604
2024-07-05,38782.31386574843,38994.79227758536,38347.98758743443,38601.589067187495,868940.6896999999,0.0,0.0,38601.589067187495,38782.31386574843,38994.79227758536,38347.98758743443,0.0007441538290761561,0.00391407609326132,-0.0031699222641851706,0.012947974376403363
2024-07-08,38738.283544297694,39222.395179805855,38531.22337234995,39025.66644501953,1082978.7308999996,0.0,0.0,39025.66644501953,38738.283544297694,39222.395179805855,38531.22337234995,0.009815835342002161,0.00258652612303076,0.007229309218971441,0.015678163021226824
2024-07-09,39250.00908792279,39485.96931842405,38822.656955282306,39136.173404296875,1057223.2997,56.49999999999999,0.0,39136.173404296875,39250.00908792279,39485.96931842405,38822.656955282306,0.004598828263798746,0.0041484556599684615,0.00045037260383028535,0.013729760778767239
2024-07-10,39150.048535756214,39476.06402499597,38679.18899952379,38908.299578417966,1188782.4154,0.0,0.0,38908.299578417966,39150.048535756214,39476.06402499597,38679.18899952379,-0.0023989412666443758,0.0006426082508590738,-0.0030415495175034747,0.01712280116944761
2024-07-11,39041.04392055438,39252.3140820233,38588.20118991941,38853.63561494141,852234.5432,0.0,0.0,38853.63561494141,39041.04392055438,39252.3140820233,38588.20118991941,-0.0014001330898322619,0.001909656813259408,-0.0033097899030916796,0.013826531563574218
2024-07-12,38847.2650602786,39161.22742713134,38514.08857917612,38883.902772070316,734274.6274,0.0,0.0,38883.902772070316,38847.2650602786,39161.22742713134,38514.08857917612,0.00141812449315113,0.000268720308372149,0.0011494041847789954,0.015174878143143684
2024-07-15,39018.25013479186,39338.50735360341,38594.571623349315,38956.07688906251,586839.4928000001,0.0,0.0,38956.07688906251,39018.25013479186,39338.50735360341,38594.571623349315,0.0035600677484436496,0.003126974234801213,0.0004330935136424254,0.0174662753317411
2024-07-16,38984.46901932125,39485.255075163346,38733.897826800036,39168.465884667974,710953.4857,0.0,0.0,39168.465884667974,38984.46901932125,39485.255075163346,38733.897826800036,0.005706314914662418,-2.8762464932883663e-05,0.0057350773795952865,0.019179522597191644
2024-07-17,39349.17893588297,39634.30943752319,38419.13348889435,38785.677324218756,1393649.0022000002,0.0,0.0,38785.677324218756,39349.17893588297,39634.30943752319,38419.13348889435,-0.01015724463395075,0.0025938930103576157,-0.012751137644308352,0.027458926211161576
2024-07-18,38807.72880796683,39043.212096068084,38293.50527146712,38737.711680468754,1065740.1575000004,0.0,0.0,38737.711680468754,38807.72880796683,39043.212096068084,38293.50527146712,-0.0004870336272675901,-0.0007998784832370686,0.00031284485596949104,0.017393055424682884
2024-07-19,38755.00233133631,39040.7205306195,38288.904964290035,38483.03489257813,881341.2548000001,0.0,0.0,38483.03489257813,38755.00233133631,39040.7205306195,38288.904964290035,-0.003080416211632948,-0.0001008917622384903,-0.002979524449394457,0.01622786287401958
2024-07-22,38454.38723314198,38612.858049124974,37416.77695769454,37844.76653847656,1027928.2293000001,0.0,0.0,37844.76653847656,38454.38723314198,38612.858049124974,37416.77695769454,-0.012749635244916317,-0.0004632924200689985,-0.01228634282484735,0.026148728802461912
2024-07-23,37937.40634494997,38255.169592281905,37128.27756776745,37287.98849042969,976147.0774000001,0.0,0.0,37287.98849042969,37937.40634494997,38255.169592281905,37128.27756776745,-0.011440082287614334,0.002899942819539309,-0.014340025107153659,0.023255032965121866
2024-07-24,37180.776847574925,37719.161500083275,36705.27102606815,37498.6281734375,953393.1521,0.0,0.0,37498.6281734375,37180.776847574925,37719.161500083275,36705.27102606815,0.0030773212230220275,-0.0029765435794045793,0.0060538648024266156,0.022149839692289484
2024-07-25,37410.60457273854,37926.143100926085,37145.79037207562,37610.30384140625,479817.6705,0.0,0.0,37610.30384140625,37410.60457273854,37926.143100926085,37145.79037207562,0.002915321406127452,-0.0008109722423138734,0.003726293648441319,0.018245408096735267
2024-07-26,37705.75977450341,38139.715775457036,37408.52995517417,37983.18976669922,537942.4135999999,0.0,0.0,37983.18976669922,37705.75977450341,38139.715775457036,37408.52995517417,0.007893246880902717,0.001829374544798811,0.0060638723361039005,0.016754703419320137
2024-07-29,38198.135785766346,38487.475864728636,37746.79211102324,38165.89519580079,571304.4182000001,0.0,0.0,38165.89519580079,38198.135785766346,38487.475864728636,37746.79211102324,0.0028558798878520865,0.0028922159590815386,-3.633607122944251e-05,0.01490960071173058
2024-07-30,38196.778029164125,38397.51200139032,37755.00261195596,38174.42798037109,508759.3364,0.0,0.0,38174.42798037109,38196.778029164125,38397.51200139032,37755.00261195596,0.0005448078332779855,0.0003516780790463347,0.00019312975423166562,0.013930882844056495
2024-07-31,38147.41871932255,38372.18784658081,37748.54408750787,38075.03264091796,643315.8932999998,0.0,0.0,38075.03264091796,38147.41871932255,38372.18784658081,37748.54408750787,-0.003200475911891925,-0.0008911901016812473,-0.0023092858102106706,0.01486790840170455
2024-08-01,38001.30595789907,38132.06302333987,37014.25677823479,37356.352288476555,1013281.5916,0.0,0.0,37356.352288476555,38001.30595789907,38132.06302333987,37014.25677823479,-0.01458890564732955,-0.0019759560253266566,-0.01261294962200288,0.024641721548279413
2024-08-02,36865.41271495818,37760.89523716248,36592.45500314756,37491.11453164063,930946.6047999999,0.0,0.0,37491.11453164063,36865.41271495818,37760.89523716248,36592.45500314756,0.0026664139717148335,-0.010136755384439523,0.012803169356154354,0.024178052257041255
2024-08-05,37083.35752525405,37442.01957453559,36228.60029659222,36481.04341933594,1160444.2379,2.97,0.0,36481.04341933594,37083.35752525405,37442.01957453559,36228.60029659222,-0.022139592842829937,-0.009003439902860327,-0.013136152939969621,0.026672494392676157
2024-08-06,36602.368287614605,37077.71831180721,36232.87656535808,36868.19051621094,770244.2892000001,0.0,0.0,36868.19051621094,36602.368287614605,37077.71831180721,36232.87656535808,0.0072423193554731445,0.0013883383386415564,0.005853981016831601,0.020629580031664936
2024-08-07,36936.79032061534,37183.11696303947,36636.13934018404,36982.00917490234,436096.92840000003,0.0,0.0,36982.00917490234,36936.79032061534,37183.11696303947,36636.13934018404,0.00286880898902218,0.0012418646130168225,0.0016269443760053369,0.012972359729540785
2024-08-08,36992.03665401123,37317.86803314965,36695.99663864385,37013.872867480466,504640.8151,0.0,0.0,37013.872867480466,36992.03665401123,37317.86803314965,36695.99663864385,0.0007604928941394148,0.00033082580656792663,0.0004296670875714951,0.01569687947586389
2024-08-09,37180.05678959832,37756.68436539024,36926.084858283975,37583.821042480464,891555.7141999998,0.0,0.0,37583.821042480464,37180.05678959832,37756.68436539024,36926.084858283975,0.01018369062796563,0.0031804667552726975,0.007003223872692904,0.017588060256492163
2024-08-12,37634.41162550301,38120.91120878246,37396.70318180511,37922.62174335937,866391.8501,0.0,0.0,37922.62174335937,37634.41162550301,38120.91120878246,37396.70318180511,0.006286931573892048,0.001496516083694665,0.004790415490197373,0.01512468091759877
2024-08-13,37949.12874656514,38204.98542872259,37501.4783127159,37889.97613027344,654052.2803,0.0,0.0,37889.97613027344,37949.12874656514,38204.98542872259,37501.4783127159,-0.001062236950609112,0.0002714792223799091,-0.0013337161729890285,0.014924504254984775
2024-08-14,38012.57226075545,38251.66995540611,37637.719280221114,37848.86616572266,494930.0328,0.0,0.0,37848.86616572266,38012.57226075545,38251.66995540611,37637.719280221114,-0.0009522253541486659,0.0028868599655736096,-0.0038390853197222768,0.013703065249378511
2024-08-15,37742.70784247586,37920.64677227847,37405.0278809885,37634.78941357422,554757.9419999998,0.0,0.0,37634.78941357422,37742.70784247586,37920.64677227847,37405.0278809885,-0.0052540581921894525,-0.0025644431923990667,-0.002689614999790402,0.011851262266137577
2024-08-16,37656.44037961717,38359.99471656005,37545.68599576178,38228.98190126954,1283301.4413,0.0,0.0,38228.98190126954,37656.44037961717,38359.99471656005,37545.68599576178,0.011756576278904146,0.00043298211950417646,0.01132359415939996,0.017005231959733545
2024-08-19,38363.87958267186,38574.5446719031,38063.955598726054,38273.84901220703,548675.2059999999,0.0,0.0,38273.84901220703,38363.87958267186,38574.5446719031,38063.955598726054,0.0019470047394530695,0.0025514765063237898,-0.0006044717668707256,0.011394011421924395
2024-08-20,38297.15733021258,38630.67903015035,38086.36221601029,38356.06838388672,758556.9453000003,0.0,0.0,38356.06838388672,38297.15733021258,38630.67903015035,38086.36221601029,0.0018583764252290565,0.0010052447637819719,0.0008531316614471022,0.011915895362704036
2024-08-21,38336.024816196,38878.58555234138,38104.582380066866,38538.58288017579,833602.4045,0.0,0.0,38538.58288017579,38336.024816196,38878.58555234138,38104.582380066866,0.003569806154289202,-9.59256654702478e-05,0.003665731819759439,0.016582891329981298
2024-08-22,38632.57462693697,38899.156232087946,38273.7923911728,38618.09244169922,577303.8084999998,0.0,0.0,38618.09244169922,38632.57462693697,38899.156232087946,38273.7923911728,7.295008174153185e-05,0.0021859633619240363,-0.0021130132801824887,0.013939817088920165
2024-08-23,38614.23855126731,38754.41325870935,38223.59054839041,38495.57574160156,499917.17209999997,0.0,0.0,38495.57574160156,38614.23855126731,38754.41325870935,38223.59054839041,-0.0023852462304107124,-0.0008600210884924682,-0.001525225141918222,0.011309459481945327
2024-08-26,38663.496359676225,38833.72573042703,38260.86083319246,38368.87989960937,553097.3796,0.0,0.0,38368.87989960937,38663.496359676225,38833.72573042703,38260.86083319246,-0.0013093715218399562,0.004155522921371753,-0.005464894443211693,0.012520067053742997
2024-08-27,38296.6184395023,38526.94527770307,38028.12428029183,38380.09033291016,728116.5148999998,0.0,0.0,38380.09033291016,38296.6184395023,38526.94527770307,38028.12428029183,-0.0002233239623778336,-0.0016913623399603828,0.0014680383775825558,0.010757137048354197
2024-08-28,38424.55232047743,38610.2983930537,38186.622254904025,38416.11839550781,544139.9880000001,0.0,0.0,38416.11839550781,38424.55232047743,38610.2983930537,38186.622254904025,0.0018140178227931873,0.0011158605572938547,0.0006981572654993004,0.00980452341642594
2024-08-29,38380.396621047956,38601.37710405024,38110.631969971626,38414.45985888672,332462.06309999997,17.4,0.0,38414.45985888672,38380.396621047956,38601.37710405024,38110.631969971626,-0.0004392736433932877,-0.0012966178214720249,0.000857344178078756,0.010827431047916268
2024-08-30,38394.49492156272,38771.414286127874,38177.18701929143,38588.272803125,501449.1414,0.0,0.0,38588.272803125,38394.49492156272,38771.414286127874,38177.18701929143,0.0026546724078516043,-0.0011455856230823038,0.0038002580309338904,0.01223968543700556
2024-09-04,38388.42963649273,38711.26431289405,38009.23643582398,38426.96525097656,614967.9021,125.46188424000002,0.0,38426.96525097656,38388.42963649273,38711.26431289405,38009.23643582398,-0.0027160281822176053,-0.003850404117342024,0.0011343759351243898,0.015792341794226224
2024-09-05,38352.451356137324,38543.55139712787,37957.68392476034,38154.27367490234,829387.7286000001,0.0,0.0,38154.27367490234,38352.451356137324,38543.55139712787,37957.68392476034,-0.0045090940322817285,-0.0017439056162282553,-0.0027651884160534534,0.01333350364366673
2024-09-06,38056.9041934791,38372.523487442384,37878.5694614247,38237.00530498047,662822.7009,0.0,0.0,38237.00530498047,38056.9041934791,38372.523487442384,37878.5694614247,0.0014293720762157173,-0.0020332870624516935,0.0034626591386673943,0.010187788773108686
2024-09-09,38182.02182167882,38296.951076880905,37912.035046703284,38088.60811923828,472068.7183,0.0,0.0,38088.60811923828,38182.02182167882,38296.951076880905,37912.035046703284,-0.0026240937137121585,-0.00039112504935861163,-0.002232968664353551,0.009236615284314279
2024-09-10,38103.6862559618,38373.853749247784,37728.79928551889,37975.21033808593,617492.7055,0.0,0.0,37975.21033808593,38103.6862559618,38373.853749247784,37728.79928551889,-0.003912813538582514,0.00031521129286764835,-0.004228024831450169,0.013368593409779934
2024-09-11,37983.94024330791,38233.8221209967,37700.08215608305,38056.67158212891,568090.8211,0.0,0.0,38056.67158212891,37983.94024330791,38233.8221209967,37700.08215608305,0.0012346463609370067,0.0002652663456402291,0.0009693800152968094,0.011781212092257543
2024-09-12,38065.09148030565,38648.87705498306,37936.618872405365,38253.317956835934,516803.15479999996,4.5,0.0,38253.317956835934,38065.09148030565,38648.87705498306,37936.618872405365,0.0031772890179975364,0.0004447308436142086,0.0027325581743833233,0.013183829265404474
2024-09-13,38228.915829864745,38525.52578576234,38057.69056233769,38373.91105,459518.2642,0.0,0.0,38373.91105,38228.915829864745,38525.52578576234,38057.69056233769,0.0011046234931043435,-0.0004614323065535256,0.001566055799657871,0.009724244865592016
2024-09-16,38475.312225056376,38717.586447000635,38137.97509717152,38298.8788881836,442556.44360000006,1.75,0.0,38298.8788881836,38475.312225056376,38717.586447000635,38137.97509717152,-0.001754811879200156,0.0030795312754032926,-0.004834343154603448,0.012363086083452383
2024-09-17,38280.10624867347,38589.3701078568,38015.776581836064,38445.007757128915,563986.3296,56.800000000000004,0.0,38445.007757128915,38280.10624867347,38589.3701078568,38015.776581836064,0.0015649363243952544,-4.248189797952321e-05,0.001607418222374789,0.012560256693575383
2024-09-18,38500.88823366146,38763.815007874844,38319.007111249965,38577.85272451172,742410.7252000001,0.0,0.0,38577.85272451172,38500.88823366146,38763.815007874844,38319.007111249965,0.0026550081495200755,0.0009668078813912589,0.001688200268128767,0.00874399715292697
2024-09-19,38617.85032121008,38998.01929591977,38314.601216701274,38833.26576044923,599566.2445,0.0,0.0,38833.26576044923,38617.85032121008,38998.01929591977,38314.601216701274,0.0025870700680269186,-0.0006394859648632184,0.0032265560328901266,0.012904673901935384
2024-09-20,39081.976168006,39327.279196067655,38772.454288500645,38917.86220322266,651267.5488999999,0.0,0.0,38917.86220322266,39081.976168006,39327.279196067655,38772.454288500645,0.0015050892306434707,0.00525983691748477,-0.0037547476868413274,0.012198238088871001
2024-09-23,38912.46895642044,39271.85020519103,38422.49965346249,38995.20851640625,412415.7684,0.0,0.0,38995.20851640625,38912.46895642044,39271.85020519103,38422.49965346249,0.0005444264129030813,0.0001034418550113,0.00044098455789179483,0.015556527399183043
2024-09-24,39000.636320428355,39245.34194095777,38813.02965664795,39027.3532725586,442869.8634,0.0,0.0,39027.3532725586,39000.636320428355,39245.34194095777,38813.02965664795,0.001544918561059894,7.731342117176773e-05,0.0014676051398880947,0.008280783360839261
2024-09-25,39022.79925775505,39281.39525047867,38793.60280780152,39080.671581640636,746977.0314,0.0,0.0,39080.671581640636,39022.79925775505,39281.39525047867,38793.60280780152,0.0013773404043526123,-0.0006919634669689511,0.0020693038713215347,0.011111098785724766
2024-09-26,39055.75344941986,39361.57787597252,38711.511280042534,38988.15096367188,579171.1701000001,0.0,0.0,38988.15096367188,39055.75344941986,39361.57787597252,38711.511280042534,-0.0023385819531549015,-0.000570448268253488,-0.001768133684901429,0.01238219752589349
2024-09-27,38974.23520579759,39114.44885821336,38606.17626947472,38832.7972647461,780695.3477999999,0.0,0.0,38832.7972647461,38974.23520579759,39114.44885821336,38606.17626947472,-0.002459394609444761,-0.00040384875352551895,-0.0020555458559192224,0.010803297230382662
2024-09-30,38796.38352428274,38983.415109778914,38444.07423823607,38718.16321445312,563994.3566000002,0.0,0.0,38718.16321445312,38796.38352428274,38983.415109778914,38444.07423823607,-0.00138914108426843,-0.0004382258138624521,-0.0009509152704059861,0.011000931018878517
2024-10-01,38681.72699308206,39072.10117783064,38569.248752151696,38756.99216103515,757008.18,0.0,0.0,38756.99216103515,38681.72699308206,39072.10117783064,38569.248752151696,0.0009878926823648207,-0.0005826220074674112,0.0015705146898322493,0.010182926518587907
2024-10-02,38592.034899223305,38882.01688490233,38374.474048353164,38576.99008300782,495813.8934,0.0,0.0,38576.99008300782,38592.034899223305,38882.01688490233,38374.474048353164,-0.0032630891089229495,-0.0034389529411449115,0.00017586383222194962,0.012304586652700445
2024-10-03,38665.13291072928,38995.505393002844,38222.18466016355,38360.31685751952,774194.9077999999,0.0,0.0,38360.31685751952,38665.13291072928,38995.505393002844,38222.18466016355,-0.0038653015750243053,0.001139333297934309,-0.005004634872958634,0.015441495314492779
2024-10-04,38346.32634105585,38484.06144378437,38107.729840895874,38204.12727451172,397051.1974,0.0,0.0,38204.12727451172,38346.32634105585,38484.06144378437,38107.729840895874,-0.0028469524180408704,-0.00023777434814509498,-0.002609178069895767,0.008258759986233181
2024-10-07,38295.36324058254,38577.95544275769,37992.73078822648,38198.423345410156,346902.3169000001,0.0,0.0,38198.423345410156,38295.36324058254,38577.95544275769,37992.73078822648,8.353571605339174e-05,0.0017023361688654707,-0.0016188004528120685,0.01193560880829643
2024-10-08,38271.69377082999,38701.9140255565,38042.21897099544,38445.370409960924,568183.6748999999,0.0,0.0,38445.370409960924,38271.69377082999,38701.9140255565,38042.21897099544,0.0029085209855283043,0.0008383332130064502,0.002070187772521856,0.011713926995164839
2024-10-09,38496.54555386598,38726.03684946231,38255.244486515316,38553.16763720703,811949.3354000002,0.0,0.0,38553.16763720703,38496.54555386598,38726.03684946231,38255.244486515316,0.001421314779038673,0.001104571138530725,0.0003167436405079327,0.00916396044537057
2024-10-10,38620.23782718969,38968.40022545239,38304.40697415685,38651.25442890624,918682.5319000002,0.0,0.0,38651.25442890624,38620.23782718969,38968.40022545239,38304.40697415685,0.0016795601657270838,0.0017600102906932045,-8.04501249661553e-05,0.012081662662043297
2024-10-11,38589.17476551039,38941.465520195205,38375.94296181541,38705.847308007804,595236.2612000001,30.599999999999998,0.0,38705.847308007804,38589.17476551039,38941.465520195205,38375.94296181541,0.000594487666319296,-0.0013498298554197384,0.001944317521739049,0.010604832590330997
2024-10-14,38831.75365513816,39083.61622323733,38432.526456359556,38595.092116992186,651108.4397999998,0.0,0.0,38595.092116992186,38831.75365513816,39083.61622323733,38432.526456359556,-0.0016061638627864329,0.002216162690104899,-0.0038223265528913274,0.012990950517949528
2024-10-15,38641.97118825603,38859.79180670333,38389.83262428463,38599.71874023438,640024.9955999998,0.0,0.0,38599.71874023438,38641.97118825603,38859.79180670333,38389.83262428463,-0.0005183670051087552,0.00088096516582125,-0.001399332170930028,0.00962860362834591
2024-10-16,38626.430236738204,38930.99117506849,38340.713171571144,38609.80494003907,638315.6137999999,0.0,0.0,38609.80494003907,38626.430236738204,38930.99117506849,38340.713171571144,-0.00014646206413744555,0.00037027830395190486,-0.0005167403680893681,0.011895521265012199
2024-10-17,38690.8428792045,38999.510012473314,38292.79321542378,38860.801898925776,507214.8848,0.0,0.0,38860.801898925776,38690.8428792045,38999.510012473314,38292.79321542378,0.0035749607679798623,0.0012074130908134566,0.0023675476771663935,0.013942899854715586
2024-10-18,38995.74300760089,39128.93901239755,38637.282724116805,38843.103214648436,402418.5746999999,0.0,0.0,38843.103214648436,38995.74300760089,39128.93901239755,38637.282724116805,-3.965802408587254e-06,0.0022754105081814096,-0.002279376310589981,0.009734405452664787
2024-10-21,38849.40231184918,39228.455965867586,38386.87328540142,38804.37640517578,500691.2983,40.35,0.0,38804.37640517578,38849.40231184918,39228.455965867586,38386.87328540142,-0.002270260325297678,-0.00023732709609148033,-0.002032933229206227,0.01709501296954989
2024-10-22,38805.53881364455,39175.573920715695,38344.11853261178,38624.02937968751,845047.1142999999,0.0,0.0,38624.02937968751,38805.53881364455,39175.573920715695,38344.11853261178,-0.0022491080507620344,-0.0005835089364991775,-0.0016655991142628702,0.015921191259131474
2024-10-23,38714.00801943032,39055.39544519904,38425.84748739487,38914.56240117188,488275.5196000001,0.0,0.0,38914.56240117188,38714.00801943032,39055.39544519904,38425.84748739487,0.005085731566934034,0.002361743083940869,0.0027239884829931425,0.011866497751716889
2024-10-24,38960.018772312724,39088.3183380043,38570.976310732294,38742.805209375,428460.64959999995,0.0,0.0,38742.805209375,38960.018772312724,39088.3183380043,38570.976310732294,-0.004358673166938033,0.0005605353696103949,-0.004919208536548434,0.011666971794528552
2024-10-25,38761.19015665341,38906.35283988748,38321.672271468284,38549.74258046876,410712.1155,0.0,0.0,38549.74258046876,38761.19015665341,38906.35283988748,38321.672271468284,-0.0016441809375705016,0.001148649044648871,-0.0027928299822193923,0.013018178142535444
2024-10-28,38609.76421415,38848.479985184655,38262.46551173701,38648.75213867187,300144.4358999999,0.0,0.0,38648.75213867187,38609.76421415,38848.479985184655,38262.46551173701,0.0004519724976335424,0.0009860949719838227,-0.0005341224743502819,0.012455007476183257
2024-10-29,38685.42339383285,38971.78578665657,38322.61618034632,38767.85580517578,589218.353,0.0,0.0,38767.85580517578,38685.42339383285,38971.78578665657,38322.61618034632,0.0023838246314421795,0.00014057166027365292,0.002243252971168531,0.013785245240427995
2024-10-30,38843.97618402346,39061.66097838167,38595.27165485581,38870.203700878905,472257.48769999994,0.0,0.0,38870.203700878905,38843.97618402346,39061.66097838167,38595.27165485581,0.001854078258370992,0.0018116118528055624,4.246640556540549e-05,0.010381205966361358
2024-10-31,38951.44476072715,39191.42121277061,38649.54466817692,38951.33706396485,353186.96559999994,0.0,0.0,38951.33706396485,38951.44476072715,39191.42121277061,38649.54466817692,0.002111709007889518,0.0017454673369881758,0.00036624167090132105,0.0111723412531151
2024-11-01,38838.3757885933,39125.53042705077,38500.39826855724,38870.41568710937,1054642.2452999998,0.0,0.0,38870.41568710937,38838.3757885933,39125.53042705077,38500.39826855724,-0.0012962399656417565,-0.002647494576122681,0.0013512546104809402,0.012728133012522836
2024-11-04,38816.846795452046,39063.77854139285,38307.12838784307,38660.374773730466,616151.6890999998,0.0,0.0,38660.374773730466,38816.846795452046,39063.77854139285,38307.12838784307,-0.002476968166067789,-0.00040168423434915084,-0.0020752839317186383,0.015176489674348044
2024-11-05,38649.39695073701,39005.254983332605,38450.614282370945,38661.42640546875,390618.5234,0.0,0.0,38661.42640546875,38649.39695073701,39005.254983332605,38450.614282370945,0.0019795387979213595,-0.00018421256005892383,0.0021637513579802685,0.012095047528944075
2024-11-06,38864.15258245136,39159.18040128926,38587.898387263725,38930.53062246093,401289.80879999994,0.0,0.0,38930.53062246093,38864.15258245136,39159.18040128926,38587.898387263725,0.004843863491256759,0.0026967682982488774,0.0021470951930078544,0.012784885690861288
2024-11-07,38968.556337348855,39364.71166882392,38662.82601693257,39073.126845117185,565137.2049,0.0,0.0,39073.126845117185,38968.556337348855,39364.71166882392,38662.82601693257,0.0027524964443305087,8.073411757765448e-05,0.0026717623267528373,0.01325507721590221
2024-11-08,39128.56483612363,39324.983017150735,38826.853196553886,39108.471269726564,436510.4747999999,0.0,0.0,39108.471269726564,39128.56483612363,39324.983017150735,38826.853196553886,-0.0008650373881453256,-0.0005682224643746896,-0.0002968149237706168,0.012179587386822968
2024-11-11,39085.42344980828,39431.69486407568,38735.72079766917,39176.18708876953,845111.7512999999,0.0,0.0,39176.18708876953,39085.42344980828,39431.69486407568,38735.72079766917,0.0004036680671895141,-0.0012462412850777497,0.0016499093522672466,0.014357767993420732
2024-11-12,39168.14490251746,39393.57747945645,38842.82169683482,39093.24275458984,652407.382,0.0,0.0,39093.24275458984,39168.14490251746,39393.57747945645,38842.82169683482,-0.002561301438336847,-0.0007942736115996005,-0.0017670278267372542,0.011048135905886089
2024-11-13,39093.78434013683,39329.00566035751,38700.7013050546,39101.15642851561,750309.0843999999,188.27200000000002,0.0,39101.15642851561,39093.78434013683,39329.00566035751,38700.7013050546,0.0020373802086531855,-4.982316729503589e-05,0.0020872033759481985,0.013619786549445527
2024-11-14,39023.417997988414,39289.8252333211,38681.26511282247,38898.36564326171,600660.2077,0.0,0.0,38898.36564326171,39023.417997988414,39289.8252333211,38681.26511282247,-0.004430085781734697,-0.0021167558645665383,-0.002313329917168169,0.012140210685184168
2024-11-15,38783.31568308639,38939.75717080137,38085.80819357266,38385.60999931641,836234.8127,0.0,0.0,38385.60999931641,38783.31568308639,38939.75717080137,38085.80819357266,-0.008916970779908235,-0.0023951119746033252,-0.006521858805304937,0.01879505765203536
2024-11-18,38456.0341432022,38611.6433902259,37803.79104148106,38266.93577734375,726041.9617999999,0.0,0.0,38266.93577734375,38456.0341432022,38611.6433902259,37803.79104148106,-0.0022893589598847177,0.0016782385404054438,-0.003967597500290157,0.01664833803920391
2024-11-19,38268.72654550893,38532.13672675248,37746.06387881179,37836.851515625,671502.3957999998,162.0,0.0,37836.851515625,38268.72654550893,38532.13672675248,37746.06387881179,-0.006764057200687379,-0.0006818670175486531,-0.006082190183138722,0.01572846767685812
2024-11-20,37832.95219783724,38325.19398959878,37407.78533788479,38094.48426083985,945919.0749999998,0.0,0.0,38094.48426083985,37832.95219783724,38325.19398959878,37407.78533788479,0.0027477353906801916,-0.0009659164423794342,0.0037136518330596066,0.01787122396021871
2024-11-21,38182.92044853314,38387.96058007671,37949.52969088113,38271.95097089844,509062.03410000005,0.0,0.0,38271.95097089844,38182.92044853314,38387.96058007671,37949.52969088113,0.002975473314212882,0.0015460616828702018,0.0014294116313427019,0.010006549236654864
2024-11-22,38357.12947163501,38537.02778235741,38082.13902597981,38260.23657880859,458643.24409999995,0.0,0.0,38260.23657880859,38357.12947163501,38537.02778235741,38082.13902597981,1.7169946078916446e-05,0.0011556293086311157,-0.001138459362552239,0.009414930244915213
2024-11-25,38277.04092378841,38470.362118140714,38051.66485278666,38285.48039814453,598865.0535,0.0,0.0,38285.48039814453,38277.04092378841,38470.362118140714,38051.66485278666,0.0016619207706693813,0.00011090278127693539,0.0015510179893924462,0.010358836217110345
2024-11-26,38249.92776329963,38585.134289270274,38130.772543101535,38415.87310908204,490050.85919999995,0.0,0.0,38415.87310908204,38249.92776329963,38585.134289270274,38130.772543101535,0.0019183807373795978,-0.0010201854158191246,0.0029385661531987546,0.010009277143565733
2024-11-27,38412.300447948815,38685.765062659666,38226.46381547424,38456.582731640636,805981.4957999999,0.0,0.0,38456.582731640636,38412.300447948815,38685.765062659666,38226.46381547424,-0.00011656670698324394,-0.00040446267408571603,0.0002878959671024645,0.009376206693538914
2024-11-28,38519.35302832669,38772.13401631516,38321.90477532777,38600.04084648438,510148.8457,8.7,0.0,38600.04084648438,38519.35302832669,38772.13401631516,38321.90477532777,0.0011719712997211753,0.0011991696751613126,-2.719837544012542e-05,0.008043391700915947
2024-11-29,38619.35665755776,39067.151409895516,38471.671776982446,38916.00956396485,901593.0418000002,0.0,0.0,38916.00956396485,38619.35665755776,39067.151409895516,38471.671776982446,0.0037437897659650995,-0.00010296763184359416,0.0038467573978086824,0.010809968154894463
2024-12-02,39030.947748770974,39264.33712436118,38607.911540651105,38898.07230195313,559101.1585999998,28.853755525,0.0,38898.07230195313,39030.947748770974,39264.33712436118,38607.911540651105,0.0015491475255950138,0.0011515920778530186,0.00039755544774202126,0.013493064556758586
2024-12-03,38879.455146283864,39290.70185858275,38647.39546664063,39071.570925390624,653605.1254,0.0,0.0,39071.570925390624,38879.455146283864,39290.70185858275,38647.39546664063,0.0024743813063936517,1.7303662978374263e-05,0.0024570776434152636,0.012144850628566465
2024-12-04,39165.86318545504,39412.35348142519,38838.182799458526,39037.16933261719,713042.0799000001,1.75,0.0,39037.16933261719,39165.86318545504,39412.35348142519,38838.182799458526,-0.0012084907733777657,0.0018138189419100647,-0.003022309715287841,0.00966598943578842
2024-12-05,38977.30558018328,39724.67120727069,38848.917578358305,39418.496195898435,986075.0480000002,0.0,0.0,39418.496195898435,38977.30558018328,39724.67120727069,38848.917578358305,0.007395911232062897,-0.0010523117569018559,0.00844822298896475,0.015500529799606436
2024-12-06,39591.83952756187,39943.69631961187,39204.15865028225,39647.191580957035,959019.1237,0.0,0.0,39647.191580957035,39591.83952756187,39943.69631961187,39204.15865028225,0.0038373874521113686,0.002350355179780467,0.0014870322723309019,0.01393321318223244
2024-12-09,39646.23041699307,40147.97531344462,39279.06340976478,39712.076267285156,674821.3981999999,0.0,0.0,39712.076267285156,39646.23041699307,40147.97531344462,39279.06340976478,0.002069030363944211,-0.0008477025120584118,0.0029167328760025956,0.016445700140212884
2024-12-10,39785.334029081205,40094.86524029586,39370.45000652475,39844.92199853517,563550.58,0.0,0.0,39844.92199853517,39785.334029081205,40094.86524029586,39370.45000652475,0.0021188502833375113,0.0007873723270940811,0.0013314779562434177,0.014583268396083496
2024-12-11,39941.569772142684,40171.25574284507,39667.91825203134,39835.40916777344,623443.5527999998,0.0,0.0,39835.40916777344,39941.569772142684,40171.25574284507,39667.91825203134,-0.0010478419319639794,0.0010724968247202596,-0.0021203387566842264,0.010605791441506722
2024-12-12,39712.84916917536,40051.02739975839,39413.28360135719,39691.44733359375,568481.3646999999,0.0,0.0,39691.44733359375,39712.84916917536,40051.02739975839,39413.28360135719,-0.0033851728722110157,-0.0030619493025516764,-0.00032322356965931276,0.012822871793237975
2024-12-13,39637.37306686098,39930.30157817888,39418.4491706127,39697.322798242196,509399.6118000001,0.0,0.0,39697.322798242196,39637.37306686098,39930.30157817888,39418.4491706127,0.0004841147600098782,-0.001198260184531758,0.0016823749445416328,0.010367687133549856
2024-12-16,39941.42767225302,40135.79156234666,39496.989777965944,39825.14183984376,442732.3423,0.0,0.0,39825.14183984376,39941.42767225302,40135.79156234666,39496.989777965944,0.00207159421612759,0.003249903747080935,-0.0011783095309533505,0.012875125229822896
2024-12-17,39725.95888884638,40006.82865212411,39495.39361003594,39698.429952734376,536512.7927999999,0.0,0.0,39698.429952734376,39725.95888884638,40006.82865212411,39495.39361003594,-0.0010425178546018172,-0.0013488718788465383,0.0003063540242447192,0.00990918948512621
2024-12-18,39709.60833879376,40020.95151398376,39579.181213892734,39854.74340234375,434501.94080000004,0.0,0.0,39854.74340234375,39709.60833879376,40020.95151398376,39579.181213892734,0.0033336812271908614,4.652284704151431e-06,0.0033290289424867236,0.009457833895521
2024-12-19,39592.4329953732,40010.50845490802,39341.22902833424,39740.43938759767,793907.1594999998,0.0,0.0,39740.43938759767,39592.4329953732,40010.50845490802,39341.22902833424,-0.0026609895630190184,-0.005196809142602021,0.002535819579583013,0.014008802531671246
2024-12-20,39762.70714565686,40103.5408320936,39475.249459405815,39741.66502109376,537791.1827,0.0,0.0,39741.66502109376,39762.70714565686,40103.5408320936,39475.249459405815,0.0003641488499676673,0.00046418535136980596,-0.00010003650140214058,0.013437279797693826
2024-12-23,40006.6293827164,40608.86927181968,39750.72273381825,40358.25500527344,669913.8312000001,176.70000000000002,0.0,40358.25500527344,40006.6293827164,40608.86927181968,39750.72273381825,0.011560082317418814,0.005403932062687805,0.006156150254731021,0.01723804544376982
2024-12-24,40465.98139288632,41018.36670347272,40161.35383477026,40793.26698310547,714078.8535,41.0,0.0,40793.26698310547,40465.98139288632,41018.36670347272,40161.35383477026,0.006709903313415052,0.001693664307378794,0.0050162390060362536,0.017207581449075086
2024-12-25,40883.65210656107,41310.88332842254,40512.00352091858,41005.51632207032,673381.4955000001,0.0,0.0,41005.51632207032,40883.65210656107,41310.88332842254,40512.00352091858,0.004087268964345774,0.0015268808052944017,0.002560388159051385,0.01617911526521879
2024-12-26,41104.47465558698,41245.56047572676,40514.61132800717,40765.02959335938,491159.6606,196.84000000000003,0.0,40765.02959335938,41104.47465558698,41245.56047572676,40514.61132800717,-0.0024989000675901623,0.0014125510755441605,-0.003911451143134295,0.01464438502317225
2024-12-27,40822.652950287404,41398.86384090833,40365.58546820247,41006.93585810547,640112.2427000001,0.0,0.0,41006.93585810547,40822.652950287404,41398.86384090833,40365.58546820247,0.0021387778700478737,0.0015004507348528688,0.0006383271351949943,0.020585618096521457
2024-12-30,40887.466386524065,41064.20673734501,40445.63569070599,40761.02842880859,377041.76839999994,0.0,0.0,40761.02842880859,40887.466386524065,41064.20673734501,40445.63569070599,-0.004354289785655684,-0.0018731207249257668,-0.0024811690607299394,0.012484386161428674
2024-12-31,40745.801538632695,41134.60315452602,40156.366748572815,40738.075246191394,479674.2135,0.0,0.0,40738.075246191394,40745.801538632695,41134.60315452602,40156.366748572815,0.0005650178623381372,7.490009779273737e-05,0.0004901177645453936,0.019283520267369975
2025-01-02,,,,,,,,,,,,,,,
2025-01-03,,,,,,,,,,,,,,,
2025-01-06,,,,,,,,,,,,,,,
2025-01-07,,,,,,,,,,,,,,,
2025-01-08,,,,,,,,,,,,,,,
2025-01-09,,,,,,,,,,,,,,,
2025-01-10,,,,,,,,,,,,,,,
2025-01-13,,,,,,,,,,,,,,,
2025-01-14,,,,,,,,,,,,,,,
2025-01-15,,,,,,,,,,,,,,,
2025-01-16,,,,,,,,,,,,,,,
2025-01-17,,,,,,,,,,,,,,,
2025-01-20,,,,,,,,,,,,,,,
2025-01-21,,,,,,,,,,,,,,,
2025-01-22,,,,,,,,,,,,,,,
2025-01-23,,,,,,,,,,,,,,,
2025-01-24,,,,,,,,,,,,,,,
2025-01-27,,,,,,,,,,,,,,,
2025-01-28,,,,,,,,,,,,,,,
2025-01-29,,,,,,,,,,,,,,,
2025-01-30,,,,,,,,,,,,,,,
2025-01-31,,,,,,,,,,,,,,,
2025-02-03,,,,,,,,,,,,,,,
2025-02-04,,,,,,,,,,,,,,,
2025-02-05,,,,,,,,,,,,,,,
2025-02-06,,,,,,,,,,,,,,,
2025-02-07,,,,,,,,,,,,,,,
2025-02-10,,,,,,,,,,,,,,,
2025-02-11,,,,,,,,,,,,,,,
2025-02-12,,,,,,,,,,,,,,,
2025-02-13,,,,,,,,,,,,,,,
2025-02-14,,,,,,,,,,,,,,,
2025-02-17,,,,,,,,,,,,,,,
2025-02-18,,,,,,,,,,,,,,,
2025-02-19,,,,,,,,,,,,,,,
2025-02-20,,,,,,,,,,,,,,,
2025-02-21,,,,,,,,,,,,,,,
2025-02-24,,,,,,,,,,,,,,,
2025-02-25,,,,,,,,,,,,,,,
2025-02-26,,,,,,,,,,,,,,,
2025-02-27,,,,,,,,,,,,,,,
2025-02-28,,,,,,,,,,,,,,,
2025-03-03,,,,,,,,,,,,,,,
2025-03-04,,,,,,,,,,,,,,,
2025-03-05,,,,,,,,,,,,,,,
2025-03-06,,,,,,,,,,,,,,,
2025-03-07,,,,,,,,,,,,,,,
2025-03-10,,,,,,,,,,,,,,,
2025-03-11,,,,,,,,,,,,,,,
2025-03-12,,,,,,,,,,,,,,,
2025-03-13,,,,,,,,,,,,,,,
2025-03-14,,,,,,,,,,,,,,,
2025-03-17,,,,,,,,,,,,,,,
2025-03-18,,,,,,,,,,,,,,,
2025-03-19,,,,,,,,,,,,,,,
2025-03-20,,,,,,,,,,,,,,,
2025-03-21,,,,,,,,,,,,,,,
2025-03-24,,,,,,,,,,,,,,,
2025-03-25,,,,,,,,,,,,,,,
2025-03-26,,,,,,,,,,,,,,,
2025-03-27,,,,,,,,,,,,,,,
2025-03-28,,,,,,,,,,,,,,,
2025-03-31,,,,,,,,,,,,,,,
2025-04-01,,,,,,,,,,,,,,,
2025-04-02,,,,,,,,,,,,,,,
2025-04-03,,,,,,,,,,,,,,,
2025-04-04,,,,,,,,,,,,,,,
2025-04-08,,,,,,,,,,,,,,,
2025-04-09,,,,,,,,,,,,,,,
2025-04-10,,,,,,,,,,,,,,,
2025-04-11,,,,,,,,,,,,,,,
2025-04-14,,,,,,,,,,,,,,,
2025-04-15,,,,,,,,,,,,,,,
2025-04-16,,,,,,,,,,,,,,,
2025-04-17,,,,,,,,,,,,,,,
2025-04-18,,,,,,,,,,,,,,,
2025-04-21,,,,,,,,,,,,,,,
2025-04-22,,,,,,,,,,,,,,,
2025-04-23,,,,,,,,,,,,,,,
2025-04-24,,,,,,,,,,,,,,,
2025-04-25,,,,,,,,,,,,,,,
2025-04-28,,,,,,,,,,,,,,,
2025-04-29,,,,,,,,,,,,,,,
2025-04-30,,,,,,,,,,,,,,,
2025-05-01,,,,,,,,,,,,,,,
2025-05-02,,,,,,,,,,,,,,,
2025-05-05,,,,,,,,,,,,,,,
2025-05-06,,,,,,,,,,,,,,,
2025-05-07,,,,,,,,,,,,,,,
2025-05-08,,,,,,,,,,,,,,,
2025-05-09,,,,,,,,,,,,,,,
2025-05-12,,,,,,,,,,,,,,,
2025-05-13,,,,,,,,,,,,,,,
2025-05-14,,,,,,,,,,,,,,,
2025-05-15,,,,,,,,,,,,,,,
2025-05-16,,,,,,,,,,,,,,,
2025-05-19,,,,,,,,,,,,,,,
2025-05-20,,,,,,,,,,,,,,,
2025-05-21,,,,,,,,,,,,,,,
2025-05-22,,,,,,,,,,,,,,,
2025-05-23,,,,,,,,,,,,,,,
2025-05-26,,,,,,,,,,,,,,,
2025-05-27,,,,,,,,,,,,,,,
2025-05-28,,,,,,,,,,,,,,,
2025-05-29,,,,,,,,,,,,,,,
2025-05-30,,,,,,,,,,,,,,,
2025-06-02,,,,,,,,,,,,,,,
2025-06-03,,,,,,,,,,,,,,,
2025-06-04,,,,,,,,,,,,,,,
2025-06-05,,,,,,,,,,,,,,,
2025-06-06,,,,,,,,,,,,,,,
2025-06-09,,,,,,,,,,,,,,,
2025-06-10,,,,,,,,,,,,,,,
2025-06-11,,,,,,,,,,,,,,,
2025-06-12,,,,,,,,,,,,,,,
2025-06-13,,,,,,,,,,,,,,,
2025-06-16,,,,,,,,,,,,,,,
2025-06-17,,,,,,,,,,,,,,,
2025-06-18,,,,,,,,,,,,,,,
2025-06-19,,,,,,,,,,,,,,,
2025-06-20,,,,,,,,,,,,,,,
2025-06-23,,,,,,,,,,,,,,,
2025-06-24,,,,,,,,,,,,,,,
2025-06-25,,,,,,,,,,,,,,,
2025-06-26,,,,,,,,,,,,,,,
2025-06-27,,,,,,,,,,,,,,,
2025-06-30,,,,,,,,,,,,,,,
2025-07-01,,,,,,,,,,,,,,,
2025-07-02,,,,,,,,,,,,,,,
2025-07-03,,,,,,,,,,,,,,,
2025-07-04,,,,,,,,,,,,,,,
2025-07-07,,,,,,,,,,,,,,,
2025-07-08,,,,,,,,,,,,,,,
2025-07-09,,,,,,,,,,,,,,,
2025-07-10,,,,,,,,,,,,,,,
2025-07-11,,,,,,,,,,,,,,,
2025-07-14,,,,,,,,,,,,,,,
2025-07-15,,,,,,,,,,,,,,,
2025-07-16,,,,,,,,,,,,,,,
2025-07-17,,,,,,,,,,,,,,,
2025-07-18,,,,,,,,,,,,,,,
2025-07-21,,,,,,,,,,,,,,,
2025-07-22,,,,,,,,,,,,,,,
2025-07-23,,,,,,,,,,,,,,,
2025-07-24,,,,,,,,,,,,,,,
2025-07-25,,,,,,,,,,,,,,,
2025-07-28,,,,,,,,,,,,,,,
2025-07-29,,,,,,,,,,,,,,,
2025-07-30,,,,,,,,,,,,,,,
2025-07-31,,,,,,,,,,,,,,,
2025-08-01,,,,,,,,,,,,,,,
2025-08-04,,,,,,,,,,,,,,,
2025-08-05,,,,,,,,,,,,,,,
2025-08-06,,,,,,,,,,,,,,,
2025-08-07,,,,,,,,,,,,,,,
2025-08-08,,,,,,,,,,,,,,,
2025-08-11,,,,,,,,,,,,,,,
2025-08-12,,,,,,,,,,,,,,,
2025-08-13,,,,,,,,,,,,,,,
2025-08-14,,,,,,,,,,,,,,,
2025-08-15,,,,,,,,,,,,,,,
2025-08-18,,,,,,,,,,,,,,,
2025-08-19,,,,,,,,,,,,,,,
2025-08-20,,,,,,,,,,,,,,,
2025-08-21,,,,,,,,,,,,,,,
2025-08-22,,,,,,,,,,,,,,,
2025-08-25,,,,,,,,,,,,,,,
2025-08-26,,,,,,,,,,,,,,,
2025-08-27,,,,,,,,,,,,,,,
2025-08-28,,,,,,,,,,,,,,,
2025-08-29,,,,,,,,,,,,,,,
2025-09-01,,,,,,,,,,,,,,,
2025-09-02,,,,,,,,,,,,,,,
2025-09-03,,,,,,,,,,,,,,,
2025-09-04,,,,,,,,,,,,,,,
2025-09-05,,,,,,,,,,,,,,,
2025-09-08,,,,,,,,,,,,,,,
2025-09-09,,,,,,,,,,,,,,,
2025-09-10,,,,,,,,,,,,,,,
2025-09-11,,,,,,,,,,,,,,,
2025-09-12,,,,,,,,,,,,,,,
2025-09-15,,,,,,,,,,,,,,,
2025-09-16,,,,,,,,,,,,,,,
2025-09-17,,,,,,,,,,,,,,,
2025-09-18,,,,,,,,,,,,,,,
2025-09-19,,,,,,,,,,,,,,,
2025-09-22,,,,,,,,,,,,,,,
2025-09-23,,,,,,,,,,,,,,,
2025-09-24,,,,,,,,,,,,,,,
2025-09-25,,,,,,,,,,,,,,,
2025-09-26,,,,,,,,,,,,,,,
2025-09-29,,,,,,,,,,,,,,,
2025-09-30,,,,,,,,,,,,,,,
2025-10-01,,,,,,,,,,,,,,,
2025-10-02,,,,,,,,,,,,,,,
2025-10-03,,,,,,,,,,,,,,,
2025-10-06,,,,,,,,,,,,,,,
2025-10-07,,,,,,,,,,,,,,,
2025-10-08,,,,,,,,,,,,,,,
2025-10-09,,,,,,,,,,,,,,,
2025-10-10,,,,,,,,,,,,,,,
2025-10-13,,,,,,,,,,,,,,,
2025-10-14,,,,,,,,,,,,,,,
2025-10-15,,,,,,,,,,,,,,,
2025-10-16,,,,,,,,,,,,,,,
2025-10-17,,,,,,,,,,,,,,,
2025-10-20,,,,,,,,,,,,,,,
2025-10-21,,,,,,,,,,,,,,,
2025-10-22,,,,,,,,,,,,,,,
2025-10-23,,,,,,,,,,,,,,,
2025-10-24,,,,,,,,,,,,,,,
2025-10-27,,,,,,,,,,,,,,,
2025-10-28,,,,,,,,,,,,,,,
2025-10-29,,,,,,,,,,,,,,,
2025-10-30,,,,,,,,,,,,,,,
2025-10-31,,,,,,,,,,,,,,,
2025-11-03,,,,,,,,,,,,,,,
2025-11-04,,,,,,,,,,,,,,,
2025-11-05,,,,,,,,,,,,,,,
2025-11-06,,,,,,,,,,,,,,,
2025-11-07,,,,,,,,,,,,,,,
2025-11-10,,,,,,,,,,,,,,,
2025-11-11,,,,,,,,,,,,,,,
2025-11-12,,,,,,,,,,,,,,,
2025-11-13,,,,,,,,,,,,,,,
2025-11-14,,,,,,,,,,,,,,,
2025-11-17,,,,,,,,,,,,,,,
2025-11-18,,,,,,,,,,,,,,,
2025-11-19,,,,,,,,,,,,,,,
2025-11-20,,,,,,,,,,,,,,,
2025-11-21,,,,,,,,,,,,,,,
2025-11-24,,,,,,,,,,,,,,,
2025-11-25,,,,,,,,,,,,,,,
2025-11-26,,,,,,,,,,,,,,,
2025-11-27,,,,,,,,,,,,,,,
2025-11-28,,,,,,,,,,,,,,,
2025-12-01,,,,,,,,,,,,,,,
2025-12-02,,,,,,,,,,,,,,,
2025-12-03,,,,,,,,,,,,,,,
2025-12-04,,,,,,,,,,,,,,,
2025-12-05,,,,,,,,,,,,,,,
2025-12-08,,,,,,,,,,,,,,,
2025-12-09,,,,,,,,,,,,,,,
2025-12-10,,,,,,,,,,,,,,,
2025-12-11,,,,,,,,,,,,,,,
2025-12-12,,,,,,,,,,,,,,,
2025-12-15,,,,,,,,,,,,,,,
2025-12-16,,,,,,,,,,,,,,,
2025-12-17,,,,,,,,,,,,,,,
2025-12-18,,,,,,,,,,,,,,,
2025-12-19,,,,,,,,,,,,,,,
2025-12-22,,,,,,,,,,,,,,,
2025-12-23,,,,,,,,,,,,,,,
2025-12-24,,,,,,,,,,,,,,,
2025-12-25,,,,,,,,,,,,,,,
2025-12-26,47087.1162738498,47651.542116900964,46753.86019267445,47244.706674707035,296273.1118000001,0.0,0.0,47244.706674707035,47087.1162738498,47651.542116900964,46753.86019267445,,,-0.0014794749833924909,0.016022762936614324
2025-12-29,47329.77255198975,47565.60586440166,46822.307037131985,47397.92694697266,248677.22950000004,0.0,0.0,47397.92694697266,47329.77255198975,47565.60586440166,46822.307037131985,0.0028782678052231524,0.0015251582905795834,0.0013531095146435616,0.011697064524562832
2025-12-30,47346.692745126806,47876.22194256965,47067.6052071992,47592.14076669923,254922.7751,2.08,0.0,47592.14076669923,47346.692745126806,47876.22194256965,47067.6052071992,0.004829721134485919,-0.0012507874882582094,0.006080508622744131,0.01694348283487324
2025-12-31,47682.63356740931,48108.805144280544,47368.87383750414,47593.261147558595,216834.7821,0.0,0.0,47593.261147558595,47682.63356740931,48108.805144280544,47368.87383750414,0.0007365114651707531,0.0011253961044940173,-0.0003888846393232831,0.01479218900648871
